2026-09-09 00:53:12,106 INFO dq.pipeline: 21019 judge requests (10519 answers, 10500 traces); 11019 not yet judged, projected ~$25.43
2026-09-09 00:53:12,903 INFO judge: judge batch: 0 to submit, 10000 already judged, 11019 pending
2026-09-09 00:53:13,119 INFO judge: batch msgbatch_01Fy55R91LFKH7qviTBBPLrm: in_progress (processing=3200 succeeded=0 errored=0)
2026-09-09 00:53:13,340 INFO judge: batch msgbatch_012F87GJ3W7Z2sFqx3rfBp4C: in_progress (processing=7819 succeeded=0 errored=0)
2026-09-09 00:54:13,670 INFO judge: batch msgbatch_01Fy55R91LFKH7qviTBBPLrm: in_progress (processing=3200 succeeded=0 errored=0)
2026-09-09 00:54:14,123 INFO judge: batch msgbatch_012F87GJ3W7Z2sFqx3rfBp4C: in_progress (processing=7819 succeeded=0 errored=0)
2026-09-09 00:55:14,464 INFO judge: batch msgbatch_01Fy55R91LFKH7qviTBBPLrm: in_progress (processing=3200 succeeded=0 errored=0)
2026-09-09 00:55:14,704 INFO judge: batch msgbatch_012F87GJ3W7Z2sFqx3rfBp4C: in_progress (processing=7819 succeeded=0 errored=0)
2026-09-09 00:56:15,004 INFO judge: batch msgbatch_01Fy55R91LFKH7qviTBBPLrm: in_progress (processing=3200 succeeded=0 errored=0)
2026-09-09 00:56:15,244 INFO judge: batch msgbatch_012F87GJ3W7Z2sFqx3rfBp4C: in_progress (processing=7819 succeeded=0 errored=0)
2026-09-09 00:57:16,914 INFO judge: batch msgbatch_01Fy55R91LFKH7qviTBBPLrm: in_progress (processing=3200 succeeded=0 errored=0)
2026-09-09 00:57:17,291 INFO judge: batch msgbatch_012F87GJ3W7Z2sFqx3rfBp4C: in_progress (processing=7819 succeeded=0 errored=0)
2026-09-09 00:58:17,652 INFO judge: batch msgbatch_01Fy55R91LFKH7qviTBBPLrm: in_progress (processing=3200 succeeded=0 errored=0)
2026-09-09 00:58:17,960 INFO judge: batch msgbatch_012F87GJ3W7Z2sFqx3rfBp4C: in_progress (processing=7819 succeeded=0 errored=0)
2026-09-09 00:59:18,273 INFO judge: batch msgbatch_01Fy55R91LFKH7qviTBBPLrm: in_progress (processing=3200 succeeded=0 errored=0)
2026-09-09 00:59:19,707 INFO judge: batch msgbatch_012F87GJ3W7Z2sFqx3rfBp4C: in_progress (processing=7819 succeeded=0 errored=0)
2026-09-09 01:00:20,017 INFO judge: batch msgbatch_01Fy55R91LFKH7qviTBBPLrm: in_progress (processing=3200 succeeded=0 errored=0)
2026-09-09 01:00:20,738 INFO judge: batch msgbatch_012F87GJ3W7Z2sFqx3rfBp4C: in_progress (processing=7819 succeeded=0 errored=0)
2026-09-09 01:01:21,040 INFO judge: batch msgbatch_01Fy55R91LFKH7qviTBBPLrm: in_progress (processing=3200 succeeded=0 errored=0)
2026-09-09 01:01:21,743 INFO judge: batch msgbatch_012F87GJ3W7Z2sFqx3rfBp4C: in_progress (processing=7819 succeeded=0 errored=0)
2026-09-09 01:02:22,186 INFO judge: batch msgbatch_01Fy55R91LFKH7qviTBBPLrm: in_progress (processing=3200 succeeded=0 errored=0)
2026-09-09 01:02:22,475 INFO judge: batch msgbatch_012F87GJ3W7Z2sFqx3rfBp4C: in_progress (processing=7819 succeeded=0 errored=0)
2026-09-09 01:03:22,726 INFO judge: batch msgbatch_01Fy55R91LFKH7qviTBBPLrm: in_progress (processing=3200 succeeded=0 errored=0)
2026-09-09 01:03:22,931 INFO judge: batch msgbatch_012F87GJ3W7Z2sFqx3rfBp4C: in_progress (processing=7819 succeeded=0 errored=0)
2026-09-09 01:04:23,426 INFO judge: batch msgbatch_01Fy55R91LFKH7qviTBBPLrm: in_progress (processing=3200 succeeded=0 errored=0)
2026-09-09 01:04:23,755 INFO judge: batch msgbatch_012F87GJ3W7Z2sFqx3rfBp4C: in_progress (processing=7819 succeeded=0 errored=0)
2026-09-09 01:05:24,019 INFO judge: batch msgbatch_01Fy55R91LFKH7qviTBBPLrm: in_progress (processing=3200 succeeded=0 errored=0)
2026-09-09 01:05:24,247 INFO judge: batch msgbatch_012F87GJ3W7Z2sFqx3rfBp4C: in_progress (processing=7819 succeeded=0 errored=0)
2026-09-09 01:06:24,666 INFO judge: batch msgbatch_01Fy55R91LFKH7qviTBBPLrm: in_progress (processing=3200 succeeded=0 errored=0)
2026-09-09 01:06:24,872 INFO judge: batch msgbatch_012F87GJ3W7Z2sFqx3rfBp4C: in_progress (processing=7819 succeeded=0 errored=0)
2026-09-09 01:07:25,184 INFO judge: batch msgbatch_01Fy55R91LFKH7qviTBBPLrm: in_progress (processing=3200 succeeded=0 errored=0)
2026-09-09 01:07:25,465 INFO judge: batch msgbatch_012F87GJ3W7Z2sFqx3rfBp4C: in_progress (processing=7819 succeeded=0 errored=0)
2026-09-09 01:08:25,803 INFO judge: batch msgbatch_01Fy55R91LFKH7qviTBBPLrm: in_progress (processing=3200 succeeded=0 errored=0)
2026-09-09 01:08:26,051 INFO judge: batch msgbatch_012F87GJ3W7Z2sFqx3rfBp4C: in_progress (processing=7819 succeeded=0 errored=0)
2026-09-09 01:09:26,361 INFO judge: batch msgbatch_01Fy55R91LFKH7qviTBBPLrm: in_progress (processing=3200 succeeded=0 errored=0)
2026-09-09 01:09:26,642 INFO judge: batch msgbatch_012F87GJ3W7Z2sFqx3rfBp4C: in_progress (processing=7819 succeeded=0 errored=0)
2026-09-09 01:10:27,046 INFO judge: batch msgbatch_01Fy55R91LFKH7qviTBBPLrm: in_progress (processing=3200 succeeded=0 errored=0)
2026-09-09 01:10:27,352 INFO judge: batch msgbatch_012F87GJ3W7Z2sFqx3rfBp4C: in_progress (processing=7819 succeeded=0 errored=0)
2026-09-09 01:11:27,605 INFO judge: batch msgbatch_01Fy55R91LFKH7qviTBBPLrm: in_progress (processing=3200 succeeded=0 errored=0)
2026-09-09 01:11:27,857 INFO judge: batch msgbatch_012F87GJ3W7Z2sFqx3rfBp4C: in_progress (processing=7819 succeeded=0 errored=0)
2026-09-09 01:12:28,187 INFO judge: batch msgbatch_01Fy55R91LFKH7qviTBBPLrm: in_progress (processing=3200 succeeded=0 errored=0)
2026-09-09 01:12:28,421 INFO judge: batch msgbatch_012F87GJ3W7Z2sFqx3rfBp4C: in_progress (processing=7819 succeeded=0 errored=0)
2026-09-09 01:13:28,713 INFO judge: batch msgbatch_01Fy55R91LFKH7qviTBBPLrm: in_progress (processing=3200 succeeded=0 errored=0)
2026-09-09 01:13:28,969 INFO judge: batch msgbatch_012F87GJ3W7Z2sFqx3rfBp4C: in_progress (processing=7819 succeeded=0 errored=0)
2026-09-09 01:14:29,297 INFO judge: batch msgbatch_01Fy55R91LFKH7qviTBBPLrm: in_progress (processing=3200 succeeded=0 errored=0)
2026-09-09 01:14:29,496 INFO judge: batch msgbatch_012F87GJ3W7Z2sFqx3rfBp4C: in_progress (processing=7819 succeeded=0 errored=0)
2026-09-09 01:15:29,776 INFO judge: batch msgbatch_01Fy55R91LFKH7qviTBBPLrm: in_progress (processing=3200 succeeded=0 errored=0)
2026-09-09 01:15:30,003 INFO judge: batch msgbatch_012F87GJ3W7Z2sFqx3rfBp4C: in_progress (processing=7819 succeeded=0 errored=0)
2026-09-09 01:16:30,463 INFO judge: batch msgbatch_01Fy55R91LFKH7qviTBBPLrm: in_progress (processing=3200 succeeded=0 errored=0)
2026-09-09 01:16:30,691 INFO judge: batch msgbatch_012F87GJ3W7Z2sFqx3rfBp4C: in_progress (processing=7819 succeeded=0 errored=0)
2026-09-09 01:17:30,985 INFO judge: batch msgbatch_01Fy55R91LFKH7qviTBBPLrm: in_progress (processing=3200 succeeded=0 errored=0)
2026-09-09 01:17:31,231 INFO judge: batch msgbatch_012F87GJ3W7Z2sFqx3rfBp4C: in_progress (processing=7819 succeeded=0 errored=0)
2026-09-09 01:18:31,533 INFO judge: batch msgbatch_01Fy55R91LFKH7qviTBBPLrm: in_progress (processing=3200 succeeded=0 errored=0)
2026-09-09 01:18:31,781 INFO judge: batch msgbatch_012F87GJ3W7Z2sFqx3rfBp4C: in_progress (processing=7819 succeeded=0 errored=0)
2026-09-09 01:19:32,226 INFO judge: batch msgbatch_01Fy55R91LFKH7qviTBBPLrm: in_progress (processing=3200 succeeded=0 errored=0)
2026-09-09 01:19:32,441 INFO judge: batch msgbatch_012F87GJ3W7Z2sFqx3rfBp4C: in_progress (processing=7819 succeeded=0 errored=0)
2026-09-09 01:20:32,709 INFO judge: batch msgbatch_01Fy55R91LFKH7qviTBBPLrm: in_progress (processing=3200 succeeded=0 errored=0)
2026-09-09 01:20:33,053 INFO judge: batch msgbatch_012F87GJ3W7Z2sFqx3rfBp4C: in_progress (processing=7819 succeeded=0 errored=0)
2026-09-09 01:21:33,365 INFO judge: batch msgbatch_01Fy55R91LFKH7qviTBBPLrm: in_progress (processing=3200 succeeded=0 errored=0)
2026-09-09 01:21:33,594 INFO judge: batch msgbatch_012F87GJ3W7Z2sFqx3rfBp4C: in_progress (processing=7819 succeeded=0 errored=0)
2026-09-09 01:22:33,835 INFO judge: batch msgbatch_01Fy55R91LFKH7qviTBBPLrm: in_progress (processing=3200 succeeded=0 errored=0)
2026-09-09 01:22:34,067 INFO judge: batch msgbatch_012F87GJ3W7Z2sFqx3rfBp4C: in_progress (processing=7819 succeeded=0 errored=0)
2026-09-09 01:23:34,508 INFO judge: batch msgbatch_01Fy55R91LFKH7qviTBBPLrm: in_progress (processing=3200 succeeded=0 errored=0)
2026-09-09 01:23:34,721 INFO judge: batch msgbatch_012F87GJ3W7Z2sFqx3rfBp4C: in_progress (processing=7819 succeeded=0 errored=0)
2026-09-09 01:24:35,130 INFO judge: batch msgbatch_01Fy55R91LFKH7qviTBBPLrm: in_progress (processing=3200 succeeded=0 errored=0)
2026-09-09 01:24:35,396 INFO judge: batch msgbatch_012F87GJ3W7Z2sFqx3rfBp4C: in_progress (processing=7819 succeeded=0 errored=0)
2026-09-09 01:25:35,715 INFO judge: batch msgbatch_01Fy55R91LFKH7qviTBBPLrm: in_progress (processing=3200 succeeded=0 errored=0)
2026-09-09 01:25:36,064 INFO judge: batch msgbatch_012F87GJ3W7Z2sFqx3rfBp4C: in_progress (processing=7819 succeeded=0 errored=0)
2026-09-09 01:26:36,404 INFO judge: batch msgbatch_01Fy55R91LFKH7qviTBBPLrm: in_progress (processing=3200 succeeded=0 errored=0)
2026-09-09 01:26:36,643 INFO judge: batch msgbatch_012F87GJ3W7Z2sFqx3rfBp4C: in_progress (processing=7819 succeeded=0 errored=0)
2026-09-09 01:27:37,081 INFO judge: batch msgbatch_01Fy55R91LFKH7qviTBBPLrm: in_progress (processing=3200 succeeded=0 errored=0)
2026-09-09 01:27:37,607 INFO judge: batch msgbatch_012F87GJ3W7Z2sFqx3rfBp4C: in_progress (processing=7819 succeeded=0 errored=0)
2026-09-09 01:28:38,127 INFO judge: batch msgbatch_01Fy55R91LFKH7qviTBBPLrm: in_progress (processing=3200 succeeded=0 errored=0)
2026-09-09 01:28:38,535 INFO judge: batch msgbatch_012F87GJ3W7Z2sFqx3rfBp4C: in_progress (processing=7819 succeeded=0 errored=0)
2026-09-09 01:29:38,949 INFO judge: batch msgbatch_01Fy55R91LFKH7qviTBBPLrm: in_progress (processing=3200 succeeded=0 errored=0)
2026-09-09 01:29:39,258 INFO judge: batch msgbatch_012F87GJ3W7Z2sFqx3rfBp4C: in_progress (processing=7819 succeeded=0 errored=0)
2026-09-09 01:30:39,880 INFO judge: batch msgbatch_01Fy55R91LFKH7qviTBBPLrm: in_progress (processing=3200 succeeded=0 errored=0)
2026-09-09 01:30:40,115 INFO judge: batch msgbatch_012F87GJ3W7Z2sFqx3rfBp4C: in_progress (processing=7819 succeeded=0 errored=0)
2026-09-09 01:31:40,604 INFO judge: batch msgbatch_01Fy55R91LFKH7qviTBBPLrm: in_progress (processing=3200 succeeded=0 errored=0)
2026-09-09 01:31:40,908 INFO judge: batch msgbatch_012F87GJ3W7Z2sFqx3rfBp4C: in_progress (processing=7819 succeeded=0 errored=0)
2026-09-09 01:32:41,327 INFO judge: batch msgbatch_01Fy55R91LFKH7qviTBBPLrm: in_progress (processing=3200 succeeded=0 errored=0)
2026-09-09 01:32:41,571 INFO judge: batch msgbatch_012F87GJ3W7Z2sFqx3rfBp4C: in_progress (processing=7819 succeeded=0 errored=0)
2026-09-09 01:33:41,945 INFO judge: batch msgbatch_01Fy55R91LFKH7qviTBBPLrm: in_progress (processing=3200 succeeded=0 errored=0)
2026-09-09 01:33:42,253 INFO judge: batch msgbatch_012F87GJ3W7Z2sFqx3rfBp4C: in_progress (processing=7819 succeeded=0 errored=0)
2026-09-09 01:34:42,670 INFO judge: batch msgbatch_01Fy55R91LFKH7qviTBBPLrm: in_progress (processing=3200 succeeded=0 errored=0)
2026-09-09 01:34:42,880 INFO judge: batch msgbatch_012F87GJ3W7Z2sFqx3rfBp4C: in_progress (processing=7819 succeeded=0 errored=0)
2026-09-09 01:35:43,293 INFO judge: batch msgbatch_01Fy55R91LFKH7qviTBBPLrm: in_progress (processing=3200 succeeded=0 errored=0)
2026-09-09 01:35:43,541 INFO judge: batch msgbatch_012F87GJ3W7Z2sFqx3rfBp4C: in_progress (processing=7819 succeeded=0 errored=0)
2026-09-09 01:36:43,913 INFO judge: batch msgbatch_01Fy55R91LFKH7qviTBBPLrm: in_progress (processing=3200 succeeded=0 errored=0)
2026-09-09 01:36:44,324 INFO judge: batch msgbatch_012F87GJ3W7Z2sFqx3rfBp4C: in_progress (processing=7819 succeeded=0 errored=0)
2026-09-09 01:37:44,638 INFO judge: batch msgbatch_01Fy55R91LFKH7qviTBBPLrm: in_progress (processing=3200 succeeded=0 errored=0)
2026-09-09 01:37:44,874 INFO judge: batch msgbatch_012F87GJ3W7Z2sFqx3rfBp4C: in_progress (processing=7819 succeeded=0 errored=0)
2026-09-09 01:38:45,153 INFO judge: batch msgbatch_01Fy55R91LFKH7qviTBBPLrm: in_progress (processing=3200 succeeded=0 errored=0)
2026-09-09 01:38:45,401 INFO judge: batch msgbatch_012F87GJ3W7Z2sFqx3rfBp4C: in_progress (processing=7819 succeeded=0 errored=0)
2026-09-09 01:39:45,775 INFO judge: batch msgbatch_01Fy55R91LFKH7qviTBBPLrm: in_progress (processing=3200 succeeded=0 errored=0)
2026-09-09 01:39:46,010 INFO judge: batch msgbatch_012F87GJ3W7Z2sFqx3rfBp4C: in_progress (processing=7819 succeeded=0 errored=0)
2026-09-09 01:40:46,395 INFO judge: batch msgbatch_01Fy55R91LFKH7qviTBBPLrm: in_progress (processing=3200 succeeded=0 errored=0)
2026-09-09 01:40:46,617 INFO judge: batch msgbatch_012F87GJ3W7Z2sFqx3rfBp4C: in_progress (processing=7819 succeeded=0 errored=0)
2026-09-09 01:41:46,868 INFO judge: batch msgbatch_01Fy55R91LFKH7qviTBBPLrm: in_progress (processing=3200 succeeded=0 errored=0)
2026-09-09 01:41:47,104 INFO judge: batch msgbatch_012F87GJ3W7Z2sFqx3rfBp4C: in_progress (processing=7819 succeeded=0 errored=0)
2026-09-09 01:42:47,536 INFO judge: batch msgbatch_01Fy55R91LFKH7qviTBBPLrm: in_progress (processing=3200 succeeded=0 errored=0)
2026-09-09 01:42:47,775 INFO judge: batch msgbatch_012F87GJ3W7Z2sFqx3rfBp4C: in_progress (processing=7819 succeeded=0 errored=0)
2026-09-09 01:43:48,258 INFO judge: batch msgbatch_01Fy55R91LFKH7qviTBBPLrm: in_progress (processing=3200 succeeded=0 errored=0)
2026-09-09 01:43:48,773 INFO judge: batch msgbatch_012F87GJ3W7Z2sFqx3rfBp4C: in_progress (processing=7819 succeeded=0 errored=0)
2026-09-09 01:44:49,128 INFO judge: batch msgbatch_01Fy55R91LFKH7qviTBBPLrm: in_progress (processing=3200 succeeded=0 errored=0)
2026-09-09 01:44:49,403 INFO judge: batch msgbatch_012F87GJ3W7Z2sFqx3rfBp4C: in_progress (processing=7819 succeeded=0 errored=0)
2026-09-09 01:45:49,808 INFO judge: batch msgbatch_01Fy55R91LFKH7qviTBBPLrm: in_progress (processing=3200 succeeded=0 errored=0)
2026-09-09 01:45:50,025 INFO judge: batch msgbatch_012F87GJ3W7Z2sFqx3rfBp4C: in_progress (processing=7819 succeeded=0 errored=0)
2026-09-09 01:46:50,329 INFO judge: batch msgbatch_01Fy55R91LFKH7qviTBBPLrm: in_progress (processing=3200 succeeded=0 errored=0)
2026-09-09 01:46:50,549 INFO judge: batch msgbatch_012F87GJ3W7Z2sFqx3rfBp4C: in_progress (processing=7819 succeeded=0 errored=0)
2026-09-09 01:47:50,948 INFO judge: batch msgbatch_01Fy55R91LFKH7qviTBBPLrm: in_progress (processing=3200 succeeded=0 errored=0)
2026-09-09 01:47:51,256 INFO judge: batch msgbatch_012F87GJ3W7Z2sFqx3rfBp4C: in_progress (processing=7819 succeeded=0 errored=0)
2026-09-09 01:48:51,676 INFO judge: batch msgbatch_01Fy55R91LFKH7qviTBBPLrm: in_progress (processing=3200 succeeded=0 errored=0)
2026-09-09 01:48:51,917 INFO judge: batch msgbatch_012F87GJ3W7Z2sFqx3rfBp4C: in_progress (processing=7819 succeeded=0 errored=0)
2026-09-09 01:49:52,293 INFO judge: batch msgbatch_01Fy55R91LFKH7qviTBBPLrm: in_progress (processing=3200 succeeded=0 errored=0)
2026-09-09 01:49:52,507 INFO judge: batch msgbatch_012F87GJ3W7Z2sFqx3rfBp4C: in_progress (processing=7819 succeeded=0 errored=0)
2026-09-09 01:50:52,915 INFO judge: batch msgbatch_01Fy55R91LFKH7qviTBBPLrm: in_progress (processing=3200 succeeded=0 errored=0)
2026-09-09 01:50:53,175 INFO judge: batch msgbatch_012F87GJ3W7Z2sFqx3rfBp4C: in_progress (processing=7819 succeeded=0 errored=0)
2026-09-09 01:51:53,536 INFO judge: batch msgbatch_01Fy55R91LFKH7qviTBBPLrm: in_progress (processing=3200 succeeded=0 errored=0)
2026-09-09 01:51:53,793 INFO judge: batch msgbatch_012F87GJ3W7Z2sFqx3rfBp4C: in_progress (processing=7819 succeeded=0 errored=0)
2026-09-09 01:52:54,156 INFO judge: batch msgbatch_01Fy55R91LFKH7qviTBBPLrm: in_progress (processing=3200 succeeded=0 errored=0)
2026-09-09 01:52:54,343 INFO judge: batch msgbatch_012F87GJ3W7Z2sFqx3rfBp4C: in_progress (processing=7819 succeeded=0 errored=0)
2026-09-09 01:53:54,687 INFO judge: batch msgbatch_01Fy55R91LFKH7qviTBBPLrm: in_progress (processing=3200 succeeded=0 errored=0)
2026-09-09 01:53:54,911 INFO judge: batch msgbatch_012F87GJ3W7Z2sFqx3rfBp4C: in_progress (processing=7819 succeeded=0 errored=0)
2026-09-09 01:54:55,195 INFO judge: batch msgbatch_01Fy55R91LFKH7qviTBBPLrm: in_progress (processing=3200 succeeded=0 errored=0)
2026-09-09 01:54:55,411 INFO judge: batch msgbatch_012F87GJ3W7Z2sFqx3rfBp4C: in_progress (processing=7819 succeeded=0 errored=0)
2026-09-09 01:55:55,816 INFO judge: batch msgbatch_01Fy55R91LFKH7qviTBBPLrm: in_progress (processing=3200 succeeded=0 errored=0)
2026-09-09 01:55:56,019 INFO judge: batch msgbatch_012F87GJ3W7Z2sFqx3rfBp4C: in_progress (processing=7819 succeeded=0 errored=0)
2026-09-09 01:56:56,515 INFO judge: batch msgbatch_01Fy55R91LFKH7qviTBBPLrm: in_progress (processing=3200 succeeded=0 errored=0)
2026-09-09 01:56:56,753 INFO judge: batch msgbatch_012F87GJ3W7Z2sFqx3rfBp4C: in_progress (processing=7819 succeeded=0 errored=0)
2026-09-09 01:57:57,170 INFO judge: batch msgbatch_01Fy55R91LFKH7qviTBBPLrm: in_progress (processing=3200 succeeded=0 errored=0)
2026-09-09 01:57:57,565 INFO judge: batch msgbatch_012F87GJ3W7Z2sFqx3rfBp4C: in_progress (processing=7819 succeeded=0 errored=0)
2026-09-09 01:58:58,087 INFO judge: batch msgbatch_01Fy55R91LFKH7qviTBBPLrm: in_progress (processing=3200 succeeded=0 errored=0)
2026-09-09 01:58:58,317 INFO judge: batch msgbatch_012F87GJ3W7Z2sFqx3rfBp4C: in_progress (processing=7819 succeeded=0 errored=0)
2026-09-09 01:59:58,666 INFO judge: batch msgbatch_01Fy55R91LFKH7qviTBBPLrm: in_progress (processing=3200 succeeded=0 errored=0)
2026-09-09 01:59:58,901 INFO judge: batch msgbatch_012F87GJ3W7Z2sFqx3rfBp4C: in_progress (processing=7819 succeeded=0 errored=0)
2026-09-09 02:00:59,229 INFO judge: batch msgbatch_01Fy55R91LFKH7qviTBBPLrm: in_progress (processing=3200 succeeded=0 errored=0)
2026-09-09 02:00:59,453 INFO judge: batch msgbatch_012F87GJ3W7Z2sFqx3rfBp4C: in_progress (processing=7819 succeeded=0 errored=0)
2026-09-09 02:01:59,735 INFO judge: batch msgbatch_01Fy55R91LFKH7qviTBBPLrm: in_progress (processing=3200 succeeded=0 errored=0)
2026-09-09 02:01:59,962 INFO judge: batch msgbatch_012F87GJ3W7Z2sFqx3rfBp4C: in_progress (processing=7819 succeeded=0 errored=0)
2026-09-09 02:03:00,268 INFO judge: batch msgbatch_01Fy55R91LFKH7qviTBBPLrm: in_progress (processing=3200 succeeded=0 errored=0)
2026-09-09 02:03:00,980 INFO judge: batch msgbatch_012F87GJ3W7Z2sFqx3rfBp4C: in_progress (processing=7819 succeeded=0 errored=0)
2026-09-09 02:04:01,295 INFO judge: batch msgbatch_01Fy55R91LFKH7qviTBBPLrm: in_progress (processing=3200 succeeded=0 errored=0)
2026-09-09 02:04:01,751 INFO judge: batch msgbatch_012F87GJ3W7Z2sFqx3rfBp4C: in_progress (processing=7819 succeeded=0 errored=0)
2026-09-09 02:05:02,167 INFO judge: batch msgbatch_01Fy55R91LFKH7qviTBBPLrm: in_progress (processing=3200 succeeded=0 errored=0)
2026-09-09 02:05:02,530 INFO judge: batch msgbatch_012F87GJ3W7Z2sFqx3rfBp4C: in_progress (processing=7819 succeeded=0 errored=0)
2026-09-09 02:06:02,824 INFO judge: batch msgbatch_01Fy55R91LFKH7qviTBBPLrm: in_progress (processing=3200 succeeded=0 errored=0)
2026-09-09 02:06:03,059 INFO judge: batch msgbatch_012F87GJ3W7Z2sFqx3rfBp4C: in_progress (processing=7819 succeeded=0 errored=0)
2026-09-09 02:07:03,515 INFO judge: batch msgbatch_01Fy55R91LFKH7qviTBBPLrm: in_progress (processing=3200 succeeded=0 errored=0)
2026-09-09 02:07:03,772 INFO judge: batch msgbatch_012F87GJ3W7Z2sFqx3rfBp4C: in_progress (processing=7819 succeeded=0 errored=0)
2026-09-09 02:08:04,128 INFO judge: batch msgbatch_01Fy55R91LFKH7qviTBBPLrm: in_progress (processing=3200 succeeded=0 errored=0)
2026-09-09 02:08:04,740 INFO judge: batch msgbatch_012F87GJ3W7Z2sFqx3rfBp4C: in_progress (processing=7819 succeeded=0 errored=0)
2026-09-09 02:09:05,088 INFO judge: batch msgbatch_01Fy55R91LFKH7qviTBBPLrm: in_progress (processing=3200 succeeded=0 errored=0)
2026-09-09 02:09:05,338 INFO judge: batch msgbatch_012F87GJ3W7Z2sFqx3rfBp4C: in_progress (processing=7819 succeeded=0 errored=0)
2026-09-09 02:10:05,695 INFO judge: batch msgbatch_01Fy55R91LFKH7qviTBBPLrm: in_progress (processing=3200 succeeded=0 errored=0)
2026-09-09 02:10:06,294 INFO judge: batch msgbatch_012F87GJ3W7Z2sFqx3rfBp4C: in_progress (processing=7819 succeeded=0 errored=0)
2026-09-09 02:11:06,666 INFO judge: batch msgbatch_01Fy55R91LFKH7qviTBBPLrm: in_progress (processing=3200 succeeded=0 errored=0)
2026-09-09 02:11:06,920 INFO judge: batch msgbatch_012F87GJ3W7Z2sFqx3rfBp4C: in_progress (processing=7819 succeeded=0 errored=0)
2026-09-09 02:12:07,288 INFO judge: batch msgbatch_01Fy55R91LFKH7qviTBBPLrm: in_progress (processing=3200 succeeded=0 errored=0)
2026-09-09 02:12:07,595 INFO judge: batch msgbatch_012F87GJ3W7Z2sFqx3rfBp4C: in_progress (processing=7819 succeeded=0 errored=0)
2026-09-09 02:13:07,908 INFO judge: batch msgbatch_01Fy55R91LFKH7qviTBBPLrm: in_progress (processing=3200 succeeded=0 errored=0)
2026-09-09 02:13:08,319 INFO judge: batch msgbatch_012F87GJ3W7Z2sFqx3rfBp4C: in_progress (processing=7819 succeeded=0 errored=0)
2026-09-09 02:14:08,838 INFO judge: batch msgbatch_01Fy55R91LFKH7qviTBBPLrm: in_progress (processing=3200 succeeded=0 errored=0)
2026-09-09 02:14:09,146 INFO judge: batch msgbatch_012F87GJ3W7Z2sFqx3rfBp4C: in_progress (processing=7819 succeeded=0 errored=0)
2026-09-09 02:15:09,410 INFO judge: batch msgbatch_01Fy55R91LFKH7qviTBBPLrm: in_progress (processing=3200 succeeded=0 errored=0)
2026-09-09 02:15:09,618 INFO judge: batch msgbatch_012F87GJ3W7Z2sFqx3rfBp4C: in_progress (processing=7819 succeeded=0 errored=0)
2026-09-09 02:16:09,993 INFO judge: batch msgbatch_01Fy55R91LFKH7qviTBBPLrm: in_progress (processing=3200 succeeded=0 errored=0)
2026-09-09 02:16:10,227 INFO judge: batch msgbatch_012F87GJ3W7Z2sFqx3rfBp4C: in_progress (processing=7819 succeeded=0 errored=0)
2026-09-09 02:17:10,596 INFO judge: batch msgbatch_01Fy55R91LFKH7qviTBBPLrm: in_progress (processing=3200 succeeded=0 errored=0)
2026-09-09 02:17:11,518 INFO judge: batch msgbatch_012F87GJ3W7Z2sFqx3rfBp4C: in_progress (processing=7819 succeeded=0 errored=0)
2026-09-09 02:18:11,937 INFO judge: batch msgbatch_01Fy55R91LFKH7qviTBBPLrm: in_progress (processing=3200 succeeded=0 errored=0)
2026-09-09 02:18:12,243 INFO judge: batch msgbatch_012F87GJ3W7Z2sFqx3rfBp4C: in_progress (processing=7819 succeeded=0 errored=0)
2026-09-09 02:19:12,761 INFO judge: batch msgbatch_01Fy55R91LFKH7qviTBBPLrm: in_progress (processing=3200 succeeded=0 errored=0)
2026-09-09 02:19:12,988 INFO judge: batch msgbatch_012F87GJ3W7Z2sFqx3rfBp4C: in_progress (processing=7819 succeeded=0 errored=0)
2026-09-09 02:20:15,023 INFO judge: batch msgbatch_01Fy55R91LFKH7qviTBBPLrm: in_progress (processing=3200 succeeded=0 errored=0)
2026-09-09 02:20:15,326 INFO judge: batch msgbatch_012F87GJ3W7Z2sFqx3rfBp4C: in_progress (processing=7819 succeeded=0 errored=0)
2026-09-09 02:21:15,743 INFO judge: batch msgbatch_01Fy55R91LFKH7qviTBBPLrm: in_progress (processing=3200 succeeded=0 errored=0)
2026-09-09 02:21:15,999 INFO judge: batch msgbatch_012F87GJ3W7Z2sFqx3rfBp4C: in_progress (processing=7819 succeeded=0 errored=0)
2026-09-09 02:22:16,367 INFO judge: batch msgbatch_01Fy55R91LFKH7qviTBBPLrm: in_progress (processing=3200 succeeded=0 errored=0)
2026-09-09 02:22:16,775 INFO judge: batch msgbatch_012F87GJ3W7Z2sFqx3rfBp4C: in_progress (processing=7819 succeeded=0 errored=0)
2026-09-09 02:23:17,068 INFO judge: batch msgbatch_01Fy55R91LFKH7qviTBBPLrm: in_progress (processing=3200 succeeded=0 errored=0)
2026-09-09 02:23:17,310 INFO judge: batch msgbatch_012F87GJ3W7Z2sFqx3rfBp4C: in_progress (processing=7819 succeeded=0 errored=0)
2026-09-09 02:24:17,682 INFO judge: batch msgbatch_01Fy55R91LFKH7qviTBBPLrm: in_progress (processing=3200 succeeded=0 errored=0)
2026-09-09 02:24:18,001 INFO judge: batch msgbatch_012F87GJ3W7Z2sFqx3rfBp4C: in_progress (processing=7819 succeeded=0 errored=0)
2026-09-09 02:25:18,332 INFO judge: batch msgbatch_01Fy55R91LFKH7qviTBBPLrm: in_progress (processing=3200 succeeded=0 errored=0)
2026-09-09 02:25:18,638 INFO judge: batch msgbatch_012F87GJ3W7Z2sFqx3rfBp4C: in_progress (processing=7819 succeeded=0 errored=0)
2026-09-09 02:26:19,053 INFO judge: batch msgbatch_01Fy55R91LFKH7qviTBBPLrm: in_progress (processing=3200 succeeded=0 errored=0)
2026-09-09 02:26:19,266 INFO judge: batch msgbatch_012F87GJ3W7Z2sFqx3rfBp4C: in_progress (processing=7819 succeeded=0 errored=0)
2026-09-09 02:27:19,775 INFO judge: batch msgbatch_01Fy55R91LFKH7qviTBBPLrm: in_progress (processing=3200 succeeded=0 errored=0)
2026-09-09 02:27:20,186 INFO judge: batch msgbatch_012F87GJ3W7Z2sFqx3rfBp4C: in_progress (processing=7819 succeeded=0 errored=0)
2026-09-09 02:28:20,599 INFO judge: batch msgbatch_01Fy55R91LFKH7qviTBBPLrm: in_progress (processing=3200 succeeded=0 errored=0)
2026-09-09 02:28:20,802 INFO judge: batch msgbatch_012F87GJ3W7Z2sFqx3rfBp4C: in_progress (processing=7819 succeeded=0 errored=0)
2026-09-09 02:29:21,112 INFO judge: batch msgbatch_01Fy55R91LFKH7qviTBBPLrm: in_progress (processing=3200 succeeded=0 errored=0)
2026-09-09 02:29:21,334 INFO judge: batch msgbatch_012F87GJ3W7Z2sFqx3rfBp4C: in_progress (processing=7819 succeeded=0 errored=0)
2026-09-09 02:30:21,742 INFO judge: batch msgbatch_01Fy55R91LFKH7qviTBBPLrm: in_progress (processing=3200 succeeded=0 errored=0)
2026-09-09 02:30:22,256 INFO judge: batch msgbatch_012F87GJ3W7Z2sFqx3rfBp4C: in_progress (processing=7819 succeeded=0 errored=0)
2026-09-09 02:31:22,568 INFO judge: batch msgbatch_01Fy55R91LFKH7qviTBBPLrm: in_progress (processing=3200 succeeded=0 errored=0)
2026-09-09 02:31:22,807 INFO judge: batch msgbatch_012F87GJ3W7Z2sFqx3rfBp4C: in_progress (processing=7819 succeeded=0 errored=0)
2026-09-09 02:32:23,189 INFO judge: batch msgbatch_01Fy55R91LFKH7qviTBBPLrm: in_progress (processing=3200 succeeded=0 errored=0)
2026-09-09 02:32:23,598 INFO judge: batch msgbatch_012F87GJ3W7Z2sFqx3rfBp4C: in_progress (processing=7819 succeeded=0 errored=0)
2026-09-09 02:33:23,915 INFO judge: batch msgbatch_01Fy55R91LFKH7qviTBBPLrm: in_progress (processing=3200 succeeded=0 errored=0)
2026-09-09 02:33:24,323 INFO judge: batch msgbatch_012F87GJ3W7Z2sFqx3rfBp4C: in_progress (processing=7819 succeeded=0 errored=0)
2026-09-09 02:34:24,751 INFO judge: batch msgbatch_01Fy55R91LFKH7qviTBBPLrm: in_progress (processing=3200 succeeded=0 errored=0)
2026-09-09 02:34:25,159 INFO judge: batch msgbatch_012F87GJ3W7Z2sFqx3rfBp4C: in_progress (processing=7819 succeeded=0 errored=0)
2026-09-09 02:35:25,485 INFO judge: batch msgbatch_01Fy55R91LFKH7qviTBBPLrm: in_progress (processing=3200 succeeded=0 errored=0)
2026-09-09 02:35:25,718 INFO judge: batch msgbatch_012F87GJ3W7Z2sFqx3rfBp4C: in_progress (processing=7819 succeeded=0 errored=0)
2026-09-09 02:36:26,108 INFO judge: batch msgbatch_01Fy55R91LFKH7qviTBBPLrm: in_progress (processing=3200 succeeded=0 errored=0)
2026-09-09 02:36:26,416 INFO judge: batch msgbatch_012F87GJ3W7Z2sFqx3rfBp4C: in_progress (processing=7819 succeeded=0 errored=0)
2026-09-09 02:37:26,935 INFO judge: batch msgbatch_01Fy55R91LFKH7qviTBBPLrm: in_progress (processing=3200 succeeded=0 errored=0)
2026-09-09 02:37:27,344 INFO judge: batch msgbatch_012F87GJ3W7Z2sFqx3rfBp4C: in_progress (processing=7819 succeeded=0 errored=0)
2026-09-09 02:38:27,664 INFO judge: batch msgbatch_01Fy55R91LFKH7qviTBBPLrm: in_progress (processing=3200 succeeded=0 errored=0)
2026-09-09 02:38:28,067 INFO judge: batch msgbatch_012F87GJ3W7Z2sFqx3rfBp4C: in_progress (processing=7819 succeeded=0 errored=0)
2026-09-09 02:39:28,484 INFO judge: batch msgbatch_01Fy55R91LFKH7qviTBBPLrm: in_progress (processing=3200 succeeded=0 errored=0)
2026-09-09 02:39:28,790 INFO judge: batch msgbatch_012F87GJ3W7Z2sFqx3rfBp4C: in_progress (processing=7819 succeeded=0 errored=0)
2026-09-09 02:40:29,065 INFO judge: batch msgbatch_01Fy55R91LFKH7qviTBBPLrm: in_progress (processing=3200 succeeded=0 errored=0)
2026-09-09 02:40:29,349 INFO judge: batch msgbatch_012F87GJ3W7Z2sFqx3rfBp4C: in_progress (processing=7819 succeeded=0 errored=0)
2026-09-09 02:41:29,725 INFO judge: batch msgbatch_01Fy55R91LFKH7qviTBBPLrm: in_progress (processing=3200 succeeded=0 errored=0)
2026-09-09 02:41:29,992 INFO judge: batch msgbatch_012F87GJ3W7Z2sFqx3rfBp4C: in_progress (processing=7819 succeeded=0 errored=0)
2026-09-09 02:42:30,267 INFO judge: batch msgbatch_01Fy55R91LFKH7qviTBBPLrm: in_progress (processing=3200 succeeded=0 errored=0)
2026-09-09 02:42:30,761 INFO judge: batch msgbatch_012F87GJ3W7Z2sFqx3rfBp4C: in_progress (processing=7819 succeeded=0 errored=0)
2026-09-09 02:43:31,072 INFO judge: batch msgbatch_01Fy55R91LFKH7qviTBBPLrm: in_progress (processing=3200 succeeded=0 errored=0)
2026-09-09 02:43:31,482 INFO judge: batch msgbatch_012F87GJ3W7Z2sFqx3rfBp4C: in_progress (processing=7819 succeeded=0 errored=0)
2026-09-09 02:44:31,796 INFO judge: batch msgbatch_01Fy55R91LFKH7qviTBBPLrm: in_progress (processing=3200 succeeded=0 errored=0)
2026-09-09 02:44:32,003 INFO judge: batch msgbatch_012F87GJ3W7Z2sFqx3rfBp4C: in_progress (processing=7819 succeeded=0 errored=0)
2026-09-09 02:45:32,420 INFO judge: batch msgbatch_01Fy55R91LFKH7qviTBBPLrm: in_progress (processing=3200 succeeded=0 errored=0)
2026-09-09 02:45:32,651 INFO judge: batch msgbatch_012F87GJ3W7Z2sFqx3rfBp4C: in_progress (processing=7819 succeeded=0 errored=0)
2026-09-09 02:46:32,928 INFO judge: batch msgbatch_01Fy55R91LFKH7qviTBBPLrm: in_progress (processing=3200 succeeded=0 errored=0)
2026-09-09 02:46:33,219 INFO judge: batch msgbatch_012F87GJ3W7Z2sFqx3rfBp4C: in_progress (processing=7819 succeeded=0 errored=0)
2026-09-09 02:47:33,489 INFO judge: batch msgbatch_01Fy55R91LFKH7qviTBBPLrm: in_progress (processing=3200 succeeded=0 errored=0)
2026-09-09 02:47:33,768 INFO judge: batch msgbatch_012F87GJ3W7Z2sFqx3rfBp4C: in_progress (processing=7819 succeeded=0 errored=0)
2026-09-09 02:48:34,054 INFO judge: batch msgbatch_01Fy55R91LFKH7qviTBBPLrm: in_progress (processing=3200 succeeded=0 errored=0)
2026-09-09 02:48:34,388 INFO judge: batch msgbatch_012F87GJ3W7Z2sFqx3rfBp4C: in_progress (processing=7819 succeeded=0 errored=0)
2026-09-09 02:49:34,710 INFO judge: batch msgbatch_01Fy55R91LFKH7qviTBBPLrm: in_progress (processing=3200 succeeded=0 errored=0)
2026-09-09 02:49:34,942 INFO judge: batch msgbatch_012F87GJ3W7Z2sFqx3rfBp4C: in_progress (processing=7819 succeeded=0 errored=0)
2026-09-09 02:50:35,321 INFO judge: batch msgbatch_01Fy55R91LFKH7qviTBBPLrm: in_progress (processing=3200 succeeded=0 errored=0)
2026-09-09 02:50:35,543 INFO judge: batch msgbatch_012F87GJ3W7Z2sFqx3rfBp4C: in_progress (processing=7819 succeeded=0 errored=0)
2026-09-09 02:51:35,945 INFO judge: batch msgbatch_01Fy55R91LFKH7qviTBBPLrm: in_progress (processing=3200 succeeded=0 errored=0)
2026-09-09 02:51:36,172 INFO judge: batch msgbatch_012F87GJ3W7Z2sFqx3rfBp4C: in_progress (processing=7819 succeeded=0 errored=0)
2026-09-09 02:52:36,569 INFO judge: batch msgbatch_01Fy55R91LFKH7qviTBBPLrm: in_progress (processing=3200 succeeded=0 errored=0)
2026-09-09 02:52:36,803 INFO judge: batch msgbatch_012F87GJ3W7Z2sFqx3rfBp4C: in_progress (processing=7819 succeeded=0 errored=0)
2026-09-09 02:53:37,187 INFO judge: batch msgbatch_01Fy55R91LFKH7qviTBBPLrm: in_progress (processing=3200 succeeded=0 errored=0)
2026-09-09 02:53:37,385 INFO judge: batch msgbatch_012F87GJ3W7Z2sFqx3rfBp4C: in_progress (processing=7819 succeeded=0 errored=0)
2026-09-09 02:54:37,708 INFO judge: batch msgbatch_01Fy55R91LFKH7qviTBBPLrm: in_progress (processing=3200 succeeded=0 errored=0)
2026-09-09 02:54:37,965 INFO judge: batch msgbatch_012F87GJ3W7Z2sFqx3rfBp4C: in_progress (processing=7819 succeeded=0 errored=0)
2026-09-09 02:55:38,241 INFO judge: batch msgbatch_01Fy55R91LFKH7qviTBBPLrm: in_progress (processing=3200 succeeded=0 errored=0)
2026-09-09 02:55:38,637 INFO judge: batch msgbatch_012F87GJ3W7Z2sFqx3rfBp4C: in_progress (processing=7819 succeeded=0 errored=0)
2026-09-09 02:56:38,947 INFO judge: batch msgbatch_01Fy55R91LFKH7qviTBBPLrm: in_progress (processing=3200 succeeded=0 errored=0)
2026-09-09 02:56:39,181 INFO judge: batch msgbatch_012F87GJ3W7Z2sFqx3rfBp4C: in_progress (processing=7819 succeeded=0 errored=0)
2026-09-09 02:57:39,445 INFO judge: batch msgbatch_01Fy55R91LFKH7qviTBBPLrm: in_progress (processing=3200 succeeded=0 errored=0)
2026-09-09 02:57:39,676 INFO judge: batch msgbatch_012F87GJ3W7Z2sFqx3rfBp4C: in_progress (processing=7819 succeeded=0 errored=0)
2026-09-09 02:58:40,091 INFO judge: batch msgbatch_01Fy55R91LFKH7qviTBBPLrm: in_progress (processing=3200 succeeded=0 errored=0)
2026-09-09 02:58:40,319 INFO judge: batch msgbatch_012F87GJ3W7Z2sFqx3rfBp4C: in_progress (processing=7819 succeeded=0 errored=0)
2026-09-09 02:59:40,815 INFO judge: batch msgbatch_01Fy55R91LFKH7qviTBBPLrm: in_progress (processing=3200 succeeded=0 errored=0)
2026-09-09 02:59:41,225 INFO judge: batch msgbatch_012F87GJ3W7Z2sFqx3rfBp4C: in_progress (processing=7819 succeeded=0 errored=0)
2026-09-09 03:00:41,638 INFO judge: batch msgbatch_01Fy55R91LFKH7qviTBBPLrm: in_progress (processing=3200 succeeded=0 errored=0)
2026-09-09 03:00:42,151 INFO judge: batch msgbatch_012F87GJ3W7Z2sFqx3rfBp4C: in_progress (processing=7819 succeeded=0 errored=0)
2026-09-09 03:01:42,569 INFO judge: batch msgbatch_01Fy55R91LFKH7qviTBBPLrm: in_progress (processing=3200 succeeded=0 errored=0)
2026-09-09 03:01:42,772 INFO judge: batch msgbatch_012F87GJ3W7Z2sFqx3rfBp4C: in_progress (processing=7819 succeeded=0 errored=0)
2026-09-09 03:02:43,087 INFO judge: batch msgbatch_01Fy55R91LFKH7qviTBBPLrm: in_progress (processing=3200 succeeded=0 errored=0)
2026-09-09 03:02:43,361 INFO judge: batch msgbatch_012F87GJ3W7Z2sFqx3rfBp4C: in_progress (processing=7819 succeeded=0 errored=0)
2026-09-09 03:03:43,692 INFO judge: batch msgbatch_01Fy55R91LFKH7qviTBBPLrm: in_progress (processing=3200 succeeded=0 errored=0)
2026-09-09 03:03:43,939 INFO judge: batch msgbatch_012F87GJ3W7Z2sFqx3rfBp4C: in_progress (processing=7819 succeeded=0 errored=0)
2026-09-09 03:04:44,331 INFO judge: batch msgbatch_01Fy55R91LFKH7qviTBBPLrm: in_progress (processing=3200 succeeded=0 errored=0)
2026-09-09 03:04:44,584 INFO judge: batch msgbatch_012F87GJ3W7Z2sFqx3rfBp4C: in_progress (processing=7819 succeeded=0 errored=0)
2026-09-09 03:05:45,059 INFO judge: batch msgbatch_01Fy55R91LFKH7qviTBBPLrm: in_progress (processing=3200 succeeded=0 errored=0)
2026-09-09 03:05:45,291 INFO judge: batch msgbatch_012F87GJ3W7Z2sFqx3rfBp4C: in_progress (processing=7819 succeeded=0 errored=0)
2026-09-09 03:06:45,586 INFO judge: batch msgbatch_01Fy55R91LFKH7qviTBBPLrm: in_progress (processing=3200 succeeded=0 errored=0)
2026-09-09 03:06:45,819 INFO judge: batch msgbatch_012F87GJ3W7Z2sFqx3rfBp4C: in_progress (processing=7819 succeeded=0 errored=0)
2026-09-09 03:07:46,194 INFO judge: batch msgbatch_01Fy55R91LFKH7qviTBBPLrm: in_progress (processing=3200 succeeded=0 errored=0)
2026-09-09 03:07:46,407 INFO judge: batch msgbatch_012F87GJ3W7Z2sFqx3rfBp4C: in_progress (processing=7819 succeeded=0 errored=0)
2026-09-09 03:08:46,691 INFO judge: batch msgbatch_01Fy55R91LFKH7qviTBBPLrm: in_progress (processing=3200 succeeded=0 errored=0)
2026-09-09 03:08:46,977 INFO judge: batch msgbatch_012F87GJ3W7Z2sFqx3rfBp4C: in_progress (processing=7819 succeeded=0 errored=0)
2026-09-09 03:09:47,311 INFO judge: batch msgbatch_01Fy55R91LFKH7qviTBBPLrm: in_progress (processing=3200 succeeded=0 errored=0)
2026-09-09 03:09:47,645 INFO judge: batch msgbatch_012F87GJ3W7Z2sFqx3rfBp4C: in_progress (processing=7819 succeeded=0 errored=0)
2026-09-09 03:10:48,009 INFO judge: batch msgbatch_01Fy55R91LFKH7qviTBBPLrm: in_progress (processing=3200 succeeded=0 errored=0)
2026-09-09 03:10:48,376 INFO judge: batch msgbatch_012F87GJ3W7Z2sFqx3rfBp4C: in_progress (processing=7819 succeeded=0 errored=0)
2026-09-09 03:11:48,773 INFO judge: batch msgbatch_01Fy55R91LFKH7qviTBBPLrm: in_progress (processing=3200 succeeded=0 errored=0)
2026-09-09 03:11:49,025 INFO judge: batch msgbatch_012F87GJ3W7Z2sFqx3rfBp4C: in_progress (processing=7819 succeeded=0 errored=0)
2026-09-09 03:12:49,325 INFO judge: batch msgbatch_01Fy55R91LFKH7qviTBBPLrm: in_progress (processing=3200 succeeded=0 errored=0)
2026-09-09 03:12:49,540 INFO judge: batch msgbatch_012F87GJ3W7Z2sFqx3rfBp4C: in_progress (processing=7819 succeeded=0 errored=0)
2026-09-09 03:13:49,816 INFO judge: batch msgbatch_01Fy55R91LFKH7qviTBBPLrm: in_progress (processing=3200 succeeded=0 errored=0)
2026-09-09 03:13:50,117 INFO judge: batch msgbatch_012F87GJ3W7Z2sFqx3rfBp4C: in_progress (processing=7819 succeeded=0 errored=0)
2026-09-09 03:14:50,430 INFO judge: batch msgbatch_01Fy55R91LFKH7qviTBBPLrm: in_progress (processing=3200 succeeded=0 errored=0)
2026-09-09 03:14:50,684 INFO judge: batch msgbatch_012F87GJ3W7Z2sFqx3rfBp4C: in_progress (processing=7819 succeeded=0 errored=0)
2026-09-09 03:15:50,993 INFO judge: batch msgbatch_01Fy55R91LFKH7qviTBBPLrm: in_progress (processing=3200 succeeded=0 errored=0)
2026-09-09 03:15:51,613 INFO judge: batch msgbatch_012F87GJ3W7Z2sFqx3rfBp4C: in_progress (processing=7819 succeeded=0 errored=0)
2026-09-09 03:16:51,917 INFO judge: batch msgbatch_01Fy55R91LFKH7qviTBBPLrm: in_progress (processing=3200 succeeded=0 errored=0)
2026-09-09 03:16:52,152 INFO judge: batch msgbatch_012F87GJ3W7Z2sFqx3rfBp4C: in_progress (processing=7819 succeeded=0 errored=0)
2026-09-09 03:17:52,423 INFO judge: batch msgbatch_01Fy55R91LFKH7qviTBBPLrm: in_progress (processing=3200 succeeded=0 errored=0)
2026-09-09 03:17:52,636 INFO judge: batch msgbatch_012F87GJ3W7Z2sFqx3rfBp4C: in_progress (processing=7819 succeeded=0 errored=0)
2026-09-09 03:18:52,944 INFO judge: batch msgbatch_01Fy55R91LFKH7qviTBBPLrm: in_progress (processing=3200 succeeded=0 errored=0)
2026-09-09 03:18:53,326 INFO judge: batch msgbatch_012F87GJ3W7Z2sFqx3rfBp4C: in_progress (processing=7819 succeeded=0 errored=0)
2026-09-09 03:19:53,745 INFO judge: batch msgbatch_01Fy55R91LFKH7qviTBBPLrm: in_progress (processing=3200 succeeded=0 errored=0)
2026-09-09 03:19:54,051 INFO judge: batch msgbatch_012F87GJ3W7Z2sFqx3rfBp4C: in_progress (processing=7819 succeeded=0 errored=0)
2026-09-09 03:20:54,469 INFO judge: batch msgbatch_01Fy55R91LFKH7qviTBBPLrm: in_progress (processing=3200 succeeded=0 errored=0)
2026-09-09 03:20:54,670 INFO judge: batch msgbatch_012F87GJ3W7Z2sFqx3rfBp4C: in_progress (processing=7819 succeeded=0 errored=0)
2026-09-09 03:21:54,929 INFO judge: batch msgbatch_01Fy55R91LFKH7qviTBBPLrm: in_progress (processing=3200 succeeded=0 errored=0)
2026-09-09 03:21:55,164 INFO judge: batch msgbatch_012F87GJ3W7Z2sFqx3rfBp4C: in_progress (processing=7819 succeeded=0 errored=0)
2026-09-09 03:22:55,457 INFO judge: batch msgbatch_01Fy55R91LFKH7qviTBBPLrm: in_progress (processing=3200 succeeded=0 errored=0)
2026-09-09 03:22:55,811 INFO judge: batch msgbatch_012F87GJ3W7Z2sFqx3rfBp4C: in_progress (processing=7819 succeeded=0 errored=0)
2026-09-09 03:23:56,189 INFO judge: batch msgbatch_01Fy55R91LFKH7qviTBBPLrm: in_progress (processing=3200 succeeded=0 errored=0)
2026-09-09 03:23:56,431 INFO judge: batch msgbatch_012F87GJ3W7Z2sFqx3rfBp4C: in_progress (processing=7819 succeeded=0 errored=0)
2026-09-09 03:24:56,777 INFO judge: batch msgbatch_01Fy55R91LFKH7qviTBBPLrm: in_progress (processing=3200 succeeded=0 errored=0)
2026-09-09 03:24:57,132 INFO judge: batch msgbatch_012F87GJ3W7Z2sFqx3rfBp4C: in_progress (processing=7819 succeeded=0 errored=0)
2026-09-09 03:25:57,431 INFO judge: batch msgbatch_01Fy55R91LFKH7qviTBBPLrm: in_progress (processing=3200 succeeded=0 errored=0)
2026-09-09 03:25:57,983 INFO judge: batch msgbatch_012F87GJ3W7Z2sFqx3rfBp4C: in_progress (processing=7819 succeeded=0 errored=0)
2026-09-09 03:26:58,239 INFO judge: batch msgbatch_01Fy55R91LFKH7qviTBBPLrm: in_progress (processing=3200 succeeded=0 errored=0)
2026-09-09 03:26:58,461 INFO judge: batch msgbatch_012F87GJ3W7Z2sFqx3rfBp4C: in_progress (processing=7819 succeeded=0 errored=0)
2026-09-09 03:27:58,700 INFO judge: batch msgbatch_01Fy55R91LFKH7qviTBBPLrm: in_progress (processing=3200 succeeded=0 errored=0)
2026-09-09 03:27:58,936 INFO judge: batch msgbatch_012F87GJ3W7Z2sFqx3rfBp4C: in_progress (processing=7819 succeeded=0 errored=0)
2026-09-09 03:28:59,334 INFO judge: batch msgbatch_01Fy55R91LFKH7qviTBBPLrm: in_progress (processing=3200 succeeded=0 errored=0)
2026-09-09 03:29:00,290 INFO judge: batch msgbatch_012F87GJ3W7Z2sFqx3rfBp4C: in_progress (processing=7819 succeeded=0 errored=0)
2026-09-09 03:30:00,987 INFO judge: batch msgbatch_01Fy55R91LFKH7qviTBBPLrm: in_progress (processing=3200 succeeded=0 errored=0)
2026-09-09 03:30:01,262 INFO judge: batch msgbatch_012F87GJ3W7Z2sFqx3rfBp4C: in_progress (processing=7819 succeeded=0 errored=0)
2026-09-09 03:31:01,542 INFO judge: batch msgbatch_01Fy55R91LFKH7qviTBBPLrm: in_progress (processing=3200 succeeded=0 errored=0)
2026-09-09 03:31:01,811 INFO judge: batch msgbatch_012F87GJ3W7Z2sFqx3rfBp4C: in_progress (processing=7819 succeeded=0 errored=0)
2026-09-09 03:32:02,067 INFO judge: batch msgbatch_01Fy55R91LFKH7qviTBBPLrm: in_progress (processing=3200 succeeded=0 errored=0)
2026-09-09 03:32:02,293 INFO judge: batch msgbatch_012F87GJ3W7Z2sFqx3rfBp4C: in_progress (processing=7819 succeeded=0 errored=0)
2026-09-09 03:33:02,539 INFO judge: batch msgbatch_01Fy55R91LFKH7qviTBBPLrm: in_progress (processing=3200 succeeded=0 errored=0)
2026-09-09 03:33:02,764 INFO judge: batch msgbatch_012F87GJ3W7Z2sFqx3rfBp4C: in_progress (processing=7819 succeeded=0 errored=0)
2026-09-09 03:34:03,156 INFO judge: batch msgbatch_01Fy55R91LFKH7qviTBBPLrm: in_progress (processing=3200 succeeded=0 errored=0)
2026-09-09 03:34:03,567 INFO judge: batch msgbatch_012F87GJ3W7Z2sFqx3rfBp4C: in_progress (processing=7819 succeeded=0 errored=0)
2026-09-09 03:35:03,879 INFO judge: batch msgbatch_01Fy55R91LFKH7qviTBBPLrm: in_progress (processing=3200 succeeded=0 errored=0)
2026-09-09 03:35:04,293 INFO judge: batch msgbatch_012F87GJ3W7Z2sFqx3rfBp4C: in_progress (processing=7819 succeeded=0 errored=0)
2026-09-09 03:36:04,539 INFO judge: batch msgbatch_01Fy55R91LFKH7qviTBBPLrm: in_progress (processing=3200 succeeded=0 errored=0)
2026-09-09 03:36:05,117 INFO judge: batch msgbatch_012F87GJ3W7Z2sFqx3rfBp4C: in_progress (processing=7819 succeeded=0 errored=0)
2026-09-09 03:37:05,355 INFO judge: batch msgbatch_01Fy55R91LFKH7qviTBBPLrm: in_progress (processing=3200 succeeded=0 errored=0)
2026-09-09 03:37:05,579 INFO judge: batch msgbatch_012F87GJ3W7Z2sFqx3rfBp4C: in_progress (processing=7819 succeeded=0 errored=0)
2026-09-09 03:38:05,949 INFO judge: batch msgbatch_01Fy55R91LFKH7qviTBBPLrm: in_progress (processing=3200 succeeded=0 errored=0)
2026-09-09 03:38:06,359 INFO judge: batch msgbatch_012F87GJ3W7Z2sFqx3rfBp4C: in_progress (processing=7819 succeeded=0 errored=0)
2026-09-09 03:39:06,665 INFO judge: batch msgbatch_01Fy55R91LFKH7qviTBBPLrm: in_progress (processing=3200 succeeded=0 errored=0)
2026-09-09 03:39:06,910 INFO judge: batch msgbatch_012F87GJ3W7Z2sFqx3rfBp4C: in_progress (processing=7819 succeeded=0 errored=0)
2026-09-09 03:40:07,295 INFO judge: batch msgbatch_01Fy55R91LFKH7qviTBBPLrm: in_progress (processing=3200 succeeded=0 errored=0)
2026-09-09 03:40:07,601 INFO judge: batch msgbatch_012F87GJ3W7Z2sFqx3rfBp4C: in_progress (processing=7819 succeeded=0 errored=0)
2026-09-09 03:41:07,849 INFO judge: batch msgbatch_01Fy55R91LFKH7qviTBBPLrm: in_progress (processing=3200 succeeded=0 errored=0)
2026-09-09 03:41:08,057 INFO judge: batch msgbatch_012F87GJ3W7Z2sFqx3rfBp4C: in_progress (processing=7819 succeeded=0 errored=0)
2026-09-09 03:42:08,395 INFO judge: batch msgbatch_01Fy55R91LFKH7qviTBBPLrm: in_progress (processing=3200 succeeded=0 errored=0)
2026-09-09 03:42:08,598 INFO judge: batch msgbatch_012F87GJ3W7Z2sFqx3rfBp4C: in_progress (processing=7819 succeeded=0 errored=0)
2026-09-09 03:43:08,868 INFO judge: batch msgbatch_01Fy55R91LFKH7qviTBBPLrm: in_progress (processing=3200 succeeded=0 errored=0)
2026-09-09 03:43:09,102 INFO judge: batch msgbatch_012F87GJ3W7Z2sFqx3rfBp4C: in_progress (processing=7819 succeeded=0 errored=0)
2026-09-09 03:44:09,376 INFO judge: batch msgbatch_01Fy55R91LFKH7qviTBBPLrm: in_progress (processing=3200 succeeded=0 errored=0)
2026-09-09 03:44:09,575 INFO judge: batch msgbatch_012F87GJ3W7Z2sFqx3rfBp4C: in_progress (processing=7819 succeeded=0 errored=0)
2026-09-09 03:45:09,992 INFO judge: batch msgbatch_01Fy55R91LFKH7qviTBBPLrm: in_progress (processing=3200 succeeded=0 errored=0)
2026-09-09 03:45:10,211 INFO judge: batch msgbatch_012F87GJ3W7Z2sFqx3rfBp4C: in_progress (processing=7819 succeeded=0 errored=0)
2026-09-09 03:46:10,476 INFO judge: batch msgbatch_01Fy55R91LFKH7qviTBBPLrm: in_progress (processing=3200 succeeded=0 errored=0)
2026-09-09 03:46:10,819 INFO judge: batch msgbatch_012F87GJ3W7Z2sFqx3rfBp4C: in_progress (processing=7819 succeeded=0 errored=0)
2026-09-09 03:47:11,241 INFO judge: batch msgbatch_01Fy55R91LFKH7qviTBBPLrm: in_progress (processing=3200 succeeded=0 errored=0)
2026-09-09 03:47:11,466 INFO judge: batch msgbatch_012F87GJ3W7Z2sFqx3rfBp4C: in_progress (processing=7819 succeeded=0 errored=0)
2026-09-09 03:48:12,479 INFO judge: batch msgbatch_01Fy55R91LFKH7qviTBBPLrm: in_progress (processing=3200 succeeded=0 errored=0)
2026-09-09 03:48:12,785 INFO judge: batch msgbatch_012F87GJ3W7Z2sFqx3rfBp4C: in_progress (processing=7819 succeeded=0 errored=0)
2026-09-09 03:49:13,063 INFO judge: batch msgbatch_01Fy55R91LFKH7qviTBBPLrm: in_progress (processing=3200 succeeded=0 errored=0)
2026-09-09 03:49:13,405 INFO judge: batch msgbatch_012F87GJ3W7Z2sFqx3rfBp4C: in_progress (processing=7819 succeeded=0 errored=0)
2026-09-09 03:50:13,703 INFO judge: batch msgbatch_01Fy55R91LFKH7qviTBBPLrm: in_progress (processing=3200 succeeded=0 errored=0)
2026-09-09 03:50:14,053 INFO judge: batch msgbatch_012F87GJ3W7Z2sFqx3rfBp4C: in_progress (processing=7819 succeeded=0 errored=0)
2026-09-09 03:51:14,446 INFO judge: batch msgbatch_01Fy55R91LFKH7qviTBBPLrm: in_progress (processing=3200 succeeded=0 errored=0)
2026-09-09 03:51:14,665 INFO judge: batch msgbatch_012F87GJ3W7Z2sFqx3rfBp4C: in_progress (processing=7819 succeeded=0 errored=0)
2026-09-09 03:52:14,966 INFO judge: batch msgbatch_01Fy55R91LFKH7qviTBBPLrm: in_progress (processing=3200 succeeded=0 errored=0)
2026-09-09 03:52:15,170 INFO judge: batch msgbatch_012F87GJ3W7Z2sFqx3rfBp4C: in_progress (processing=7819 succeeded=0 errored=0)
2026-09-09 03:53:15,586 INFO judge: batch msgbatch_01Fy55R91LFKH7qviTBBPLrm: in_progress (processing=3200 succeeded=0 errored=0)
2026-09-09 03:53:15,786 INFO judge: batch msgbatch_012F87GJ3W7Z2sFqx3rfBp4C: in_progress (processing=7819 succeeded=0 errored=0)
2026-09-09 03:54:16,023 INFO judge: batch msgbatch_01Fy55R91LFKH7qviTBBPLrm: in_progress (processing=3200 succeeded=0 errored=0)
2026-09-09 03:54:16,615 INFO judge: batch msgbatch_012F87GJ3W7Z2sFqx3rfBp4C: in_progress (processing=7819 succeeded=0 errored=0)
2026-09-09 03:55:16,898 INFO judge: batch msgbatch_01Fy55R91LFKH7qviTBBPLrm: in_progress (processing=3200 succeeded=0 errored=0)
2026-09-09 03:55:17,108 INFO judge: batch msgbatch_012F87GJ3W7Z2sFqx3rfBp4C: in_progress (processing=7819 succeeded=0 errored=0)
2026-09-09 03:56:17,364 INFO judge: batch msgbatch_01Fy55R91LFKH7qviTBBPLrm: in_progress (processing=3200 succeeded=0 errored=0)
2026-09-09 03:56:17,859 INFO judge: batch msgbatch_012F87GJ3W7Z2sFqx3rfBp4C: in_progress (processing=7819 succeeded=0 errored=0)
2026-09-09 03:57:18,157 INFO judge: batch msgbatch_01Fy55R91LFKH7qviTBBPLrm: in_progress (processing=3200 succeeded=0 errored=0)
2026-09-09 03:57:18,481 INFO judge: batch msgbatch_012F87GJ3W7Z2sFqx3rfBp4C: in_progress (processing=7819 succeeded=0 errored=0)
2026-09-09 03:58:20,335 INFO judge: batch msgbatch_01Fy55R91LFKH7qviTBBPLrm: in_progress (processing=3200 succeeded=0 errored=0)
2026-09-09 03:58:20,608 INFO judge: batch msgbatch_012F87GJ3W7Z2sFqx3rfBp4C: in_progress (processing=7819 succeeded=0 errored=0)
2026-09-09 03:59:20,955 INFO judge: batch msgbatch_01Fy55R91LFKH7qviTBBPLrm: in_progress (processing=3200 succeeded=0 errored=0)
2026-09-09 03:59:21,224 INFO judge: batch msgbatch_012F87GJ3W7Z2sFqx3rfBp4C: in_progress (processing=7819 succeeded=0 errored=0)
2026-09-09 04:00:21,513 INFO judge: batch msgbatch_01Fy55R91LFKH7qviTBBPLrm: in_progress (processing=3200 succeeded=0 errored=0)
2026-09-09 04:00:22,085 INFO judge: batch msgbatch_012F87GJ3W7Z2sFqx3rfBp4C: in_progress (processing=7819 succeeded=0 errored=0)
2026-09-09 04:01:22,504 INFO judge: batch msgbatch_01Fy55R91LFKH7qviTBBPLrm: in_progress (processing=3200 succeeded=0 errored=0)
2026-09-09 04:01:22,736 INFO judge: batch msgbatch_012F87GJ3W7Z2sFqx3rfBp4C: in_progress (processing=7819 succeeded=0 errored=0)
2026-09-09 04:02:22,994 INFO judge: batch msgbatch_01Fy55R91LFKH7qviTBBPLrm: in_progress (processing=3200 succeeded=0 errored=0)
2026-09-09 04:02:23,225 INFO judge: batch msgbatch_012F87GJ3W7Z2sFqx3rfBp4C: in_progress (processing=7819 succeeded=0 errored=0)
2026-09-09 04:03:23,476 INFO judge: batch msgbatch_01Fy55R91LFKH7qviTBBPLrm: in_progress (processing=3200 succeeded=0 errored=0)
2026-09-09 04:03:23,721 INFO judge: batch msgbatch_012F87GJ3W7Z2sFqx3rfBp4C: in_progress (processing=7819 succeeded=0 errored=0)
2026-09-09 04:04:23,967 INFO judge: batch msgbatch_01Fy55R91LFKH7qviTBBPLrm: in_progress (processing=3200 succeeded=0 errored=0)
2026-09-09 04:04:24,201 INFO judge: batch msgbatch_012F87GJ3W7Z2sFqx3rfBp4C: in_progress (processing=7819 succeeded=0 errored=0)
2026-09-09 04:05:24,475 INFO judge: batch msgbatch_01Fy55R91LFKH7qviTBBPLrm: in_progress (processing=3200 succeeded=0 errored=0)
2026-09-09 04:05:24,693 INFO judge: batch msgbatch_012F87GJ3W7Z2sFqx3rfBp4C: in_progress (processing=7819 succeeded=0 errored=0)
2026-09-09 04:06:25,199 INFO judge: batch msgbatch_01Fy55R91LFKH7qviTBBPLrm: in_progress (processing=3200 succeeded=0 errored=0)
2026-09-09 04:06:25,508 INFO judge: batch msgbatch_012F87GJ3W7Z2sFqx3rfBp4C: in_progress (processing=7819 succeeded=0 errored=0)
2026-09-09 04:07:25,883 INFO judge: batch msgbatch_01Fy55R91LFKH7qviTBBPLrm: in_progress (processing=3200 succeeded=0 errored=0)
2026-09-09 04:07:26,380 INFO judge: batch msgbatch_012F87GJ3W7Z2sFqx3rfBp4C: in_progress (processing=7819 succeeded=0 errored=0)
2026-09-09 04:08:26,683 INFO judge: batch msgbatch_01Fy55R91LFKH7qviTBBPLrm: in_progress (processing=3200 succeeded=0 errored=0)
2026-09-09 04:08:26,902 INFO judge: batch msgbatch_012F87GJ3W7Z2sFqx3rfBp4C: in_progress (processing=7819 succeeded=0 errored=0)
2026-09-09 04:09:27,271 INFO judge: batch msgbatch_01Fy55R91LFKH7qviTBBPLrm: in_progress (processing=3200 succeeded=0 errored=0)
2026-09-09 04:09:27,542 INFO judge: batch msgbatch_012F87GJ3W7Z2sFqx3rfBp4C: in_progress (processing=7819 succeeded=0 errored=0)
2026-09-09 04:10:27,838 INFO judge: batch msgbatch_01Fy55R91LFKH7qviTBBPLrm: in_progress (processing=3200 succeeded=0 errored=0)
2026-09-09 04:10:28,065 INFO judge: batch msgbatch_012F87GJ3W7Z2sFqx3rfBp4C: in_progress (processing=7819 succeeded=0 errored=0)
2026-09-09 04:11:28,410 INFO judge: batch msgbatch_01Fy55R91LFKH7qviTBBPLrm: in_progress (processing=3200 succeeded=0 errored=0)
2026-09-09 04:11:28,646 INFO judge: batch msgbatch_012F87GJ3W7Z2sFqx3rfBp4C: in_progress (processing=7819 succeeded=0 errored=0)
2026-09-09 04:12:29,021 INFO judge: batch msgbatch_01Fy55R91LFKH7qviTBBPLrm: in_progress (processing=3200 succeeded=0 errored=0)
2026-09-09 04:12:29,228 INFO judge: batch msgbatch_012F87GJ3W7Z2sFqx3rfBp4C: in_progress (processing=7819 succeeded=0 errored=0)
2026-09-09 04:13:29,520 INFO judge: batch msgbatch_01Fy55R91LFKH7qviTBBPLrm: in_progress (processing=3200 succeeded=0 errored=0)
2026-09-09 04:13:29,723 INFO judge: batch msgbatch_012F87GJ3W7Z2sFqx3rfBp4C: in_progress (processing=7819 succeeded=0 errored=0)
2026-09-09 04:14:30,017 INFO judge: batch msgbatch_01Fy55R91LFKH7qviTBBPLrm: in_progress (processing=3200 succeeded=0 errored=0)
2026-09-09 04:14:30,254 INFO judge: batch msgbatch_012F87GJ3W7Z2sFqx3rfBp4C: in_progress (processing=7819 succeeded=0 errored=0)
2026-09-09 04:15:30,586 INFO judge: batch msgbatch_01Fy55R91LFKH7qviTBBPLrm: in_progress (processing=3200 succeeded=0 errored=0)
2026-09-09 04:15:30,895 INFO judge: batch msgbatch_012F87GJ3W7Z2sFqx3rfBp4C: in_progress (processing=7819 succeeded=0 errored=0)
2026-09-09 04:33:33,651 INFO judge: batch msgbatch_01Fy55R91LFKH7qviTBBPLrm: in_progress (processing=3200 succeeded=0 errored=0)
2026-09-09 04:33:33,916 INFO judge: batch msgbatch_012F87GJ3W7Z2sFqx3rfBp4C: in_progress (processing=7819 succeeded=0 errored=0)
2026-09-09 04:34:34,299 INFO judge: batch msgbatch_01Fy55R91LFKH7qviTBBPLrm: in_progress (processing=3200 succeeded=0 errored=0)
2026-09-09 04:34:34,551 INFO judge: batch msgbatch_012F87GJ3W7Z2sFqx3rfBp4C: in_progress (processing=7819 succeeded=0 errored=0)
2026-09-09 04:35:35,018 INFO judge: batch msgbatch_01Fy55R91LFKH7qviTBBPLrm: in_progress (processing=3200 succeeded=0 errored=0)
2026-09-09 04:35:35,264 INFO judge: batch msgbatch_012F87GJ3W7Z2sFqx3rfBp4C: in_progress (processing=7819 succeeded=0 errored=0)
2026-09-09 04:36:35,544 INFO judge: batch msgbatch_01Fy55R91LFKH7qviTBBPLrm: in_progress (processing=3200 succeeded=0 errored=0)
2026-09-09 04:36:35,946 INFO judge: batch msgbatch_012F87GJ3W7Z2sFqx3rfBp4C: in_progress (processing=7819 succeeded=0 errored=0)
2026-09-09 04:37:36,261 INFO judge: batch msgbatch_01Fy55R91LFKH7qviTBBPLrm: in_progress (processing=3200 succeeded=0 errored=0)
2026-09-09 04:37:36,479 INFO judge: batch msgbatch_012F87GJ3W7Z2sFqx3rfBp4C: in_progress (processing=7819 succeeded=0 errored=0)
2026-09-09 04:38:36,782 INFO judge: batch msgbatch_01Fy55R91LFKH7qviTBBPLrm: in_progress (processing=3200 succeeded=0 errored=0)
2026-09-09 04:38:37,016 INFO judge: batch msgbatch_012F87GJ3W7Z2sFqx3rfBp4C: in_progress (processing=7819 succeeded=0 errored=0)
2026-09-09 04:39:37,914 INFO judge: batch msgbatch_01Fy55R91LFKH7qviTBBPLrm: in_progress (processing=3200 succeeded=0 errored=0)
2026-09-09 04:39:38,172 INFO judge: batch msgbatch_012F87GJ3W7Z2sFqx3rfBp4C: in_progress (processing=7819 succeeded=0 errored=0)
2026-09-09 04:40:38,483 INFO judge: batch msgbatch_01Fy55R91LFKH7qviTBBPLrm: in_progress (processing=3200 succeeded=0 errored=0)
2026-09-09 04:40:38,743 INFO judge: batch msgbatch_012F87GJ3W7Z2sFqx3rfBp4C: in_progress (processing=7819 succeeded=0 errored=0)
2026-09-09 04:41:39,157 INFO judge: batch msgbatch_01Fy55R91LFKH7qviTBBPLrm: in_progress (processing=3200 succeeded=0 errored=0)
2026-09-09 04:41:39,400 INFO judge: batch msgbatch_012F87GJ3W7Z2sFqx3rfBp4C: in_progress (processing=7819 succeeded=0 errored=0)
2026-09-09 04:42:39,779 INFO judge: batch msgbatch_01Fy55R91LFKH7qviTBBPLrm: in_progress (processing=3200 succeeded=0 errored=0)
2026-09-09 04:42:40,187 INFO judge: batch msgbatch_012F87GJ3W7Z2sFqx3rfBp4C: in_progress (processing=7819 succeeded=0 errored=0)
2026-09-09 04:43:40,604 INFO judge: batch msgbatch_01Fy55R91LFKH7qviTBBPLrm: in_progress (processing=3200 succeeded=0 errored=0)
2026-09-09 04:43:40,822 INFO judge: batch msgbatch_012F87GJ3W7Z2sFqx3rfBp4C: in_progress (processing=7819 succeeded=0 errored=0)
2026-09-09 04:44:41,122 INFO judge: batch msgbatch_01Fy55R91LFKH7qviTBBPLrm: in_progress (processing=3200 succeeded=0 errored=0)
2026-09-09 04:44:41,325 INFO judge: batch msgbatch_012F87GJ3W7Z2sFqx3rfBp4C: in_progress (processing=7819 succeeded=0 errored=0)
2026-09-09 04:45:41,641 INFO judge: batch msgbatch_01Fy55R91LFKH7qviTBBPLrm: in_progress (processing=3200 succeeded=0 errored=0)
2026-09-09 04:45:41,883 INFO judge: batch msgbatch_012F87GJ3W7Z2sFqx3rfBp4C: in_progress (processing=7819 succeeded=0 errored=0)
2026-09-09 04:46:42,170 INFO judge: batch msgbatch_01Fy55R91LFKH7qviTBBPLrm: in_progress (processing=3200 succeeded=0 errored=0)
2026-09-09 04:46:42,408 INFO judge: batch msgbatch_012F87GJ3W7Z2sFqx3rfBp4C: in_progress (processing=7819 succeeded=0 errored=0)
2026-09-09 04:47:42,780 INFO judge: batch msgbatch_01Fy55R91LFKH7qviTBBPLrm: in_progress (processing=3200 succeeded=0 errored=0)
2026-09-09 04:47:43,023 INFO judge: batch msgbatch_012F87GJ3W7Z2sFqx3rfBp4C: in_progress (processing=7819 succeeded=0 errored=0)
2026-09-09 04:48:43,404 INFO judge: batch msgbatch_01Fy55R91LFKH7qviTBBPLrm: in_progress (processing=3200 succeeded=0 errored=0)
2026-09-09 04:48:43,914 INFO judge: batch msgbatch_012F87GJ3W7Z2sFqx3rfBp4C: in_progress (processing=7819 succeeded=0 errored=0)
2026-09-09 04:49:44,329 INFO judge: batch msgbatch_01Fy55R91LFKH7qviTBBPLrm: in_progress (processing=3200 succeeded=0 errored=0)
2026-09-09 04:49:44,582 INFO judge: batch msgbatch_012F87GJ3W7Z2sFqx3rfBp4C: in_progress (processing=7819 succeeded=0 errored=0)
2026-09-09 04:50:44,950 INFO judge: batch msgbatch_01Fy55R91LFKH7qviTBBPLrm: in_progress (processing=3200 succeeded=0 errored=0)
2026-09-09 04:50:45,170 INFO judge: batch msgbatch_012F87GJ3W7Z2sFqx3rfBp4C: in_progress (processing=7819 succeeded=0 errored=0)
2026-09-09 04:51:45,441 INFO judge: batch msgbatch_01Fy55R91LFKH7qviTBBPLrm: in_progress (processing=3200 succeeded=0 errored=0)
2026-09-09 04:51:45,778 INFO judge: batch msgbatch_012F87GJ3W7Z2sFqx3rfBp4C: in_progress (processing=7819 succeeded=0 errored=0)
2026-09-09 04:52:46,091 INFO judge: batch msgbatch_01Fy55R91LFKH7qviTBBPLrm: in_progress (processing=3200 succeeded=0 errored=0)
2026-09-09 04:52:46,504 INFO judge: batch msgbatch_012F87GJ3W7Z2sFqx3rfBp4C: in_progress (processing=7819 succeeded=0 errored=0)
2026-09-09 04:53:46,815 INFO judge: batch msgbatch_01Fy55R91LFKH7qviTBBPLrm: in_progress (processing=3200 succeeded=0 errored=0)
2026-09-09 04:53:47,226 INFO judge: batch msgbatch_012F87GJ3W7Z2sFqx3rfBp4C: in_progress (processing=7819 succeeded=0 errored=0)
2026-09-09 04:54:47,491 INFO judge: batch msgbatch_01Fy55R91LFKH7qviTBBPLrm: in_progress (processing=3200 succeeded=0 errored=0)
2026-09-09 04:54:48,155 INFO judge: batch msgbatch_012F87GJ3W7Z2sFqx3rfBp4C: in_progress (processing=7819 succeeded=0 errored=0)
2026-09-09 04:55:48,568 INFO judge: batch msgbatch_01Fy55R91LFKH7qviTBBPLrm: in_progress (processing=3200 succeeded=0 errored=0)
2026-09-09 04:55:48,877 INFO judge: batch msgbatch_012F87GJ3W7Z2sFqx3rfBp4C: in_progress (processing=7819 succeeded=0 errored=0)
2026-09-09 04:56:49,230 INFO judge: batch msgbatch_01Fy55R91LFKH7qviTBBPLrm: in_progress (processing=3200 succeeded=0 errored=0)
2026-09-09 04:56:49,529 INFO judge: batch msgbatch_012F87GJ3W7Z2sFqx3rfBp4C: in_progress (processing=7819 succeeded=0 errored=0)
2026-09-09 04:57:49,798 INFO judge: batch msgbatch_01Fy55R91LFKH7qviTBBPLrm: in_progress (processing=3200 succeeded=0 errored=0)
2026-09-09 04:57:50,018 INFO judge: batch msgbatch_012F87GJ3W7Z2sFqx3rfBp4C: in_progress (processing=7819 succeeded=0 errored=0)
2026-09-09 04:58:50,331 INFO judge: batch msgbatch_01Fy55R91LFKH7qviTBBPLrm: in_progress (processing=3200 succeeded=0 errored=0)
2026-09-09 04:58:50,553 INFO judge: batch msgbatch_012F87GJ3W7Z2sFqx3rfBp4C: in_progress (processing=7819 succeeded=0 errored=0)
2026-09-09 04:59:51,056 INFO judge: batch msgbatch_01Fy55R91LFKH7qviTBBPLrm: in_progress (processing=3200 succeeded=0 errored=0)
2026-09-09 04:59:51,298 INFO judge: batch msgbatch_012F87GJ3W7Z2sFqx3rfBp4C: in_progress (processing=7819 succeeded=0 errored=0)
2026-09-09 05:00:52,352 INFO judge: batch msgbatch_01Fy55R91LFKH7qviTBBPLrm: in_progress (processing=3200 succeeded=0 errored=0)
2026-09-09 05:00:52,560 INFO judge: batch msgbatch_012F87GJ3W7Z2sFqx3rfBp4C: in_progress (processing=7819 succeeded=0 errored=0)
2026-09-09 05:01:52,950 INFO judge: batch msgbatch_01Fy55R91LFKH7qviTBBPLrm: in_progress (processing=3200 succeeded=0 errored=0)
2026-09-09 05:01:53,321 INFO judge: batch msgbatch_012F87GJ3W7Z2sFqx3rfBp4C: in_progress (processing=7819 succeeded=0 errored=0)
2026-09-09 05:02:53,649 INFO judge: batch msgbatch_01Fy55R91LFKH7qviTBBPLrm: in_progress (processing=3200 succeeded=0 errored=0)
2026-09-09 05:02:53,881 INFO judge: batch msgbatch_012F87GJ3W7Z2sFqx3rfBp4C: in_progress (processing=7819 succeeded=0 errored=0)
2026-09-09 05:03:54,255 INFO judge: batch msgbatch_01Fy55R91LFKH7qviTBBPLrm: in_progress (processing=3200 succeeded=0 errored=0)
2026-09-09 05:03:54,511 INFO judge: batch msgbatch_012F87GJ3W7Z2sFqx3rfBp4C: in_progress (processing=7819 succeeded=0 errored=0)
2026-09-09 05:04:54,874 INFO judge: batch msgbatch_01Fy55R91LFKH7qviTBBPLrm: in_progress (processing=3200 succeeded=0 errored=0)
2026-09-09 05:04:55,387 INFO judge: batch msgbatch_012F87GJ3W7Z2sFqx3rfBp4C: in_progress (processing=7819 succeeded=0 errored=0)
2026-09-09 05:05:55,769 INFO judge: batch msgbatch_01Fy55R91LFKH7qviTBBPLrm: in_progress (processing=3200 succeeded=0 errored=0)
2026-09-09 05:05:56,115 INFO judge: batch msgbatch_012F87GJ3W7Z2sFqx3rfBp4C: in_progress (processing=7819 succeeded=0 errored=0)
2026-09-09 05:06:56,410 INFO judge: batch msgbatch_01Fy55R91LFKH7qviTBBPLrm: in_progress (processing=3200 succeeded=0 errored=0)
2026-09-09 05:06:56,732 INFO judge: batch msgbatch_012F87GJ3W7Z2sFqx3rfBp4C: in_progress (processing=7819 succeeded=0 errored=0)
2026-09-09 05:07:57,069 INFO judge: batch msgbatch_01Fy55R91LFKH7qviTBBPLrm: in_progress (processing=3200 succeeded=0 errored=0)
2026-09-09 05:07:57,344 INFO judge: batch msgbatch_012F87GJ3W7Z2sFqx3rfBp4C: in_progress (processing=7819 succeeded=0 errored=0)
2026-09-09 05:08:57,665 INFO judge: batch msgbatch_01Fy55R91LFKH7qviTBBPLrm: in_progress (processing=3200 succeeded=0 errored=0)
2026-09-09 05:08:57,967 INFO judge: batch msgbatch_012F87GJ3W7Z2sFqx3rfBp4C: in_progress (processing=7819 succeeded=0 errored=0)
2026-09-09 05:09:58,262 INFO judge: batch msgbatch_01Fy55R91LFKH7qviTBBPLrm: in_progress (processing=3200 succeeded=0 errored=0)
2026-09-09 05:09:58,478 INFO judge: batch msgbatch_012F87GJ3W7Z2sFqx3rfBp4C: in_progress (processing=7819 succeeded=0 errored=0)
2026-09-09 05:10:58,821 INFO judge: batch msgbatch_01Fy55R91LFKH7qviTBBPLrm: in_progress (processing=3200 succeeded=0 errored=0)
2026-09-09 05:10:59,209 INFO judge: batch msgbatch_012F87GJ3W7Z2sFqx3rfBp4C: in_progress (processing=7819 succeeded=0 errored=0)
2026-09-09 05:11:59,631 INFO judge: batch msgbatch_01Fy55R91LFKH7qviTBBPLrm: in_progress (processing=3200 succeeded=0 errored=0)
2026-09-09 05:11:59,861 INFO judge: batch msgbatch_012F87GJ3W7Z2sFqx3rfBp4C: in_progress (processing=7819 succeeded=0 errored=0)
2026-09-09 05:13:00,253 INFO judge: batch msgbatch_01Fy55R91LFKH7qviTBBPLrm: in_progress (processing=3200 succeeded=0 errored=0)
2026-09-09 05:13:00,505 INFO judge: batch msgbatch_012F87GJ3W7Z2sFqx3rfBp4C: in_progress (processing=7819 succeeded=0 errored=0)
2026-09-09 05:14:00,813 INFO judge: batch msgbatch_01Fy55R91LFKH7qviTBBPLrm: in_progress (processing=3200 succeeded=0 errored=0)
2026-09-09 05:14:01,281 INFO judge: batch msgbatch_012F87GJ3W7Z2sFqx3rfBp4C: in_progress (processing=7819 succeeded=0 errored=0)
2026-09-09 05:15:01,701 INFO judge: batch msgbatch_01Fy55R91LFKH7qviTBBPLrm: in_progress (processing=3200 succeeded=0 errored=0)
2026-09-09 05:15:01,984 INFO judge: batch msgbatch_012F87GJ3W7Z2sFqx3rfBp4C: in_progress (processing=7819 succeeded=0 errored=0)
2026-09-09 05:16:02,263 INFO judge: batch msgbatch_01Fy55R91LFKH7qviTBBPLrm: in_progress (processing=3200 succeeded=0 errored=0)
2026-09-09 05:16:02,731 INFO judge: batch msgbatch_012F87GJ3W7Z2sFqx3rfBp4C: in_progress (processing=7819 succeeded=0 errored=0)
2026-09-09 05:17:03,249 INFO judge: batch msgbatch_01Fy55R91LFKH7qviTBBPLrm: in_progress (processing=3200 succeeded=0 errored=0)
2026-09-09 05:17:03,500 INFO judge: batch msgbatch_012F87GJ3W7Z2sFqx3rfBp4C: in_progress (processing=7819 succeeded=0 errored=0)
2026-09-09 05:18:03,868 INFO judge: batch msgbatch_01Fy55R91LFKH7qviTBBPLrm: in_progress (processing=3200 succeeded=0 errored=0)
2026-09-09 05:18:04,116 INFO judge: batch msgbatch_012F87GJ3W7Z2sFqx3rfBp4C: in_progress (processing=7819 succeeded=0 errored=0)
2026-09-09 05:19:04,490 INFO judge: batch msgbatch_01Fy55R91LFKH7qviTBBPLrm: in_progress (processing=3200 succeeded=0 errored=0)
2026-09-09 05:19:04,710 INFO judge: batch msgbatch_012F87GJ3W7Z2sFqx3rfBp4C: in_progress (processing=7819 succeeded=0 errored=0)
2026-09-09 05:20:05,009 INFO judge: batch msgbatch_01Fy55R91LFKH7qviTBBPLrm: in_progress (processing=3200 succeeded=0 errored=0)
2026-09-09 05:20:05,246 INFO judge: batch msgbatch_012F87GJ3W7Z2sFqx3rfBp4C: in_progress (processing=7819 succeeded=0 errored=0)
2026-09-09 05:21:05,590 INFO judge: batch msgbatch_01Fy55R91LFKH7qviTBBPLrm: in_progress (processing=3200 succeeded=0 errored=0)
2026-09-09 05:21:05,941 INFO judge: batch msgbatch_012F87GJ3W7Z2sFqx3rfBp4C: in_progress (processing=7819 succeeded=0 errored=0)
2026-09-09 05:22:06,356 INFO judge: batch msgbatch_01Fy55R91LFKH7qviTBBPLrm: in_progress (processing=3200 succeeded=0 errored=0)
2026-09-09 05:22:06,611 INFO judge: batch msgbatch_012F87GJ3W7Z2sFqx3rfBp4C: in_progress (processing=7819 succeeded=0 errored=0)
2026-09-09 05:23:06,976 INFO judge: batch msgbatch_01Fy55R91LFKH7qviTBBPLrm: in_progress (processing=3200 succeeded=0 errored=0)
2026-09-09 05:23:07,389 INFO judge: batch msgbatch_012F87GJ3W7Z2sFqx3rfBp4C: in_progress (processing=7819 succeeded=0 errored=0)
2026-09-09 05:24:07,801 INFO judge: batch msgbatch_01Fy55R91LFKH7qviTBBPLrm: in_progress (processing=3200 succeeded=0 errored=0)
2026-09-09 05:24:08,111 INFO judge: batch msgbatch_012F87GJ3W7Z2sFqx3rfBp4C: in_progress (processing=7819 succeeded=0 errored=0)
2026-09-09 05:25:08,524 INFO judge: batch msgbatch_01Fy55R91LFKH7qviTBBPLrm: in_progress (processing=3200 succeeded=0 errored=0)
2026-09-09 05:25:08,783 INFO judge: batch msgbatch_012F87GJ3W7Z2sFqx3rfBp4C: in_progress (processing=7819 succeeded=0 errored=0)
2026-09-09 05:26:09,128 INFO judge: batch msgbatch_01Fy55R91LFKH7qviTBBPLrm: in_progress (processing=3200 succeeded=0 errored=0)
2026-09-09 05:26:09,445 INFO judge: batch msgbatch_012F87GJ3W7Z2sFqx3rfBp4C: in_progress (processing=7819 succeeded=0 errored=0)
2026-09-09 05:27:09,728 INFO judge: batch msgbatch_01Fy55R91LFKH7qviTBBPLrm: in_progress (processing=3200 succeeded=0 errored=0)
2026-09-09 05:27:10,178 INFO judge: batch msgbatch_012F87GJ3W7Z2sFqx3rfBp4C: in_progress (processing=7819 succeeded=0 errored=0)
2026-09-09 05:28:10,593 INFO judge: batch msgbatch_01Fy55R91LFKH7qviTBBPLrm: in_progress (processing=3200 succeeded=0 errored=0)
2026-09-09 05:28:10,844 INFO judge: batch msgbatch_012F87GJ3W7Z2sFqx3rfBp4C: in_progress (processing=7819 succeeded=0 errored=0)
2026-09-09 05:29:11,219 INFO judge: batch msgbatch_01Fy55R91LFKH7qviTBBPLrm: in_progress (processing=3200 succeeded=0 errored=0)
2026-09-09 05:29:11,464 INFO judge: batch msgbatch_012F87GJ3W7Z2sFqx3rfBp4C: in_progress (processing=7819 succeeded=0 errored=0)
2026-09-09 05:30:11,839 INFO judge: batch msgbatch_01Fy55R91LFKH7qviTBBPLrm: in_progress (processing=3200 succeeded=0 errored=0)
2026-09-09 05:30:12,093 INFO judge: batch msgbatch_012F87GJ3W7Z2sFqx3rfBp4C: in_progress (processing=7819 succeeded=0 errored=0)
2026-09-09 05:31:12,459 INFO judge: batch msgbatch_01Fy55R91LFKH7qviTBBPLrm: in_progress (processing=3200 succeeded=0 errored=0)
2026-09-09 05:31:12,864 INFO judge: batch msgbatch_012F87GJ3W7Z2sFqx3rfBp4C: in_progress (processing=7819 succeeded=0 errored=0)
2026-09-09 05:32:13,282 INFO judge: batch msgbatch_01Fy55R91LFKH7qviTBBPLrm: in_progress (processing=3200 succeeded=0 errored=0)
2026-09-09 05:32:13,540 INFO judge: batch msgbatch_012F87GJ3W7Z2sFqx3rfBp4C: in_progress (processing=7819 succeeded=0 errored=0)
2026-09-09 05:33:13,907 INFO judge: batch msgbatch_01Fy55R91LFKH7qviTBBPLrm: in_progress (processing=3200 succeeded=0 errored=0)
2026-09-09 05:33:14,147 INFO judge: batch msgbatch_012F87GJ3W7Z2sFqx3rfBp4C: in_progress (processing=7819 succeeded=0 errored=0)
2026-09-09 05:34:14,395 INFO judge: batch msgbatch_01Fy55R91LFKH7qviTBBPLrm: in_progress (processing=3200 succeeded=0 errored=0)
2026-09-09 05:34:14,814 INFO judge: batch msgbatch_012F87GJ3W7Z2sFqx3rfBp4C: in_progress (processing=7819 succeeded=0 errored=0)
2026-09-09 05:35:15,121 INFO judge: batch msgbatch_01Fy55R91LFKH7qviTBBPLrm: in_progress (processing=3200 succeeded=0 errored=0)
2026-09-09 05:35:15,559 INFO judge: batch msgbatch_012F87GJ3W7Z2sFqx3rfBp4C: in_progress (processing=7819 succeeded=0 errored=0)
2026-09-09 05:36:15,973 INFO judge: batch msgbatch_01Fy55R91LFKH7qviTBBPLrm: in_progress (processing=3200 succeeded=0 errored=0)
2026-09-09 05:36:16,198 INFO judge: batch msgbatch_012F87GJ3W7Z2sFqx3rfBp4C: in_progress (processing=7819 succeeded=0 errored=0)
2026-09-09 05:37:16,619 INFO judge: batch msgbatch_01Fy55R91LFKH7qviTBBPLrm: in_progress (processing=3200 succeeded=0 errored=0)
2026-09-09 05:37:17,003 INFO judge: batch msgbatch_012F87GJ3W7Z2sFqx3rfBp4C: in_progress (processing=7819 succeeded=0 errored=0)
2026-09-09 05:38:17,350 INFO judge: batch msgbatch_01Fy55R91LFKH7qviTBBPLrm: in_progress (processing=3200 succeeded=0 errored=0)
2026-09-09 05:38:17,596 INFO judge: batch msgbatch_012F87GJ3W7Z2sFqx3rfBp4C: in_progress (processing=7819 succeeded=0 errored=0)
2026-09-09 05:39:18,042 INFO judge: batch msgbatch_01Fy55R91LFKH7qviTBBPLrm: in_progress (processing=3200 succeeded=0 errored=0)
2026-09-09 05:39:18,283 INFO judge: batch msgbatch_012F87GJ3W7Z2sFqx3rfBp4C: in_progress (processing=7819 succeeded=0 errored=0)
2026-09-09 05:40:18,742 INFO judge: batch msgbatch_01Fy55R91LFKH7qviTBBPLrm: in_progress (processing=3200 succeeded=0 errored=0)
2026-09-09 05:40:19,013 INFO judge: batch msgbatch_012F87GJ3W7Z2sFqx3rfBp4C: in_progress (processing=7819 succeeded=0 errored=0)
2026-09-09 05:41:19,316 INFO judge: batch msgbatch_01Fy55R91LFKH7qviTBBPLrm: in_progress (processing=3200 succeeded=0 errored=0)
2026-09-09 05:41:19,578 INFO judge: batch msgbatch_012F87GJ3W7Z2sFqx3rfBp4C: in_progress (processing=7819 succeeded=0 errored=0)
2026-09-09 05:42:19,904 INFO judge: batch msgbatch_01Fy55R91LFKH7qviTBBPLrm: in_progress (processing=3200 succeeded=0 errored=0)
2026-09-09 05:42:20,175 INFO judge: batch msgbatch_012F87GJ3W7Z2sFqx3rfBp4C: in_progress (processing=7819 succeeded=0 errored=0)
2026-09-09 05:43:20,524 INFO judge: batch msgbatch_01Fy55R91LFKH7qviTBBPLrm: in_progress (processing=3200 succeeded=0 errored=0)
2026-09-09 05:43:20,780 INFO judge: batch msgbatch_012F87GJ3W7Z2sFqx3rfBp4C: in_progress (processing=7819 succeeded=0 errored=0)
2026-09-09 05:44:21,147 INFO judge: batch msgbatch_01Fy55R91LFKH7qviTBBPLrm: in_progress (processing=3200 succeeded=0 errored=0)
2026-09-09 05:44:21,556 INFO judge: batch msgbatch_012F87GJ3W7Z2sFqx3rfBp4C: in_progress (processing=7819 succeeded=0 errored=0)
2026-09-09 05:45:21,974 INFO judge: batch msgbatch_01Fy55R91LFKH7qviTBBPLrm: in_progress (processing=3200 succeeded=0 errored=0)
2026-09-09 05:45:22,369 INFO judge: batch msgbatch_012F87GJ3W7Z2sFqx3rfBp4C: in_progress (processing=7819 succeeded=0 errored=0)
2026-09-09 05:46:22,672 INFO judge: batch msgbatch_01Fy55R91LFKH7qviTBBPLrm: in_progress (processing=3200 succeeded=0 errored=0)
2026-09-09 05:46:22,912 INFO judge: batch msgbatch_012F87GJ3W7Z2sFqx3rfBp4C: in_progress (processing=7819 succeeded=0 errored=0)
2026-09-09 05:47:23,319 INFO judge: batch msgbatch_01Fy55R91LFKH7qviTBBPLrm: in_progress (processing=3200 succeeded=0 errored=0)
2026-09-09 05:47:23,577 INFO judge: batch msgbatch_012F87GJ3W7Z2sFqx3rfBp4C: in_progress (processing=7819 succeeded=0 errored=0)
2026-09-09 05:48:24,042 INFO judge: batch msgbatch_01Fy55R91LFKH7qviTBBPLrm: in_progress (processing=3200 succeeded=0 errored=0)
2026-09-09 05:48:24,455 INFO judge: batch msgbatch_012F87GJ3W7Z2sFqx3rfBp4C: in_progress (processing=7819 succeeded=0 errored=0)
2026-09-09 05:54:02,344 INFO judge: batch msgbatch_01Fy55R91LFKH7qviTBBPLrm: in_progress (processing=3200 succeeded=0 errored=0)
2026-09-09 05:54:02,603 INFO judge: batch msgbatch_012F87GJ3W7Z2sFqx3rfBp4C: in_progress (processing=7819 succeeded=0 errored=0)
2026-09-09 05:55:02,868 INFO judge: batch msgbatch_01Fy55R91LFKH7qviTBBPLrm: in_progress (processing=3200 succeeded=0 errored=0)
2026-09-09 05:55:03,190 INFO judge: batch msgbatch_012F87GJ3W7Z2sFqx3rfBp4C: in_progress (processing=7819 succeeded=0 errored=0)
2026-09-09 05:56:03,807 INFO judge: batch msgbatch_01Fy55R91LFKH7qviTBBPLrm: in_progress (processing=3200 succeeded=0 errored=0)
2026-09-09 05:56:04,115 INFO judge: batch msgbatch_012F87GJ3W7Z2sFqx3rfBp4C: in_progress (processing=7819 succeeded=0 errored=0)
2026-09-09 05:57:04,392 INFO judge: batch msgbatch_01Fy55R91LFKH7qviTBBPLrm: in_progress (processing=3200 succeeded=0 errored=0)
2026-09-09 05:57:04,735 INFO judge: batch msgbatch_012F87GJ3W7Z2sFqx3rfBp4C: in_progress (processing=7819 succeeded=0 errored=0)
2026-09-09 05:58:05,061 INFO judge: batch msgbatch_01Fy55R91LFKH7qviTBBPLrm: in_progress (processing=3200 succeeded=0 errored=0)
2026-09-09 05:58:05,295 INFO judge: batch msgbatch_012F87GJ3W7Z2sFqx3rfBp4C: in_progress (processing=7819 succeeded=0 errored=0)
2026-09-09 05:59:05,691 INFO judge: batch msgbatch_01Fy55R91LFKH7qviTBBPLrm: in_progress (processing=3200 succeeded=0 errored=0)
2026-09-09 05:59:06,081 INFO judge: batch msgbatch_012F87GJ3W7Z2sFqx3rfBp4C: in_progress (processing=7819 succeeded=0 errored=0)
2026-09-09 06:00:06,432 INFO judge: batch msgbatch_01Fy55R91LFKH7qviTBBPLrm: in_progress (processing=3200 succeeded=0 errored=0)
2026-09-09 06:00:06,688 INFO judge: batch msgbatch_012F87GJ3W7Z2sFqx3rfBp4C: in_progress (processing=7819 succeeded=0 errored=0)
2026-09-09 06:01:07,014 INFO judge: batch msgbatch_01Fy55R91LFKH7qviTBBPLrm: in_progress (processing=3200 succeeded=0 errored=0)
2026-09-09 06:01:07,343 INFO judge: batch msgbatch_012F87GJ3W7Z2sFqx3rfBp4C: in_progress (processing=7819 succeeded=0 errored=0)
2026-09-09 06:02:07,741 INFO judge: batch msgbatch_01Fy55R91LFKH7qviTBBPLrm: in_progress (processing=3200 succeeded=0 errored=0)
2026-09-09 06:02:08,251 INFO judge: batch msgbatch_012F87GJ3W7Z2sFqx3rfBp4C: in_progress (processing=7819 succeeded=0 errored=0)
2026-09-09 06:03:08,665 INFO judge: batch msgbatch_01Fy55R91LFKH7qviTBBPLrm: in_progress (processing=3200 succeeded=0 errored=0)
2026-09-09 06:03:08,974 INFO judge: batch msgbatch_012F87GJ3W7Z2sFqx3rfBp4C: in_progress (processing=7819 succeeded=0 errored=0)
2026-09-09 06:04:09,392 INFO judge: batch msgbatch_01Fy55R91LFKH7qviTBBPLrm: in_progress (processing=3200 succeeded=0 errored=0)
2026-09-09 06:04:09,675 INFO judge: batch msgbatch_012F87GJ3W7Z2sFqx3rfBp4C: in_progress (processing=7819 succeeded=0 errored=0)
2026-09-09 06:05:10,010 INFO judge: batch msgbatch_01Fy55R91LFKH7qviTBBPLrm: in_progress (processing=3200 succeeded=0 errored=0)
2026-09-09 06:05:10,521 INFO judge: batch msgbatch_012F87GJ3W7Z2sFqx3rfBp4C: in_progress (processing=7819 succeeded=0 errored=0)
2026-09-09 06:06:10,832 INFO judge: batch msgbatch_01Fy55R91LFKH7qviTBBPLrm: in_progress (processing=3200 succeeded=0 errored=0)
2026-09-09 06:06:11,076 INFO judge: batch msgbatch_012F87GJ3W7Z2sFqx3rfBp4C: in_progress (processing=7819 succeeded=0 errored=0)
2026-09-09 06:07:11,458 INFO judge: batch msgbatch_01Fy55R91LFKH7qviTBBPLrm: in_progress (processing=3200 succeeded=0 errored=0)
2026-09-09 06:07:11,717 INFO judge: batch msgbatch_012F87GJ3W7Z2sFqx3rfBp4C: in_progress (processing=7819 succeeded=0 errored=0)
2026-09-09 06:08:12,261 INFO judge: batch msgbatch_01Fy55R91LFKH7qviTBBPLrm: in_progress (processing=3200 succeeded=0 errored=0)
2026-09-09 06:08:12,565 INFO judge: batch msgbatch_012F87GJ3W7Z2sFqx3rfBp4C: in_progress (processing=7819 succeeded=0 errored=0)
2026-09-09 06:09:12,874 INFO judge: batch msgbatch_01Fy55R91LFKH7qviTBBPLrm: in_progress (processing=3200 succeeded=0 errored=0)
2026-09-09 06:09:13,385 INFO judge: batch msgbatch_012F87GJ3W7Z2sFqx3rfBp4C: in_progress (processing=7819 succeeded=0 errored=0)
2026-09-09 06:10:13,720 INFO judge: batch msgbatch_01Fy55R91LFKH7qviTBBPLrm: in_progress (processing=3200 succeeded=0 errored=0)
2026-09-09 06:10:13,990 INFO judge: batch msgbatch_012F87GJ3W7Z2sFqx3rfBp4C: in_progress (processing=7819 succeeded=0 errored=0)
2026-09-09 06:11:14,429 INFO judge: batch msgbatch_01Fy55R91LFKH7qviTBBPLrm: in_progress (processing=3200 succeeded=0 errored=0)
2026-09-09 06:11:14,675 INFO judge: batch msgbatch_012F87GJ3W7Z2sFqx3rfBp4C: in_progress (processing=7819 succeeded=0 errored=0)
2026-09-09 06:12:15,034 INFO judge: batch msgbatch_01Fy55R91LFKH7qviTBBPLrm: in_progress (processing=3200 succeeded=0 errored=0)
2026-09-09 06:12:15,268 INFO judge: batch msgbatch_012F87GJ3W7Z2sFqx3rfBp4C: in_progress (processing=7819 succeeded=0 errored=0)
2026-09-09 06:13:15,698 INFO judge: batch msgbatch_01Fy55R91LFKH7qviTBBPLrm: in_progress (processing=3200 succeeded=0 errored=0)
2026-09-09 06:13:16,105 INFO judge: batch msgbatch_012F87GJ3W7Z2sFqx3rfBp4C: in_progress (processing=7819 succeeded=0 errored=0)
2026-09-09 06:14:16,384 INFO judge: batch msgbatch_01Fy55R91LFKH7qviTBBPLrm: in_progress (processing=3200 succeeded=0 errored=0)
2026-09-09 06:14:16,830 INFO judge: batch msgbatch_012F87GJ3W7Z2sFqx3rfBp4C: in_progress (processing=7819 succeeded=0 errored=0)
2026-09-09 06:15:17,244 INFO judge: batch msgbatch_01Fy55R91LFKH7qviTBBPLrm: in_progress (processing=3200 succeeded=0 errored=0)
2026-09-09 06:15:17,654 INFO judge: batch msgbatch_012F87GJ3W7Z2sFqx3rfBp4C: in_progress (processing=7819 succeeded=0 errored=0)
2026-09-09 06:16:18,069 INFO judge: batch msgbatch_01Fy55R91LFKH7qviTBBPLrm: in_progress (processing=3200 succeeded=0 errored=0)
2026-09-09 06:16:18,379 INFO judge: batch msgbatch_012F87GJ3W7Z2sFqx3rfBp4C: in_progress (processing=7819 succeeded=0 errored=0)
2026-09-09 06:17:18,688 INFO judge: batch msgbatch_01Fy55R91LFKH7qviTBBPLrm: in_progress (processing=3200 succeeded=0 errored=0)
2026-09-09 06:17:18,997 INFO judge: batch msgbatch_012F87GJ3W7Z2sFqx3rfBp4C: in_progress (processing=7819 succeeded=0 errored=0)
2026-09-09 06:18:19,516 INFO judge: batch msgbatch_01Fy55R91LFKH7qviTBBPLrm: in_progress (processing=3200 succeeded=0 errored=0)
2026-09-09 06:18:20,131 INFO judge: batch msgbatch_012F87GJ3W7Z2sFqx3rfBp4C: in_progress (processing=7819 succeeded=0 errored=0)
2026-09-09 06:19:20,546 INFO judge: batch msgbatch_01Fy55R91LFKH7qviTBBPLrm: in_progress (processing=3200 succeeded=0 errored=0)
2026-09-09 06:19:20,955 INFO judge: batch msgbatch_012F87GJ3W7Z2sFqx3rfBp4C: in_progress (processing=7819 succeeded=0 errored=0)
2026-09-09 06:20:21,886 INFO judge: batch msgbatch_01Fy55R91LFKH7qviTBBPLrm: in_progress (processing=3200 succeeded=0 errored=0)
2026-09-09 06:20:22,291 INFO judge: batch msgbatch_012F87GJ3W7Z2sFqx3rfBp4C: in_progress (processing=7819 succeeded=0 errored=0)
2026-09-09 06:21:22,710 INFO judge: batch msgbatch_01Fy55R91LFKH7qviTBBPLrm: in_progress (processing=3200 succeeded=0 errored=0)
2026-09-09 06:21:23,326 INFO judge: batch msgbatch_012F87GJ3W7Z2sFqx3rfBp4C: in_progress (processing=7819 succeeded=0 errored=0)
2026-09-09 06:22:23,874 INFO judge: batch msgbatch_01Fy55R91LFKH7qviTBBPLrm: in_progress (processing=3200 succeeded=0 errored=0)
2026-09-09 06:22:25,263 INFO judge: batch msgbatch_012F87GJ3W7Z2sFqx3rfBp4C: in_progress (processing=7819 succeeded=0 errored=0)
2026-09-09 06:23:25,694 INFO judge: batch msgbatch_01Fy55R91LFKH7qviTBBPLrm: in_progress (processing=3200 succeeded=0 errored=0)
2026-09-09 06:23:26,002 INFO judge: batch msgbatch_012F87GJ3W7Z2sFqx3rfBp4C: in_progress (processing=7819 succeeded=0 errored=0)
2026-09-09 06:24:26,416 INFO judge: batch msgbatch_01Fy55R91LFKH7qviTBBPLrm: in_progress (processing=3200 succeeded=0 errored=0)
2026-09-09 06:24:26,826 INFO judge: batch msgbatch_012F87GJ3W7Z2sFqx3rfBp4C: in_progress (processing=7819 succeeded=0 errored=0)
2026-09-09 06:25:27,241 INFO judge: batch msgbatch_01Fy55R91LFKH7qviTBBPLrm: in_progress (processing=3200 succeeded=0 errored=0)
2026-09-09 06:25:27,481 INFO judge: batch msgbatch_012F87GJ3W7Z2sFqx3rfBp4C: in_progress (processing=7819 succeeded=0 errored=0)
2026-09-09 06:26:27,790 INFO judge: batch msgbatch_01Fy55R91LFKH7qviTBBPLrm: in_progress (processing=3200 succeeded=0 errored=0)
2026-09-09 06:26:28,168 INFO judge: batch msgbatch_012F87GJ3W7Z2sFqx3rfBp4C: in_progress (processing=7819 succeeded=0 errored=0)
2026-09-09 06:27:28,585 INFO judge: batch msgbatch_01Fy55R91LFKH7qviTBBPLrm: in_progress (processing=3200 succeeded=0 errored=0)
2026-09-09 06:27:28,826 INFO judge: batch msgbatch_012F87GJ3W7Z2sFqx3rfBp4C: in_progress (processing=7819 succeeded=0 errored=0)
2026-09-09 06:28:29,206 INFO judge: batch msgbatch_01Fy55R91LFKH7qviTBBPLrm: in_progress (processing=3200 succeeded=0 errored=0)
2026-09-09 06:28:29,517 INFO judge: batch msgbatch_012F87GJ3W7Z2sFqx3rfBp4C: in_progress (processing=7819 succeeded=0 errored=0)
2026-09-09 06:29:30,033 INFO judge: batch msgbatch_01Fy55R91LFKH7qviTBBPLrm: in_progress (processing=3200 succeeded=0 errored=0)
2026-09-09 06:29:30,424 INFO judge: batch msgbatch_012F87GJ3W7Z2sFqx3rfBp4C: in_progress (processing=7819 succeeded=0 errored=0)
2026-09-09 06:30:30,863 INFO judge: batch msgbatch_01Fy55R91LFKH7qviTBBPLrm: in_progress (processing=3200 succeeded=0 errored=0)
2026-09-09 06:30:31,273 INFO judge: batch msgbatch_012F87GJ3W7Z2sFqx3rfBp4C: in_progress (processing=7819 succeeded=0 errored=0)
2026-09-09 06:31:31,797 INFO judge: batch msgbatch_01Fy55R91LFKH7qviTBBPLrm: in_progress (processing=3200 succeeded=0 errored=0)
2026-09-09 06:31:32,921 INFO judge: batch msgbatch_012F87GJ3W7Z2sFqx3rfBp4C: in_progress (processing=7819 succeeded=0 errored=0)
2026-09-09 06:32:33,299 INFO judge: batch msgbatch_01Fy55R91LFKH7qviTBBPLrm: in_progress (processing=3200 succeeded=0 errored=0)
2026-09-09 06:32:33,581 INFO judge: batch msgbatch_012F87GJ3W7Z2sFqx3rfBp4C: in_progress (processing=7819 succeeded=0 errored=0)
2026-09-09 06:33:34,057 INFO judge: batch msgbatch_01Fy55R91LFKH7qviTBBPLrm: in_progress (processing=3200 succeeded=0 errored=0)
2026-09-09 06:33:34,390 INFO judge: batch msgbatch_012F87GJ3W7Z2sFqx3rfBp4C: in_progress (processing=7819 succeeded=0 errored=0)
2026-09-09 06:34:34,780 INFO judge: batch msgbatch_01Fy55R91LFKH7qviTBBPLrm: in_progress (processing=3200 succeeded=0 errored=0)
2026-09-09 06:34:34,997 INFO judge: batch msgbatch_012F87GJ3W7Z2sFqx3rfBp4C: in_progress (processing=7819 succeeded=0 errored=0)
2026-09-09 06:35:35,299 INFO judge: batch msgbatch_01Fy55R91LFKH7qviTBBPLrm: in_progress (processing=3200 succeeded=0 errored=0)
2026-09-09 06:35:35,583 INFO judge: batch msgbatch_012F87GJ3W7Z2sFqx3rfBp4C: in_progress (processing=7819 succeeded=0 errored=0)
2026-09-09 06:36:35,959 INFO judge: batch msgbatch_01Fy55R91LFKH7qviTBBPLrm: in_progress (processing=3200 succeeded=0 errored=0)
2026-09-09 06:36:36,211 INFO judge: batch msgbatch_012F87GJ3W7Z2sFqx3rfBp4C: in_progress (processing=7819 succeeded=0 errored=0)
2026-09-09 06:37:36,505 INFO judge: batch msgbatch_01Fy55R91LFKH7qviTBBPLrm: in_progress (processing=3200 succeeded=0 errored=0)
2026-09-09 06:37:36,951 INFO judge: batch msgbatch_012F87GJ3W7Z2sFqx3rfBp4C: in_progress (processing=7819 succeeded=0 errored=0)
2026-09-09 06:38:37,274 INFO judge: batch msgbatch_01Fy55R91LFKH7qviTBBPLrm: in_progress (processing=3200 succeeded=0 errored=0)
2026-09-09 06:38:37,570 INFO judge: batch msgbatch_012F87GJ3W7Z2sFqx3rfBp4C: in_progress (processing=7819 succeeded=0 errored=0)
2026-09-09 06:39:37,975 INFO judge: batch msgbatch_01Fy55R91LFKH7qviTBBPLrm: in_progress (processing=3200 succeeded=0 errored=0)
2026-09-09 06:39:38,297 INFO judge: batch msgbatch_012F87GJ3W7Z2sFqx3rfBp4C: in_progress (processing=7819 succeeded=0 errored=0)
2026-09-09 06:40:38,590 INFO judge: batch msgbatch_01Fy55R91LFKH7qviTBBPLrm: in_progress (processing=3200 succeeded=0 errored=0)
2026-09-09 06:40:38,838 INFO judge: batch msgbatch_012F87GJ3W7Z2sFqx3rfBp4C: in_progress (processing=7819 succeeded=0 errored=0)
2026-09-09 06:41:39,227 INFO judge: batch msgbatch_01Fy55R91LFKH7qviTBBPLrm: in_progress (processing=3200 succeeded=0 errored=0)
2026-09-09 06:41:39,640 INFO judge: batch msgbatch_012F87GJ3W7Z2sFqx3rfBp4C: in_progress (processing=7819 succeeded=0 errored=0)
2026-09-09 06:42:40,571 INFO judge: batch msgbatch_01Fy55R91LFKH7qviTBBPLrm: in_progress (processing=3200 succeeded=0 errored=0)
2026-09-09 06:42:40,977 INFO judge: batch msgbatch_012F87GJ3W7Z2sFqx3rfBp4C: in_progress (processing=7819 succeeded=0 errored=0)
2026-09-09 06:43:41,394 INFO judge: batch msgbatch_01Fy55R91LFKH7qviTBBPLrm: in_progress (processing=3200 succeeded=0 errored=0)
2026-09-09 06:43:41,703 INFO judge: batch msgbatch_012F87GJ3W7Z2sFqx3rfBp4C: in_progress (processing=7819 succeeded=0 errored=0)
2026-09-09 06:44:42,057 INFO judge: batch msgbatch_01Fy55R91LFKH7qviTBBPLrm: in_progress (processing=3200 succeeded=0 errored=0)
2026-09-09 06:44:42,309 INFO judge: batch msgbatch_012F87GJ3W7Z2sFqx3rfBp4C: in_progress (processing=7819 succeeded=0 errored=0)
2026-09-09 06:45:42,739 INFO judge: batch msgbatch_01Fy55R91LFKH7qviTBBPLrm: in_progress (processing=3200 succeeded=0 errored=0)
2026-09-09 06:45:43,044 INFO judge: batch msgbatch_012F87GJ3W7Z2sFqx3rfBp4C: in_progress (processing=7819 succeeded=0 errored=0)
2026-09-09 06:46:43,357 INFO judge: batch msgbatch_01Fy55R91LFKH7qviTBBPLrm: in_progress (processing=3200 succeeded=0 errored=0)
2026-09-09 06:46:43,601 INFO judge: batch msgbatch_012F87GJ3W7Z2sFqx3rfBp4C: in_progress (processing=7819 succeeded=0 errored=0)
2026-09-09 06:47:43,979 INFO judge: batch msgbatch_01Fy55R91LFKH7qviTBBPLrm: in_progress (processing=3200 succeeded=0 errored=0)
2026-09-09 06:47:44,262 INFO judge: batch msgbatch_012F87GJ3W7Z2sFqx3rfBp4C: in_progress (processing=7819 succeeded=0 errored=0)
2026-09-09 06:48:44,601 INFO judge: batch msgbatch_01Fy55R91LFKH7qviTBBPLrm: in_progress (processing=3200 succeeded=0 errored=0)
2026-09-09 06:48:44,908 INFO judge: batch msgbatch_012F87GJ3W7Z2sFqx3rfBp4C: in_progress (processing=7819 succeeded=0 errored=0)
2026-09-09 06:49:45,237 INFO judge: batch msgbatch_01Fy55R91LFKH7qviTBBPLrm: in_progress (processing=3200 succeeded=0 errored=0)
2026-09-09 06:49:45,497 INFO judge: batch msgbatch_012F87GJ3W7Z2sFqx3rfBp4C: in_progress (processing=7819 succeeded=0 errored=0)
2026-09-09 06:50:45,945 INFO judge: batch msgbatch_01Fy55R91LFKH7qviTBBPLrm: in_progress (processing=3200 succeeded=0 errored=0)
2026-09-09 06:50:46,354 INFO judge: batch msgbatch_012F87GJ3W7Z2sFqx3rfBp4C: in_progress (processing=7819 succeeded=0 errored=0)
2026-09-09 06:51:46,871 INFO judge: batch msgbatch_01Fy55R91LFKH7qviTBBPLrm: in_progress (processing=3200 succeeded=0 errored=0)
2026-09-09 06:51:47,113 INFO judge: batch msgbatch_012F87GJ3W7Z2sFqx3rfBp4C: in_progress (processing=7819 succeeded=0 errored=0)
2026-09-09 06:52:47,492 INFO judge: batch msgbatch_01Fy55R91LFKH7qviTBBPLrm: in_progress (processing=3200 succeeded=0 errored=0)
2026-09-09 06:52:47,903 INFO judge: batch msgbatch_012F87GJ3W7Z2sFqx3rfBp4C: in_progress (processing=7819 succeeded=0 errored=0)
2026-09-09 06:53:48,319 INFO judge: batch msgbatch_01Fy55R91LFKH7qviTBBPLrm: in_progress (processing=3200 succeeded=0 errored=0)
2026-09-09 06:53:48,730 INFO judge: batch msgbatch_012F87GJ3W7Z2sFqx3rfBp4C: in_progress (processing=7819 succeeded=0 errored=0)
2026-09-09 06:54:49,245 INFO judge: batch msgbatch_01Fy55R91LFKH7qviTBBPLrm: in_progress (processing=3200 succeeded=0 errored=0)
2026-09-09 06:54:49,519 INFO judge: batch msgbatch_012F87GJ3W7Z2sFqx3rfBp4C: in_progress (processing=7819 succeeded=0 errored=0)
2026-09-09 07:05:54,150 INFO judge: batch msgbatch_01Fy55R91LFKH7qviTBBPLrm: in_progress (processing=3200 succeeded=0 errored=0)
2026-09-09 07:05:54,394 INFO judge: batch msgbatch_012F87GJ3W7Z2sFqx3rfBp4C: in_progress (processing=7819 succeeded=0 errored=0)
2026-09-09 07:23:16,592 INFO judge: batch msgbatch_01Fy55R91LFKH7qviTBBPLrm: in_progress (processing=3200 succeeded=0 errored=0)
2026-09-09 07:23:16,931 INFO judge: batch msgbatch_012F87GJ3W7Z2sFqx3rfBp4C: in_progress (processing=7819 succeeded=0 errored=0)
2026-09-09 07:24:17,284 INFO judge: batch msgbatch_01Fy55R91LFKH7qviTBBPLrm: in_progress (processing=3200 succeeded=0 errored=0)
2026-09-09 07:24:17,528 INFO judge: batch msgbatch_012F87GJ3W7Z2sFqx3rfBp4C: in_progress (processing=7819 succeeded=0 errored=0)
2026-09-09 07:25:17,902 INFO judge: batch msgbatch_01Fy55R91LFKH7qviTBBPLrm: in_progress (processing=3200 succeeded=0 errored=0)
2026-09-09 07:25:18,149 INFO judge: batch msgbatch_012F87GJ3W7Z2sFqx3rfBp4C: in_progress (processing=7819 succeeded=0 errored=0)
2026-09-09 07:26:18,525 INFO judge: batch msgbatch_01Fy55R91LFKH7qviTBBPLrm: in_progress (processing=3200 succeeded=0 errored=0)
2026-09-09 07:26:18,832 INFO judge: batch msgbatch_012F87GJ3W7Z2sFqx3rfBp4C: in_progress (processing=7819 succeeded=0 errored=0)
2026-09-09 07:27:19,352 INFO judge: batch msgbatch_01Fy55R91LFKH7qviTBBPLrm: in_progress (processing=3200 succeeded=0 errored=0)
2026-09-09 07:27:19,576 INFO judge: batch msgbatch_012F87GJ3W7Z2sFqx3rfBp4C: in_progress (processing=7819 succeeded=0 errored=0)
2026-09-09 07:28:19,886 INFO judge: batch msgbatch_01Fy55R91LFKH7qviTBBPLrm: in_progress (processing=3200 succeeded=0 errored=0)
2026-09-09 07:28:20,281 INFO judge: batch msgbatch_012F87GJ3W7Z2sFqx3rfBp4C: in_progress (processing=7819 succeeded=0 errored=0)
2026-09-09 07:29:20,582 INFO judge: batch msgbatch_01Fy55R91LFKH7qviTBBPLrm: in_progress (processing=3200 succeeded=0 errored=0)
2026-09-09 07:29:20,817 INFO judge: batch msgbatch_012F87GJ3W7Z2sFqx3rfBp4C: in_progress (processing=7819 succeeded=0 errored=0)
2026-09-09 07:30:21,098 INFO judge: batch msgbatch_01Fy55R91LFKH7qviTBBPLrm: in_progress (processing=3200 succeeded=0 errored=0)
2026-09-09 07:30:21,346 INFO judge: batch msgbatch_012F87GJ3W7Z2sFqx3rfBp4C: in_progress (processing=7819 succeeded=0 errored=0)
2026-09-09 07:31:21,885 INFO judge: batch msgbatch_01Fy55R91LFKH7qviTBBPLrm: in_progress (processing=3200 succeeded=0 errored=0)
2026-09-09 07:31:22,125 INFO judge: batch msgbatch_012F87GJ3W7Z2sFqx3rfBp4C: in_progress (processing=7819 succeeded=0 errored=0)
2026-09-09 07:32:22,527 INFO judge: batch msgbatch_01Fy55R91LFKH7qviTBBPLrm: in_progress (processing=3200 succeeded=0 errored=0)
2026-09-09 07:32:22,996 INFO judge: batch msgbatch_012F87GJ3W7Z2sFqx3rfBp4C: in_progress (processing=7819 succeeded=0 errored=0)
2026-09-09 07:33:23,352 INFO judge: batch msgbatch_01Fy55R91LFKH7qviTBBPLrm: in_progress (processing=3200 succeeded=0 errored=0)
2026-09-09 07:33:23,726 INFO judge: batch msgbatch_012F87GJ3W7Z2sFqx3rfBp4C: in_progress (processing=7819 succeeded=0 errored=0)
2026-09-09 07:34:24,109 INFO judge: batch msgbatch_01Fy55R91LFKH7qviTBBPLrm: in_progress (processing=3200 succeeded=0 errored=0)
2026-09-09 07:34:24,724 INFO judge: batch msgbatch_012F87GJ3W7Z2sFqx3rfBp4C: in_progress (processing=7819 succeeded=0 errored=0)
2026-09-09 07:35:25,013 INFO judge: batch msgbatch_01Fy55R91LFKH7qviTBBPLrm: in_progress (processing=3200 succeeded=0 errored=0)
2026-09-09 07:35:25,448 INFO judge: batch msgbatch_012F87GJ3W7Z2sFqx3rfBp4C: in_progress (processing=7819 succeeded=0 errored=0)
2026-09-09 07:36:25,798 INFO judge: batch msgbatch_01Fy55R91LFKH7qviTBBPLrm: in_progress (processing=3200 succeeded=0 errored=0)
2026-09-09 07:36:26,171 INFO judge: batch msgbatch_012F87GJ3W7Z2sFqx3rfBp4C: in_progress (processing=7819 succeeded=0 errored=0)
2026-09-09 07:37:26,588 INFO judge: batch msgbatch_01Fy55R91LFKH7qviTBBPLrm: in_progress (processing=3200 succeeded=0 errored=0)
2026-09-09 07:37:26,845 INFO judge: batch msgbatch_012F87GJ3W7Z2sFqx3rfBp4C: in_progress (processing=7819 succeeded=0 errored=0)
2026-09-09 07:38:27,311 INFO judge: batch msgbatch_01Fy55R91LFKH7qviTBBPLrm: in_progress (processing=3200 succeeded=0 errored=0)
2026-09-09 07:38:28,031 INFO judge: batch msgbatch_012F87GJ3W7Z2sFqx3rfBp4C: in_progress (processing=7819 succeeded=0 errored=0)
2026-09-09 07:39:28,445 INFO judge: batch msgbatch_01Fy55R91LFKH7qviTBBPLrm: in_progress (processing=3200 succeeded=0 errored=0)
2026-09-09 07:39:28,958 INFO judge: batch msgbatch_012F87GJ3W7Z2sFqx3rfBp4C: in_progress (processing=7819 succeeded=0 errored=0)
2026-09-09 07:40:29,297 INFO judge: batch msgbatch_01Fy55R91LFKH7qviTBBPLrm: in_progress (processing=3200 succeeded=0 errored=0)
2026-09-09 07:40:29,679 INFO judge: batch msgbatch_012F87GJ3W7Z2sFqx3rfBp4C: in_progress (processing=7819 succeeded=0 errored=0)
2026-09-09 07:41:30,099 INFO judge: batch msgbatch_01Fy55R91LFKH7qviTBBPLrm: in_progress (processing=3200 succeeded=0 errored=0)
2026-09-09 07:41:30,406 INFO judge: batch msgbatch_012F87GJ3W7Z2sFqx3rfBp4C: in_progress (processing=7819 succeeded=0 errored=0)
2026-09-09 07:42:30,722 INFO judge: batch msgbatch_01Fy55R91LFKH7qviTBBPLrm: in_progress (processing=3200 succeeded=0 errored=0)
2026-09-09 07:42:31,163 INFO judge: batch msgbatch_012F87GJ3W7Z2sFqx3rfBp4C: in_progress (processing=7819 succeeded=0 errored=0)
2026-09-09 07:43:31,543 INFO judge: batch msgbatch_01Fy55R91LFKH7qviTBBPLrm: in_progress (processing=3200 succeeded=0 errored=0)
2026-09-09 07:43:31,853 INFO judge: batch msgbatch_012F87GJ3W7Z2sFqx3rfBp4C: in_progress (processing=7819 succeeded=0 errored=0)
2026-09-09 07:44:32,153 INFO judge: batch msgbatch_01Fy55R91LFKH7qviTBBPLrm: in_progress (processing=3200 succeeded=0 errored=0)
2026-09-09 07:44:32,395 INFO judge: batch msgbatch_012F87GJ3W7Z2sFqx3rfBp4C: in_progress (processing=7819 succeeded=0 errored=0)
2026-09-09 07:45:32,730 INFO judge: batch msgbatch_01Fy55R91LFKH7qviTBBPLrm: in_progress (processing=3200 succeeded=0 errored=0)
2026-09-09 07:45:32,969 INFO judge: batch msgbatch_012F87GJ3W7Z2sFqx3rfBp4C: in_progress (processing=7819 succeeded=0 errored=0)
2026-09-09 07:46:33,410 INFO judge: batch msgbatch_01Fy55R91LFKH7qviTBBPLrm: in_progress (processing=3200 succeeded=0 errored=0)
2026-09-09 07:46:33,662 INFO judge: batch msgbatch_012F87GJ3W7Z2sFqx3rfBp4C: in_progress (processing=7819 succeeded=0 errored=0)
2026-09-09 07:47:33,989 INFO judge: batch msgbatch_01Fy55R91LFKH7qviTBBPLrm: in_progress (processing=3200 succeeded=0 errored=0)
2026-09-09 07:47:34,335 INFO judge: batch msgbatch_012F87GJ3W7Z2sFqx3rfBp4C: in_progress (processing=7819 succeeded=0 errored=0)
2026-09-09 07:48:36,482 INFO judge: batch msgbatch_01Fy55R91LFKH7qviTBBPLrm: in_progress (processing=3200 succeeded=0 errored=0)
2026-09-09 07:48:37,521 INFO judge: batch msgbatch_012F87GJ3W7Z2sFqx3rfBp4C: in_progress (processing=7819 succeeded=0 errored=0)
2026-09-09 07:49:37,845 INFO judge: batch msgbatch_01Fy55R91LFKH7qviTBBPLrm: in_progress (processing=3200 succeeded=0 errored=0)
2026-09-09 07:49:38,195 INFO judge: batch msgbatch_012F87GJ3W7Z2sFqx3rfBp4C: in_progress (processing=7819 succeeded=0 errored=0)
2026-09-09 07:50:38,658 INFO judge: batch msgbatch_01Fy55R91LFKH7qviTBBPLrm: in_progress (processing=3200 succeeded=0 errored=0)
2026-09-09 07:50:38,906 INFO judge: batch msgbatch_012F87GJ3W7Z2sFqx3rfBp4C: in_progress (processing=7819 succeeded=0 errored=0)
2026-09-09 07:51:39,483 INFO judge: batch msgbatch_01Fy55R91LFKH7qviTBBPLrm: in_progress (processing=3200 succeeded=0 errored=0)
2026-09-09 07:51:39,790 INFO judge: batch msgbatch_012F87GJ3W7Z2sFqx3rfBp4C: in_progress (processing=7819 succeeded=0 errored=0)
2026-09-09 07:52:40,208 INFO judge: batch msgbatch_01Fy55R91LFKH7qviTBBPLrm: in_progress (processing=3200 succeeded=0 errored=0)
2026-09-09 07:52:40,513 INFO judge: batch msgbatch_012F87GJ3W7Z2sFqx3rfBp4C: in_progress (processing=7819 succeeded=0 errored=0)
2026-09-09 07:53:40,932 INFO judge: batch msgbatch_01Fy55R91LFKH7qviTBBPLrm: in_progress (processing=3200 succeeded=0 errored=0)
2026-09-09 07:53:41,338 INFO judge: batch msgbatch_012F87GJ3W7Z2sFqx3rfBp4C: in_progress (processing=7819 succeeded=0 errored=0)
2026-09-09 07:54:41,757 INFO judge: batch msgbatch_01Fy55R91LFKH7qviTBBPLrm: in_progress (processing=3200 succeeded=0 errored=0)
2026-09-09 07:54:42,254 INFO judge: batch msgbatch_012F87GJ3W7Z2sFqx3rfBp4C: in_progress (processing=7819 succeeded=0 errored=0)
2026-09-09 07:55:42,580 INFO judge: batch msgbatch_01Fy55R91LFKH7qviTBBPLrm: in_progress (processing=3200 succeeded=0 errored=0)
2026-09-09 07:55:42,894 INFO judge: batch msgbatch_012F87GJ3W7Z2sFqx3rfBp4C: in_progress (processing=7819 succeeded=0 errored=0)
2026-09-09 07:56:43,306 INFO judge: batch msgbatch_01Fy55R91LFKH7qviTBBPLrm: in_progress (processing=3200 succeeded=0 errored=0)
2026-09-09 07:56:43,613 INFO judge: batch msgbatch_012F87GJ3W7Z2sFqx3rfBp4C: in_progress (processing=7819 succeeded=0 errored=0)
2026-09-09 07:57:44,134 INFO judge: batch msgbatch_01Fy55R91LFKH7qviTBBPLrm: in_progress (processing=3200 succeeded=0 errored=0)
2026-09-09 07:57:44,376 INFO judge: batch msgbatch_012F87GJ3W7Z2sFqx3rfBp4C: in_progress (processing=7819 succeeded=0 errored=0)
2026-09-09 07:58:44,856 INFO judge: batch msgbatch_01Fy55R91LFKH7qviTBBPLrm: in_progress (processing=3200 succeeded=0 errored=0)
2026-09-09 07:58:45,085 INFO judge: batch msgbatch_012F87GJ3W7Z2sFqx3rfBp4C: in_progress (processing=7819 succeeded=0 errored=0)
2026-09-09 07:59:45,402 INFO judge: batch msgbatch_01Fy55R91LFKH7qviTBBPLrm: in_progress (processing=3200 succeeded=0 errored=0)
2026-09-09 07:59:45,659 INFO judge: batch msgbatch_012F87GJ3W7Z2sFqx3rfBp4C: in_progress (processing=7819 succeeded=0 errored=0)
2026-09-09 08:00:46,105 INFO judge: batch msgbatch_01Fy55R91LFKH7qviTBBPLrm: in_progress (processing=3200 succeeded=0 errored=0)
2026-09-09 08:00:46,511 INFO judge: batch msgbatch_012F87GJ3W7Z2sFqx3rfBp4C: in_progress (processing=7819 succeeded=0 errored=0)
2026-09-09 08:01:46,812 INFO judge: batch msgbatch_01Fy55R91LFKH7qviTBBPLrm: in_progress (processing=3200 succeeded=0 errored=0)
2026-09-09 08:01:47,137 INFO judge: batch msgbatch_012F87GJ3W7Z2sFqx3rfBp4C: in_progress (processing=7819 succeeded=0 errored=0)
2026-09-09 08:02:47,552 INFO judge: batch msgbatch_01Fy55R91LFKH7qviTBBPLrm: in_progress (processing=3200 succeeded=0 errored=0)
2026-09-09 08:02:47,803 INFO judge: batch msgbatch_012F87GJ3W7Z2sFqx3rfBp4C: in_progress (processing=7819 succeeded=0 errored=0)
2026-09-09 08:03:48,170 INFO judge: batch msgbatch_01Fy55R91LFKH7qviTBBPLrm: in_progress (processing=3200 succeeded=0 errored=0)
2026-09-09 08:03:49,929 INFO judge: batch msgbatch_012F87GJ3W7Z2sFqx3rfBp4C: in_progress (processing=7819 succeeded=0 errored=0)
2026-09-09 08:04:50,328 INFO judge: batch msgbatch_01Fy55R91LFKH7qviTBBPLrm: in_progress (processing=3200 succeeded=0 errored=0)
2026-09-09 08:04:50,579 INFO judge: batch msgbatch_012F87GJ3W7Z2sFqx3rfBp4C: in_progress (processing=7819 succeeded=0 errored=0)
2026-09-09 08:05:50,953 INFO judge: batch msgbatch_01Fy55R91LFKH7qviTBBPLrm: in_progress (processing=3200 succeeded=0 errored=0)
2026-09-09 08:05:51,362 INFO judge: batch msgbatch_012F87GJ3W7Z2sFqx3rfBp4C: in_progress (processing=7819 succeeded=0 errored=0)
2026-09-09 08:06:51,722 INFO judge: batch msgbatch_01Fy55R91LFKH7qviTBBPLrm: in_progress (processing=3200 succeeded=0 errored=0)
2026-09-09 08:06:51,955 INFO judge: batch msgbatch_012F87GJ3W7Z2sFqx3rfBp4C: in_progress (processing=7819 succeeded=0 errored=0)
2026-09-09 08:07:52,245 INFO judge: batch msgbatch_01Fy55R91LFKH7qviTBBPLrm: in_progress (processing=3200 succeeded=0 errored=0)
2026-09-09 08:07:52,603 INFO judge: batch msgbatch_012F87GJ3W7Z2sFqx3rfBp4C: in_progress (processing=7819 succeeded=0 errored=0)
2026-09-09 08:08:52,952 INFO judge: batch msgbatch_01Fy55R91LFKH7qviTBBPLrm: in_progress (processing=3200 succeeded=0 errored=0)
2026-09-09 08:08:53,202 INFO judge: batch msgbatch_012F87GJ3W7Z2sFqx3rfBp4C: in_progress (processing=7819 succeeded=0 errored=0)
2026-09-09 08:09:53,540 INFO judge: batch msgbatch_01Fy55R91LFKH7qviTBBPLrm: in_progress (processing=3200 succeeded=0 errored=0)
2026-09-09 08:09:53,761 INFO judge: batch msgbatch_012F87GJ3W7Z2sFqx3rfBp4C: in_progress (processing=7819 succeeded=0 errored=0)
2026-09-09 08:10:54,058 INFO judge: batch msgbatch_01Fy55R91LFKH7qviTBBPLrm: in_progress (processing=3200 succeeded=0 errored=0)
2026-09-09 08:10:54,277 INFO judge: batch msgbatch_012F87GJ3W7Z2sFqx3rfBp4C: in_progress (processing=7819 succeeded=0 errored=0)
2026-09-09 08:11:54,551 INFO judge: batch msgbatch_01Fy55R91LFKH7qviTBBPLrm: in_progress (processing=3200 succeeded=0 errored=0)
2026-09-09 08:11:54,985 INFO judge: batch msgbatch_012F87GJ3W7Z2sFqx3rfBp4C: in_progress (processing=7819 succeeded=0 errored=0)
2026-09-09 08:12:55,510 INFO judge: batch msgbatch_01Fy55R91LFKH7qviTBBPLrm: in_progress (processing=3200 succeeded=0 errored=0)
2026-09-09 08:12:55,800 INFO judge: batch msgbatch_012F87GJ3W7Z2sFqx3rfBp4C: in_progress (processing=7819 succeeded=0 errored=0)
2026-09-09 08:13:56,126 INFO judge: batch msgbatch_01Fy55R91LFKH7qviTBBPLrm: in_progress (processing=3200 succeeded=0 errored=0)
2026-09-09 08:13:56,533 INFO judge: batch msgbatch_012F87GJ3W7Z2sFqx3rfBp4C: in_progress (processing=7819 succeeded=0 errored=0)
2026-09-09 08:14:56,951 INFO judge: batch msgbatch_01Fy55R91LFKH7qviTBBPLrm: in_progress (processing=3200 succeeded=0 errored=0)
2026-09-09 08:14:57,237 INFO judge: batch msgbatch_012F87GJ3W7Z2sFqx3rfBp4C: in_progress (processing=7819 succeeded=0 errored=0)
2026-09-09 08:15:57,588 INFO judge: batch msgbatch_01Fy55R91LFKH7qviTBBPLrm: in_progress (processing=3200 succeeded=0 errored=0)
2026-09-09 08:15:57,893 INFO judge: batch msgbatch_012F87GJ3W7Z2sFqx3rfBp4C: in_progress (processing=7819 succeeded=0 errored=0)
2026-09-09 08:16:58,299 INFO judge: batch msgbatch_01Fy55R91LFKH7qviTBBPLrm: in_progress (processing=3200 succeeded=0 errored=0)
2026-09-09 08:16:58,604 INFO judge: batch msgbatch_012F87GJ3W7Z2sFqx3rfBp4C: in_progress (processing=7819 succeeded=0 errored=0)
2026-09-09 08:17:59,028 INFO judge: batch msgbatch_01Fy55R91LFKH7qviTBBPLrm: in_progress (processing=3200 succeeded=0 errored=0)
2026-09-09 08:17:59,283 INFO judge: batch msgbatch_012F87GJ3W7Z2sFqx3rfBp4C: in_progress (processing=7819 succeeded=0 errored=0)
2026-09-09 08:18:59,635 INFO judge: batch msgbatch_01Fy55R91LFKH7qviTBBPLrm: in_progress (processing=3200 succeeded=0 errored=0)
2026-09-09 08:18:59,864 INFO judge: batch msgbatch_012F87GJ3W7Z2sFqx3rfBp4C: in_progress (processing=7819 succeeded=0 errored=0)
2026-09-09 08:20:00,262 INFO judge: batch msgbatch_01Fy55R91LFKH7qviTBBPLrm: in_progress (processing=3200 succeeded=0 errored=0)
2026-09-09 08:20:00,514 INFO judge: batch msgbatch_012F87GJ3W7Z2sFqx3rfBp4C: in_progress (processing=7819 succeeded=0 errored=0)
2026-09-09 08:21:01,086 INFO judge: batch msgbatch_01Fy55R91LFKH7qviTBBPLrm: in_progress (processing=3200 succeeded=0 errored=0)
2026-09-09 08:21:01,355 INFO judge: batch msgbatch_012F87GJ3W7Z2sFqx3rfBp4C: in_progress (processing=7819 succeeded=0 errored=0)
2026-09-09 08:22:01,710 INFO judge: batch msgbatch_01Fy55R91LFKH7qviTBBPLrm: in_progress (processing=3200 succeeded=0 errored=0)
2026-09-09 08:22:01,963 INFO judge: batch msgbatch_012F87GJ3W7Z2sFqx3rfBp4C: in_progress (processing=7819 succeeded=0 errored=0)
2026-09-09 08:23:02,333 INFO judge: batch msgbatch_01Fy55R91LFKH7qviTBBPLrm: in_progress (processing=3200 succeeded=0 errored=0)
2026-09-09 08:23:02,637 INFO judge: batch msgbatch_012F87GJ3W7Z2sFqx3rfBp4C: in_progress (processing=7819 succeeded=0 errored=0)
2026-09-09 08:24:02,982 INFO judge: batch msgbatch_01Fy55R91LFKH7qviTBBPLrm: in_progress (processing=3200 succeeded=0 errored=0)
2026-09-09 08:24:03,228 INFO judge: batch msgbatch_012F87GJ3W7Z2sFqx3rfBp4C: in_progress (processing=7819 succeeded=0 errored=0)
2026-09-09 08:25:03,569 INFO judge: batch msgbatch_01Fy55R91LFKH7qviTBBPLrm: in_progress (processing=3200 succeeded=0 errored=0)
2026-09-09 08:25:03,847 INFO judge: batch msgbatch_012F87GJ3W7Z2sFqx3rfBp4C: in_progress (processing=7819 succeeded=0 errored=0)
2026-09-09 08:31:59,316 INFO judge: batch msgbatch_01Fy55R91LFKH7qviTBBPLrm: in_progress (processing=3200 succeeded=0 errored=0)
2026-09-09 08:31:59,601 INFO judge: batch msgbatch_012F87GJ3W7Z2sFqx3rfBp4C: in_progress (processing=7819 succeeded=0 errored=0)
2026-09-09 08:32:59,918 INFO judge: batch msgbatch_01Fy55R91LFKH7qviTBBPLrm: in_progress (processing=3200 succeeded=0 errored=0)
2026-09-09 08:33:00,215 INFO judge: batch msgbatch_012F87GJ3W7Z2sFqx3rfBp4C: in_progress (processing=7819 succeeded=0 errored=0)
2026-09-09 08:34:00,556 INFO judge: batch msgbatch_01Fy55R91LFKH7qviTBBPLrm: in_progress (processing=3200 succeeded=0 errored=0)
2026-09-09 08:34:00,800 INFO judge: batch msgbatch_012F87GJ3W7Z2sFqx3rfBp4C: in_progress (processing=7819 succeeded=0 errored=0)
2026-09-09 08:35:01,141 INFO judge: batch msgbatch_01Fy55R91LFKH7qviTBBPLrm: in_progress (processing=3200 succeeded=0 errored=0)
2026-09-09 08:35:01,430 INFO judge: batch msgbatch_012F87GJ3W7Z2sFqx3rfBp4C: in_progress (processing=7819 succeeded=0 errored=0)
2026-09-09 08:36:01,770 INFO judge: batch msgbatch_01Fy55R91LFKH7qviTBBPLrm: in_progress (processing=3200 succeeded=0 errored=0)
2026-09-09 08:36:02,141 INFO judge: batch msgbatch_012F87GJ3W7Z2sFqx3rfBp4C: in_progress (processing=7819 succeeded=0 errored=0)
