2026-09-05 14:46:46,212 INFO phoenix.config: 📋 Ensuring phoenix working directory: /Users/seldo/.phoenix
2026-09-05 14:46:46,692 INFO alembic.runtime.plugins: setup plugin alembic.autogenerate.schemas
2026-09-05 14:46:46,692 INFO alembic.runtime.plugins: setup plugin alembic.autogenerate.tables
2026-09-05 14:46:46,692 INFO alembic.runtime.plugins: setup plugin alembic.autogenerate.types
2026-09-05 14:46:46,692 INFO alembic.runtime.plugins: setup plugin alembic.autogenerate.constraints
2026-09-05 14:46:46,692 INFO alembic.runtime.plugins: setup plugin alembic.autogenerate.defaults
2026-09-05 14:46:46,692 INFO alembic.runtime.plugins: setup plugin alembic.autogenerate.comments
2026-09-05 14:46:46,692 INFO alembic.runtime.plugins: setup plugin alembic.ext.checkconstraint_byname
2026-09-05 14:46:49,999 INFO tracing: tracing enabled -> http://localhost:6006 (project copyedit-drift)
2026-09-05 14:46:50,339 INFO copyedit.pipeline: run_id=full-20260905T214650Z-70685f scope=full models=8 drafts=60 samples=5
2026-09-05 14:46:50,342 INFO gen: 2384 generations to run (16 already present)
2026-09-05 14:46:53,827 INFO httpx2: HTTP Request: POST https://api.fireworks.ai/inference/v1/chat/completions "HTTP/1.1 200 OK"
2026-09-05 14:46:54,980 INFO httpx2: HTTP Request: POST https://api.fireworks.ai/inference/v1/chat/completions "HTTP/1.1 200 OK"
2026-09-05 14:46:56,153 INFO httpx2: HTTP Request: POST https://api.fireworks.ai/inference/v1/chat/completions "HTTP/1.1 200 OK"
2026-09-05 14:46:57,896 INFO httpx2: HTTP Request: POST https://api.fireworks.ai/inference/v1/chat/completions "HTTP/1.1 200 OK"
2026-09-05 14:46:58,625 INFO httpx2: HTTP Request: POST https://api.fireworks.ai/inference/v1/chat/completions "HTTP/1.1 200 OK"
2026-09-05 14:46:59,213 INFO httpx2: HTTP Request: POST https://api.fireworks.ai/inference/v1/chat/completions "HTTP/1.1 200 OK"
2026-09-05 14:47:04,110 INFO httpx2: HTTP Request: POST https://api.fireworks.ai/inference/v1/chat/completions "HTTP/1.1 200 OK"
2026-09-05 14:47:04,549 INFO httpx2: HTTP Request: POST https://api.fireworks.ai/inference/v1/chat/completions "HTTP/1.1 200 OK"
2026-09-05 14:47:05,696 INFO httpx2: HTTP Request: POST https://api.fireworks.ai/inference/v1/chat/completions "HTTP/1.1 200 OK"
2026-09-05 14:47:06,423 INFO httpx2: HTTP Request: POST https://api.fireworks.ai/inference/v1/chat/completions "HTTP/1.1 200 OK"
2026-09-05 14:47:08,419 INFO httpx2: HTTP Request: POST https://api.fireworks.ai/inference/v1/chat/completions "HTTP/1.1 200 OK"
2026-09-05 14:47:09,321 INFO httpx2: HTTP Request: POST https://api.fireworks.ai/inference/v1/chat/completions "HTTP/1.1 200 OK"
2026-09-05 14:47:11,054 INFO httpx2: HTTP Request: POST https://api.fireworks.ai/inference/v1/chat/completions "HTTP/1.1 200 OK"
2026-09-05 14:47:11,413 INFO httpx2: HTTP Request: POST https://api.fireworks.ai/inference/v1/chat/completions "HTTP/1.1 200 OK"
2026-09-05 14:47:11,636 INFO httpx2: HTTP Request: POST https://api.fireworks.ai/inference/v1/chat/completions "HTTP/1.1 200 OK"
2026-09-05 14:47:13,051 INFO httpx2: HTTP Request: POST https://api.fireworks.ai/inference/v1/chat/completions "HTTP/1.1 200 OK"
2026-09-05 14:47:13,236 INFO httpx2: HTTP Request: POST https://api.fireworks.ai/inference/v1/chat/completions "HTTP/1.1 200 OK"
2026-09-05 14:47:13,841 INFO httpx2: HTTP Request: POST https://api.fireworks.ai/inference/v1/chat/completions "HTTP/1.1 200 OK"
2026-09-05 14:47:14,593 INFO httpx2: HTTP Request: POST https://api.fireworks.ai/inference/v1/chat/completions "HTTP/1.1 200 OK"
2026-09-05 14:47:15,171 INFO httpx2: HTTP Request: POST https://api.fireworks.ai/inference/v1/chat/completions "HTTP/1.1 200 OK"
2026-09-05 14:47:16,366 INFO httpx2: HTTP Request: POST https://api.fireworks.ai/inference/v1/chat/completions "HTTP/1.1 200 OK"
2026-09-05 14:47:17,966 INFO httpx2: HTTP Request: POST https://api.fireworks.ai/inference/v1/chat/completions "HTTP/1.1 200 OK"
2026-09-05 14:47:18,708 INFO httpx2: HTTP Request: POST https://api.fireworks.ai/inference/v1/chat/completions "HTTP/1.1 200 OK"
2026-09-05 14:47:18,875 INFO httpx2: HTTP Request: POST https://api.fireworks.ai/inference/v1/chat/completions "HTTP/1.1 200 OK"
2026-09-05 14:47:18,946 INFO httpx2: HTTP Request: POST https://api.fireworks.ai/inference/v1/chat/completions "HTTP/1.1 200 OK"
2026-09-05 14:47:18,949 INFO gen: 25/2384 done, 29s elapsed, $0.11 this run, 0 retries
2026-09-05 14:47:18,962 INFO httpx2: HTTP Request: POST https://api.fireworks.ai/inference/v1/chat/completions "HTTP/1.1 200 OK"
2026-09-05 14:47:22,307 INFO httpx2: HTTP Request: POST https://api.fireworks.ai/inference/v1/chat/completions "HTTP/1.1 200 OK"
2026-09-05 14:47:23,813 INFO httpx2: HTTP Request: POST https://api.fireworks.ai/inference/v1/chat/completions "HTTP/1.1 200 OK"
2026-09-05 14:47:27,136 INFO httpx2: HTTP Request: POST https://api.fireworks.ai/inference/v1/chat/completions "HTTP/1.1 200 OK"
2026-09-05 14:47:31,830 INFO httpx2: HTTP Request: POST https://api.fireworks.ai/inference/v1/chat/completions "HTTP/1.1 200 OK"
2026-09-05 14:47:33,395 INFO httpx2: HTTP Request: POST https://api.fireworks.ai/inference/v1/chat/completions "HTTP/1.1 200 OK"
2026-09-05 14:47:33,540 INFO httpx2: HTTP Request: POST https://api.fireworks.ai/inference/v1/chat/completions "HTTP/1.1 200 OK"
2026-09-05 14:47:33,793 INFO httpx2: HTTP Request: POST https://api.fireworks.ai/inference/v1/chat/completions "HTTP/1.1 200 OK"
2026-09-05 14:47:34,100 INFO httpx2: HTTP Request: POST https://api.fireworks.ai/inference/v1/chat/completions "HTTP/1.1 200 OK"
2026-09-05 14:47:36,322 INFO httpx2: HTTP Request: POST https://api.fireworks.ai/inference/v1/chat/completions "HTTP/1.1 200 OK"
2026-09-05 14:47:37,021 INFO httpx2: HTTP Request: POST https://api.fireworks.ai/inference/v1/chat/completions "HTTP/1.1 200 OK"
2026-09-05 14:47:37,602 INFO httpx2: HTTP Request: POST https://api.fireworks.ai/inference/v1/chat/completions "HTTP/1.1 200 OK"
2026-09-05 14:47:38,113 INFO httpx2: HTTP Request: POST https://api.fireworks.ai/inference/v1/chat/completions "HTTP/1.1 200 OK"
2026-09-05 14:47:38,457 INFO httpx2: HTTP Request: POST https://api.fireworks.ai/inference/v1/chat/completions "HTTP/1.1 200 OK"
2026-09-05 14:47:40,927 INFO httpx2: HTTP Request: POST https://api.fireworks.ai/inference/v1/chat/completions "HTTP/1.1 200 OK"
2026-09-05 14:47:42,269 INFO httpx2: HTTP Request: POST https://api.fireworks.ai/inference/v1/chat/completions "HTTP/1.1 200 OK"
2026-09-05 14:47:42,294 INFO httpx2: HTTP Request: POST https://api.fireworks.ai/inference/v1/chat/completions "HTTP/1.1 200 OK"
2026-09-05 14:47:43,193 INFO httpx2: HTTP Request: POST https://api.fireworks.ai/inference/v1/chat/completions "HTTP/1.1 200 OK"
2026-09-05 14:47:43,281 INFO httpx2: HTTP Request: POST https://api.fireworks.ai/inference/v1/chat/completions "HTTP/1.1 200 OK"
2026-09-05 14:47:43,841 INFO httpx2: HTTP Request: POST https://api.fireworks.ai/inference/v1/chat/completions "HTTP/1.1 200 OK"
2026-09-05 14:47:44,149 INFO httpx2: HTTP Request: POST https://api.fireworks.ai/inference/v1/chat/completions "HTTP/1.1 200 OK"
2026-09-05 14:47:44,426 INFO httpx2: HTTP Request: POST https://api.fireworks.ai/inference/v1/chat/completions "HTTP/1.1 200 OK"
2026-09-05 14:47:46,593 INFO httpx2: HTTP Request: POST https://api.fireworks.ai/inference/v1/chat/completions "HTTP/1.1 200 OK"
2026-09-05 14:47:47,528 INFO httpx2: HTTP Request: POST https://api.fireworks.ai/inference/v1/chat/completions "HTTP/1.1 200 OK"
2026-09-05 14:47:48,074 INFO httpx2: HTTP Request: POST https://api.fireworks.ai/inference/v1/chat/completions "HTTP/1.1 200 OK"
2026-09-05 14:47:48,076 INFO gen: 50/2384 done, 58s elapsed, $0.29 this run, 0 retries
2026-09-05 14:47:50,614 INFO httpx2: HTTP Request: POST https://api.fireworks.ai/inference/v1/chat/completions "HTTP/1.1 200 OK"
2026-09-05 14:47:51,741 INFO httpx2: HTTP Request: POST https://api.fireworks.ai/inference/v1/chat/completions "HTTP/1.1 200 OK"
2026-09-05 14:47:51,910 INFO httpx2: HTTP Request: POST https://api.fireworks.ai/inference/v1/chat/completions "HTTP/1.1 200 OK"
2026-09-05 14:47:52,098 INFO httpx2: HTTP Request: POST https://api.fireworks.ai/inference/v1/chat/completions "HTTP/1.1 200 OK"
2026-09-05 14:47:53,445 INFO httpx2: HTTP Request: POST https://api.fireworks.ai/inference/v1/chat/completions "HTTP/1.1 200 OK"
2026-09-05 14:47:55,462 INFO httpx2: HTTP Request: POST https://api.fireworks.ai/inference/v1/chat/completions "HTTP/1.1 200 OK"
2026-09-05 14:47:58,311 INFO httpx2: HTTP Request: POST https://api.fireworks.ai/inference/v1/chat/completions "HTTP/1.1 200 OK"
2026-09-05 14:47:58,701 INFO httpx2: HTTP Request: POST https://api.fireworks.ai/inference/v1/chat/completions "HTTP/1.1 200 OK"
2026-09-05 14:47:59,119 INFO httpx2: HTTP Request: POST https://api.fireworks.ai/inference/v1/chat/completions "HTTP/1.1 200 OK"
2026-09-05 14:48:02,486 INFO httpx2: HTTP Request: POST https://api.fireworks.ai/inference/v1/chat/completions "HTTP/1.1 200 OK"
2026-09-05 14:48:04,204 INFO httpx2: HTTP Request: POST https://api.fireworks.ai/inference/v1/chat/completions "HTTP/1.1 200 OK"
2026-09-05 14:48:05,008 INFO httpx2: HTTP Request: POST https://api.fireworks.ai/inference/v1/chat/completions "HTTP/1.1 200 OK"
2026-09-05 14:48:05,317 INFO httpx2: HTTP Request: POST https://api.fireworks.ai/inference/v1/chat/completions "HTTP/1.1 200 OK"
2026-09-05 14:48:09,474 INFO httpx2: HTTP Request: POST https://api.fireworks.ai/inference/v1/chat/completions "HTTP/1.1 200 OK"
2026-09-05 14:48:09,859 INFO httpx2: HTTP Request: POST https://api.fireworks.ai/inference/v1/chat/completions "HTTP/1.1 200 OK"
2026-09-05 14:48:10,395 INFO httpx2: HTTP Request: POST https://api.fireworks.ai/inference/v1/chat/completions "HTTP/1.1 200 OK"
2026-09-05 14:48:10,599 INFO httpx2: HTTP Request: POST https://api.fireworks.ai/inference/v1/chat/completions "HTTP/1.1 200 OK"
2026-09-05 14:48:12,144 INFO httpx2: HTTP Request: POST https://api.fireworks.ai/inference/v1/chat/completions "HTTP/1.1 200 OK"
2026-09-05 14:48:14,404 INFO httpx2: HTTP Request: POST https://api.fireworks.ai/inference/v1/chat/completions "HTTP/1.1 200 OK"
2026-09-05 14:48:16,595 INFO httpx2: HTTP Request: POST https://api.fireworks.ai/inference/v1/chat/completions "HTTP/1.1 200 OK"
2026-09-05 14:48:17,043 INFO httpx2: HTTP Request: POST https://api.fireworks.ai/inference/v1/chat/completions "HTTP/1.1 200 OK"
2026-09-05 14:48:20,466 INFO httpx2: HTTP Request: POST https://api.fireworks.ai/inference/v1/chat/completions "HTTP/1.1 200 OK"
2026-09-05 14:48:20,743 INFO httpx2: HTTP Request: POST https://api.fireworks.ai/inference/v1/chat/completions "HTTP/1.1 200 OK"
2026-09-05 14:48:21,361 INFO httpx2: HTTP Request: POST https://api.fireworks.ai/inference/v1/chat/completions "HTTP/1.1 200 OK"
2026-09-05 14:48:21,927 INFO httpx2: HTTP Request: POST https://api.fireworks.ai/inference/v1/chat/completions "HTTP/1.1 200 OK"
2026-09-05 14:48:21,929 INFO gen: 75/2384 done, 92s elapsed, $0.47 this run, 0 retries
2026-09-05 14:48:27,393 INFO httpx2: HTTP Request: POST https://api.fireworks.ai/inference/v1/chat/completions "HTTP/1.1 200 OK"
2026-09-05 14:48:29,317 INFO httpx2: HTTP Request: POST https://api.fireworks.ai/inference/v1/chat/completions "HTTP/1.1 200 OK"
2026-09-05 14:48:29,341 INFO httpx2: HTTP Request: POST https://api.fireworks.ai/inference/v1/chat/completions "HTTP/1.1 200 OK"
2026-09-05 14:48:29,362 INFO httpx2: HTTP Request: POST https://api.fireworks.ai/inference/v1/chat/completions "HTTP/1.1 200 OK"
2026-09-05 14:48:29,784 INFO httpx2: HTTP Request: POST https://api.fireworks.ai/inference/v1/chat/completions "HTTP/1.1 200 OK"
2026-09-05 14:48:30,621 INFO httpx2: HTTP Request: POST https://api.fireworks.ai/inference/v1/chat/completions "HTTP/1.1 200 OK"
2026-09-05 14:48:31,217 INFO httpx2: HTTP Request: POST https://api.fireworks.ai/inference/v1/chat/completions "HTTP/1.1 200 OK"
2026-09-05 14:48:31,665 INFO httpx2: HTTP Request: POST https://api.fireworks.ai/inference/v1/chat/completions "HTTP/1.1 200 OK"
2026-09-05 14:48:33,052 INFO httpx2: HTTP Request: POST https://api.fireworks.ai/inference/v1/chat/completions "HTTP/1.1 200 OK"
2026-09-05 14:48:34,115 INFO httpx2: HTTP Request: POST https://api.fireworks.ai/inference/v1/chat/completions "HTTP/1.1 200 OK"
2026-09-05 14:48:34,679 INFO httpx2: HTTP Request: POST https://api.fireworks.ai/inference/v1/chat/completions "HTTP/1.1 200 OK"
2026-09-05 14:48:36,307 INFO httpx2: HTTP Request: POST https://api.fireworks.ai/inference/v1/chat/completions "HTTP/1.1 200 OK"
2026-09-05 14:48:37,003 INFO httpx2: HTTP Request: POST https://api.fireworks.ai/inference/v1/chat/completions "HTTP/1.1 200 OK"
2026-09-05 14:48:39,434 INFO httpx2: HTTP Request: POST https://api.fireworks.ai/inference/v1/chat/completions "HTTP/1.1 200 OK"
2026-09-05 14:48:40,910 INFO httpx2: HTTP Request: POST https://api.fireworks.ai/inference/v1/chat/completions "HTTP/1.1 200 OK"
2026-09-05 14:48:45,153 INFO httpx2: HTTP Request: POST https://api.fireworks.ai/inference/v1/chat/completions "HTTP/1.1 200 OK"
2026-09-05 14:48:45,944 INFO httpx2: HTTP Request: POST https://api.fireworks.ai/inference/v1/chat/completions "HTTP/1.1 200 OK"
2026-09-05 14:48:46,340 INFO httpx2: HTTP Request: POST https://api.fireworks.ai/inference/v1/chat/completions "HTTP/1.1 200 OK"
2026-09-05 14:48:48,039 INFO httpx2: HTTP Request: POST https://api.fireworks.ai/inference/v1/chat/completions "HTTP/1.1 200 OK"
2026-09-05 14:48:48,661 INFO httpx2: HTTP Request: POST https://api.fireworks.ai/inference/v1/chat/completions "HTTP/1.1 200 OK"
2026-09-05 14:48:50,053 INFO httpx2: HTTP Request: POST https://api.fireworks.ai/inference/v1/chat/completions "HTTP/1.1 200 OK"
2026-09-05 14:48:50,302 INFO httpx2: HTTP Request: POST https://api.fireworks.ai/inference/v1/chat/completions "HTTP/1.1 200 OK"
2026-09-05 14:48:51,673 INFO httpx2: HTTP Request: POST https://api.fireworks.ai/inference/v1/chat/completions "HTTP/1.1 200 OK"
2026-09-05 14:48:52,855 INFO httpx2: HTTP Request: POST https://api.fireworks.ai/inference/v1/chat/completions "HTTP/1.1 200 OK"
2026-09-05 14:48:54,428 INFO httpx2: HTTP Request: POST https://api.fireworks.ai/inference/v1/chat/completions "HTTP/1.1 200 OK"
2026-09-05 14:48:54,431 INFO gen: 100/2384 done, 124s elapsed, $0.73 this run, 0 retries
2026-09-05 14:48:54,609 INFO httpx2: HTTP Request: POST https://api.fireworks.ai/inference/v1/chat/completions "HTTP/1.1 200 OK"
2026-09-05 14:48:54,769 INFO httpx2: HTTP Request: POST https://api.fireworks.ai/inference/v1/chat/completions "HTTP/1.1 200 OK"
2026-09-05 14:48:55,089 INFO httpx2: HTTP Request: POST https://api.fireworks.ai/inference/v1/chat/completions "HTTP/1.1 200 OK"
2026-09-05 14:48:56,720 INFO httpx2: HTTP Request: POST https://api.fireworks.ai/inference/v1/chat/completions "HTTP/1.1 200 OK"
2026-09-05 14:48:57,320 INFO httpx2: HTTP Request: POST https://api.fireworks.ai/inference/v1/chat/completions "HTTP/1.1 200 OK"
2026-09-05 14:48:57,507 INFO httpx2: HTTP Request: POST https://api.fireworks.ai/inference/v1/chat/completions "HTTP/1.1 200 OK"
2026-09-05 14:49:00,714 INFO httpx2: HTTP Request: POST https://api.fireworks.ai/inference/v1/chat/completions "HTTP/1.1 200 OK"
2026-09-05 14:49:02,429 INFO httpx2: HTTP Request: POST https://api.fireworks.ai/inference/v1/chat/completions "HTTP/1.1 200 OK"
2026-09-05 14:49:03,732 INFO httpx2: HTTP Request: POST https://api.fireworks.ai/inference/v1/chat/completions "HTTP/1.1 200 OK"
2026-09-05 14:49:10,762 INFO httpx2: HTTP Request: POST https://api.fireworks.ai/inference/v1/chat/completions "HTTP/1.1 200 OK"
2026-09-05 14:49:11,837 INFO httpx2: HTTP Request: POST https://api.fireworks.ai/inference/v1/chat/completions "HTTP/1.1 200 OK"
2026-09-05 14:49:15,923 INFO httpx2: HTTP Request: POST https://api.fireworks.ai/inference/v1/chat/completions "HTTP/1.1 200 OK"
2026-09-05 14:49:18,618 INFO httpx2: HTTP Request: POST https://api.fireworks.ai/inference/v1/chat/completions "HTTP/1.1 200 OK"
2026-09-05 14:49:19,422 INFO httpx2: HTTP Request: POST https://api.fireworks.ai/inference/v1/chat/completions "HTTP/1.1 200 OK"
2026-09-05 14:49:20,520 INFO httpx2: HTTP Request: POST https://api.fireworks.ai/inference/v1/chat/completions "HTTP/1.1 200 OK"
2026-09-05 14:49:21,477 INFO httpx2: HTTP Request: POST https://api.fireworks.ai/inference/v1/chat/completions "HTTP/1.1 200 OK"
2026-09-05 14:49:21,944 INFO httpx2: HTTP Request: POST https://api.fireworks.ai/inference/v1/chat/completions "HTTP/1.1 200 OK"
2026-09-05 14:49:22,049 INFO httpx2: HTTP Request: POST https://api.fireworks.ai/inference/v1/chat/completions "HTTP/1.1 200 OK"
2026-09-05 14:49:25,001 INFO httpx2: HTTP Request: POST https://api.fireworks.ai/inference/v1/chat/completions "HTTP/1.1 200 OK"
2026-09-05 14:49:26,630 INFO httpx2: HTTP Request: POST https://api.fireworks.ai/inference/v1/chat/completions "HTTP/1.1 200 OK"
2026-09-05 14:49:26,655 INFO httpx2: HTTP Request: POST https://api.fireworks.ai/inference/v1/chat/completions "HTTP/1.1 200 OK"
2026-09-05 14:49:26,901 INFO httpx2: HTTP Request: POST https://api.fireworks.ai/inference/v1/chat/completions "HTTP/1.1 200 OK"
2026-09-05 14:49:26,906 INFO httpx2: HTTP Request: POST https://api.fireworks.ai/inference/v1/chat/completions "HTTP/1.1 200 OK"
2026-09-05 14:49:28,641 INFO httpx2: HTTP Request: POST https://api.fireworks.ai/inference/v1/chat/completions "HTTP/1.1 200 OK"
2026-09-05 14:49:31,396 INFO httpx2: HTTP Request: POST https://api.fireworks.ai/inference/v1/chat/completions "HTTP/1.1 200 OK"
2026-09-05 14:49:31,399 INFO gen: 125/2384 done, 161s elapsed, $0.88 this run, 0 retries
2026-09-05 14:49:31,886 INFO httpx2: HTTP Request: POST https://api.fireworks.ai/inference/v1/chat/completions "HTTP/1.1 200 OK"
2026-09-05 14:49:32,011 INFO httpx2: HTTP Request: POST https://api.fireworks.ai/inference/v1/chat/completions "HTTP/1.1 200 OK"
2026-09-05 14:49:35,809 INFO httpx2: HTTP Request: POST https://api.fireworks.ai/inference/v1/chat/completions "HTTP/1.1 200 OK"
2026-09-05 14:49:38,906 INFO httpx2: HTTP Request: POST https://api.fireworks.ai/inference/v1/chat/completions "HTTP/1.1 200 OK"
2026-09-05 14:49:39,789 INFO httpx2: HTTP Request: POST https://api.fireworks.ai/inference/v1/chat/completions "HTTP/1.1 200 OK"
2026-09-05 14:49:43,539 INFO httpx2: HTTP Request: POST https://api.fireworks.ai/inference/v1/chat/completions "HTTP/1.1 200 OK"
2026-09-05 14:49:43,813 INFO httpx2: HTTP Request: POST https://api.fireworks.ai/inference/v1/chat/completions "HTTP/1.1 200 OK"
2026-09-05 14:49:45,034 INFO httpx2: HTTP Request: POST https://api.fireworks.ai/inference/v1/chat/completions "HTTP/1.1 200 OK"
2026-09-05 14:49:46,297 INFO httpx2: HTTP Request: POST https://api.fireworks.ai/inference/v1/chat/completions "HTTP/1.1 200 OK"
2026-09-05 14:49:46,523 INFO httpx2: HTTP Request: POST https://api.fireworks.ai/inference/v1/chat/completions "HTTP/1.1 200 OK"
2026-09-05 14:49:46,923 INFO httpx2: HTTP Request: POST https://api.fireworks.ai/inference/v1/chat/completions "HTTP/1.1 200 OK"
2026-09-05 14:49:47,720 INFO httpx2: HTTP Request: POST https://api.fireworks.ai/inference/v1/chat/completions "HTTP/1.1 200 OK"
2026-09-05 14:49:48,291 INFO httpx2: HTTP Request: POST https://api.fireworks.ai/inference/v1/chat/completions "HTTP/1.1 200 OK"
2026-09-05 14:49:48,470 INFO httpx2: HTTP Request: POST https://api.fireworks.ai/inference/v1/chat/completions "HTTP/1.1 200 OK"
2026-09-05 14:49:50,747 INFO httpx2: HTTP Request: POST https://api.fireworks.ai/inference/v1/chat/completions "HTTP/1.1 200 OK"
2026-09-05 14:49:51,854 INFO httpx2: HTTP Request: POST https://api.fireworks.ai/inference/v1/chat/completions "HTTP/1.1 200 OK"
2026-09-05 14:49:53,257 INFO httpx2: HTTP Request: POST https://api.fireworks.ai/inference/v1/chat/completions "HTTP/1.1 200 OK"
2026-09-05 14:49:54,737 INFO httpx2: HTTP Request: POST https://api.fireworks.ai/inference/v1/chat/completions "HTTP/1.1 200 OK"
2026-09-05 14:49:55,877 INFO httpx2: HTTP Request: POST https://api.fireworks.ai/inference/v1/chat/completions "HTTP/1.1 200 OK"
2026-09-05 14:49:56,318 INFO httpx2: HTTP Request: POST https://api.fireworks.ai/inference/v1/chat/completions "HTTP/1.1 200 OK"
2026-09-05 14:50:01,971 INFO httpx2: HTTP Request: POST https://api.fireworks.ai/inference/v1/chat/completions "HTTP/1.1 200 OK"
2026-09-05 14:50:03,527 INFO httpx2: HTTP Request: POST https://api.fireworks.ai/inference/v1/chat/completions "HTTP/1.1 200 OK"
2026-09-05 14:50:07,232 INFO httpx2: HTTP Request: POST https://api.fireworks.ai/inference/v1/chat/completions "HTTP/1.1 200 OK"
2026-09-05 14:50:07,560 INFO httpx2: HTTP Request: POST https://api.fireworks.ai/inference/v1/chat/completions "HTTP/1.1 200 OK"
2026-09-05 14:50:07,648 INFO httpx2: HTTP Request: POST https://api.fireworks.ai/inference/v1/chat/completions "HTTP/1.1 200 OK"
2026-09-05 14:50:07,650 INFO gen: 150/2384 done, 197s elapsed, $1.04 this run, 0 retries
2026-09-05 14:50:09,325 INFO httpx2: HTTP Request: POST https://api.fireworks.ai/inference/v1/chat/completions "HTTP/1.1 200 OK"
2026-09-05 14:50:10,485 INFO httpx2: HTTP Request: POST https://api.fireworks.ai/inference/v1/chat/completions "HTTP/1.1 200 OK"
2026-09-05 14:50:13,277 INFO httpx2: HTTP Request: POST https://api.fireworks.ai/inference/v1/chat/completions "HTTP/1.1 200 OK"
2026-09-05 14:50:15,247 INFO httpx2: HTTP Request: POST https://api.fireworks.ai/inference/v1/chat/completions "HTTP/1.1 200 OK"
2026-09-05 14:50:16,852 INFO httpx2: HTTP Request: POST https://api.fireworks.ai/inference/v1/chat/completions "HTTP/1.1 200 OK"
2026-09-05 14:50:19,026 INFO httpx2: HTTP Request: POST https://api.fireworks.ai/inference/v1/chat/completions "HTTP/1.1 200 OK"
2026-09-05 14:50:19,649 INFO httpx2: HTTP Request: POST https://api.fireworks.ai/inference/v1/chat/completions "HTTP/1.1 200 OK"
2026-09-05 14:50:21,572 INFO httpx2: HTTP Request: POST https://api.fireworks.ai/inference/v1/chat/completions "HTTP/1.1 200 OK"
2026-09-05 14:50:21,576 INFO httpx2: HTTP Request: POST https://api.fireworks.ai/inference/v1/chat/completions "HTTP/1.1 200 OK"
2026-09-05 14:50:24,850 INFO httpx2: HTTP Request: POST https://api.fireworks.ai/inference/v1/chat/completions "HTTP/1.1 200 OK"
2026-09-05 14:50:24,938 INFO httpx2: HTTP Request: POST https://api.fireworks.ai/inference/v1/chat/completions "HTTP/1.1 200 OK"
2026-09-05 14:50:26,158 INFO httpx2: HTTP Request: POST https://api.fireworks.ai/inference/v1/chat/completions "HTTP/1.1 200 OK"
2026-09-05 14:50:26,659 INFO httpx2: HTTP Request: POST https://api.fireworks.ai/inference/v1/chat/completions "HTTP/1.1 200 OK"
2026-09-05 14:50:27,606 INFO httpx2: HTTP Request: POST https://api.fireworks.ai/inference/v1/chat/completions "HTTP/1.1 200 OK"
2026-09-05 14:50:28,842 INFO httpx2: HTTP Request: POST https://api.fireworks.ai/inference/v1/chat/completions "HTTP/1.1 200 OK"
2026-09-05 14:50:30,784 INFO httpx2: HTTP Request: POST https://api.fireworks.ai/inference/v1/chat/completions "HTTP/1.1 200 OK"
2026-09-05 14:50:30,851 INFO httpx2: HTTP Request: POST https://api.fireworks.ai/inference/v1/chat/completions "HTTP/1.1 200 OK"
2026-09-05 14:50:31,218 INFO httpx2: HTTP Request: POST https://api.fireworks.ai/inference/v1/chat/completions "HTTP/1.1 200 OK"
2026-09-05 14:50:33,426 INFO httpx2: HTTP Request: POST https://api.fireworks.ai/inference/v1/chat/completions "HTTP/1.1 200 OK"
2026-09-05 14:50:33,758 INFO httpx2: HTTP Request: POST https://api.fireworks.ai/inference/v1/chat/completions "HTTP/1.1 200 OK"
2026-09-05 14:50:36,748 INFO httpx2: HTTP Request: POST https://api.fireworks.ai/inference/v1/chat/completions "HTTP/1.1 200 OK"
2026-09-05 14:50:37,030 INFO httpx2: HTTP Request: POST https://api.fireworks.ai/inference/v1/chat/completions "HTTP/1.1 200 OK"
2026-09-05 14:50:38,502 INFO httpx2: HTTP Request: POST https://api.fireworks.ai/inference/v1/chat/completions "HTTP/1.1 200 OK"
2026-09-05 14:50:39,958 INFO httpx2: HTTP Request: POST https://api.fireworks.ai/inference/v1/chat/completions "HTTP/1.1 200 OK"
2026-09-05 14:50:43,643 INFO httpx2: HTTP Request: POST https://api.fireworks.ai/inference/v1/chat/completions "HTTP/1.1 200 OK"
2026-09-05 14:50:43,650 INFO gen: 175/2384 done, 233s elapsed, $1.30 this run, 0 retries
2026-09-05 14:50:45,504 INFO httpx2: HTTP Request: POST https://api.fireworks.ai/inference/v1/chat/completions "HTTP/1.1 200 OK"
2026-09-05 14:50:46,338 INFO httpx2: HTTP Request: POST https://api.fireworks.ai/inference/v1/chat/completions "HTTP/1.1 200 OK"
2026-09-05 14:50:46,351 INFO httpx2: HTTP Request: POST https://api.fireworks.ai/inference/v1/chat/completions "HTTP/1.1 200 OK"
2026-09-05 14:50:48,094 INFO httpx2: HTTP Request: POST https://api.fireworks.ai/inference/v1/chat/completions "HTTP/1.1 200 OK"
2026-09-05 14:50:48,612 INFO httpx2: HTTP Request: POST https://api.fireworks.ai/inference/v1/chat/completions "HTTP/1.1 200 OK"
2026-09-05 14:50:49,322 INFO httpx2: HTTP Request: POST https://api.fireworks.ai/inference/v1/chat/completions "HTTP/1.1 200 OK"
2026-09-05 14:50:51,678 INFO httpx2: HTTP Request: POST https://api.fireworks.ai/inference/v1/chat/completions "HTTP/1.1 200 OK"
2026-09-05 14:50:53,397 INFO httpx2: HTTP Request: POST https://api.fireworks.ai/inference/v1/chat/completions "HTTP/1.1 200 OK"
2026-09-05 14:50:54,305 INFO httpx2: HTTP Request: POST https://api.fireworks.ai/inference/v1/chat/completions "HTTP/1.1 200 OK"
2026-09-05 14:50:55,569 INFO httpx2: HTTP Request: POST https://api.fireworks.ai/inference/v1/chat/completions "HTTP/1.1 200 OK"
2026-09-05 14:50:57,151 INFO httpx2: HTTP Request: POST https://api.fireworks.ai/inference/v1/chat/completions "HTTP/1.1 200 OK"
2026-09-05 14:50:57,361 INFO httpx2: HTTP Request: POST https://api.fireworks.ai/inference/v1/chat/completions "HTTP/1.1 200 OK"
2026-09-05 14:51:00,279 INFO httpx2: HTTP Request: POST https://api.fireworks.ai/inference/v1/chat/completions "HTTP/1.1 200 OK"
2026-09-05 14:51:01,173 INFO httpx2: HTTP Request: POST https://api.fireworks.ai/inference/v1/chat/completions "HTTP/1.1 200 OK"
2026-09-05 14:51:01,613 INFO httpx2: HTTP Request: POST https://api.fireworks.ai/inference/v1/chat/completions "HTTP/1.1 200 OK"
2026-09-05 14:51:02,295 INFO httpx2: HTTP Request: POST https://api.fireworks.ai/inference/v1/chat/completions "HTTP/1.1 200 OK"
2026-09-05 14:51:02,455 INFO httpx2: HTTP Request: POST https://api.fireworks.ai/inference/v1/chat/completions "HTTP/1.1 200 OK"
2026-09-05 14:51:08,492 INFO httpx2: HTTP Request: POST https://api.fireworks.ai/inference/v1/chat/completions "HTTP/1.1 200 OK"
2026-09-05 14:51:08,542 INFO httpx2: HTTP Request: POST https://api.fireworks.ai/inference/v1/chat/completions "HTTP/1.1 200 OK"
2026-09-05 14:51:08,633 INFO httpx2: HTTP Request: POST https://api.fireworks.ai/inference/v1/chat/completions "HTTP/1.1 200 OK"
2026-09-05 14:51:11,332 INFO httpx2: HTTP Request: POST https://api.fireworks.ai/inference/v1/chat/completions "HTTP/1.1 200 OK"
2026-09-05 14:51:12,133 INFO httpx2: HTTP Request: POST https://api.fireworks.ai/inference/v1/chat/completions "HTTP/1.1 200 OK"
2026-09-05 14:51:12,245 INFO httpx2: HTTP Request: POST https://api.fireworks.ai/inference/v1/chat/completions "HTTP/1.1 200 OK"
2026-09-05 14:51:12,644 INFO httpx2: HTTP Request: POST https://api.fireworks.ai/inference/v1/chat/completions "HTTP/1.1 200 OK"
2026-09-05 14:51:12,651 INFO httpx2: HTTP Request: POST https://api.fireworks.ai/inference/v1/chat/completions "HTTP/1.1 200 OK"
2026-09-05 14:51:12,653 INFO gen: 200/2384 done, 262s elapsed, $1.44 this run, 0 retries
2026-09-05 14:51:13,442 INFO httpx2: HTTP Request: POST https://api.fireworks.ai/inference/v1/chat/completions "HTTP/1.1 200 OK"
2026-09-05 14:51:15,890 INFO httpx2: HTTP Request: POST https://api.fireworks.ai/inference/v1/chat/completions "HTTP/1.1 200 OK"
2026-09-05 14:51:16,425 INFO httpx2: HTTP Request: POST https://api.fireworks.ai/inference/v1/chat/completions "HTTP/1.1 200 OK"
2026-09-05 14:51:17,914 INFO httpx2: HTTP Request: POST https://api.fireworks.ai/inference/v1/chat/completions "HTTP/1.1 200 OK"
2026-09-05 14:51:19,382 INFO httpx2: HTTP Request: POST https://api.fireworks.ai/inference/v1/chat/completions "HTTP/1.1 200 OK"
2026-09-05 14:51:19,630 INFO httpx2: HTTP Request: POST https://api.fireworks.ai/inference/v1/chat/completions "HTTP/1.1 200 OK"
2026-09-05 14:51:19,667 INFO httpx2: HTTP Request: POST https://api.fireworks.ai/inference/v1/chat/completions "HTTP/1.1 200 OK"
2026-09-05 14:51:20,089 INFO httpx2: HTTP Request: POST https://api.fireworks.ai/inference/v1/chat/completions "HTTP/1.1 200 OK"
2026-09-05 14:51:20,317 INFO httpx2: HTTP Request: POST https://api.fireworks.ai/inference/v1/chat/completions "HTTP/1.1 200 OK"
2026-09-05 14:51:22,821 INFO httpx2: HTTP Request: POST https://api.fireworks.ai/inference/v1/chat/completions "HTTP/1.1 200 OK"
2026-09-05 14:51:24,369 INFO httpx2: HTTP Request: POST https://api.fireworks.ai/inference/v1/chat/completions "HTTP/1.1 200 OK"
2026-09-05 14:51:26,965 INFO httpx2: HTTP Request: POST https://api.fireworks.ai/inference/v1/chat/completions "HTTP/1.1 200 OK"
2026-09-05 14:51:27,742 INFO httpx2: HTTP Request: POST https://api.fireworks.ai/inference/v1/chat/completions "HTTP/1.1 200 OK"
2026-09-05 14:51:28,342 INFO httpx2: HTTP Request: POST https://api.fireworks.ai/inference/v1/chat/completions "HTTP/1.1 200 OK"
2026-09-05 14:51:29,056 INFO httpx2: HTTP Request: POST https://api.fireworks.ai/inference/v1/chat/completions "HTTP/1.1 200 OK"
2026-09-05 14:51:29,458 INFO httpx2: HTTP Request: POST https://api.fireworks.ai/inference/v1/chat/completions "HTTP/1.1 200 OK"
2026-09-05 14:51:29,492 INFO httpx2: HTTP Request: POST https://api.fireworks.ai/inference/v1/chat/completions "HTTP/1.1 200 OK"
2026-09-05 14:51:30,468 INFO httpx2: HTTP Request: POST https://api.fireworks.ai/inference/v1/chat/completions "HTTP/1.1 200 OK"
2026-09-05 14:51:31,075 INFO httpx2: HTTP Request: POST https://api.fireworks.ai/inference/v1/chat/completions "HTTP/1.1 200 OK"
2026-09-05 14:51:31,819 INFO httpx2: HTTP Request: POST https://api.fireworks.ai/inference/v1/chat/completions "HTTP/1.1 200 OK"
2026-09-05 14:51:32,023 INFO httpx2: HTTP Request: POST https://api.fireworks.ai/inference/v1/chat/completions "HTTP/1.1 200 OK"
2026-09-05 14:51:35,200 INFO httpx2: HTTP Request: POST https://api.fireworks.ai/inference/v1/chat/completions "HTTP/1.1 200 OK"
2026-09-05 14:51:35,294 INFO httpx2: HTTP Request: POST https://api.fireworks.ai/inference/v1/chat/completions "HTTP/1.1 200 OK"
2026-09-05 14:51:35,591 INFO httpx2: HTTP Request: POST https://api.fireworks.ai/inference/v1/chat/completions "HTTP/1.1 200 OK"
2026-09-05 14:51:39,833 INFO httpx2: HTTP Request: POST https://api.fireworks.ai/inference/v1/chat/completions "HTTP/1.1 200 OK"
2026-09-05 14:51:39,834 INFO gen: 225/2384 done, 289s elapsed, $1.62 this run, 0 retries
2026-09-05 14:51:40,033 INFO httpx2: HTTP Request: POST https://api.fireworks.ai/inference/v1/chat/completions "HTTP/1.1 200 OK"
2026-09-05 14:51:40,624 INFO httpx2: HTTP Request: POST https://api.fireworks.ai/inference/v1/chat/completions "HTTP/1.1 200 OK"
2026-09-05 14:51:41,081 INFO httpx2: HTTP Request: POST https://api.fireworks.ai/inference/v1/chat/completions "HTTP/1.1 200 OK"
2026-09-05 14:51:42,469 INFO httpx2: HTTP Request: POST https://api.fireworks.ai/inference/v1/chat/completions "HTTP/1.1 200 OK"
2026-09-05 14:51:42,792 INFO httpx2: HTTP Request: POST https://api.fireworks.ai/inference/v1/chat/completions "HTTP/1.1 200 OK"
2026-09-05 14:51:45,703 INFO httpx2: HTTP Request: POST https://api.fireworks.ai/inference/v1/chat/completions "HTTP/1.1 200 OK"
2026-09-05 14:51:45,967 INFO httpx2: HTTP Request: POST https://api.fireworks.ai/inference/v1/chat/completions "HTTP/1.1 200 OK"
2026-09-05 14:51:47,179 INFO httpx2: HTTP Request: POST https://api.fireworks.ai/inference/v1/chat/completions "HTTP/1.1 200 OK"
2026-09-05 14:51:48,034 INFO httpx2: HTTP Request: POST https://api.fireworks.ai/inference/v1/chat/completions "HTTP/1.1 200 OK"
2026-09-05 14:51:50,468 INFO httpx2: HTTP Request: POST https://api.fireworks.ai/inference/v1/chat/completions "HTTP/1.1 200 OK"
2026-09-05 14:51:54,392 INFO httpx2: HTTP Request: POST https://api.fireworks.ai/inference/v1/chat/completions "HTTP/1.1 200 OK"
2026-09-05 14:51:54,959 INFO httpx2: HTTP Request: POST https://api.fireworks.ai/inference/v1/chat/completions "HTTP/1.1 200 OK"
2026-09-05 14:51:57,907 INFO httpx2: HTTP Request: POST https://api.fireworks.ai/inference/v1/chat/completions "HTTP/1.1 200 OK"
2026-09-05 14:52:03,484 INFO httpx2: HTTP Request: POST https://api.fireworks.ai/inference/v1/chat/completions "HTTP/1.1 200 OK"
2026-09-05 14:52:04,060 INFO httpx2: HTTP Request: POST https://api.fireworks.ai/inference/v1/chat/completions "HTTP/1.1 200 OK"
2026-09-05 14:52:04,229 INFO httpx2: HTTP Request: POST https://api.fireworks.ai/inference/v1/chat/completions "HTTP/1.1 200 OK"
2026-09-05 14:52:07,324 INFO httpx2: HTTP Request: POST https://api.fireworks.ai/inference/v1/chat/completions "HTTP/1.1 200 OK"
2026-09-05 14:52:07,832 INFO httpx2: HTTP Request: POST https://api.fireworks.ai/inference/v1/chat/completions "HTTP/1.1 200 OK"
2026-09-05 14:52:10,073 INFO httpx2: HTTP Request: POST https://api.fireworks.ai/inference/v1/chat/completions "HTTP/1.1 200 OK"
2026-09-05 14:52:11,897 INFO httpx2: HTTP Request: POST https://api.fireworks.ai/inference/v1/chat/completions "HTTP/1.1 200 OK"
2026-09-05 14:52:12,262 INFO httpx2: HTTP Request: POST https://api.fireworks.ai/inference/v1/chat/completions "HTTP/1.1 200 OK"
2026-09-05 14:52:12,534 INFO httpx2: HTTP Request: POST https://api.fireworks.ai/inference/v1/chat/completions "HTTP/1.1 200 OK"
2026-09-05 14:52:13,483 INFO httpx2: HTTP Request: POST https://api.fireworks.ai/inference/v1/chat/completions "HTTP/1.1 200 OK"
2026-09-05 14:52:13,991 INFO httpx2: HTTP Request: POST https://api.fireworks.ai/inference/v1/chat/completions "HTTP/1.1 200 OK"
2026-09-05 14:52:17,337 INFO httpx2: HTTP Request: POST https://api.fireworks.ai/inference/v1/chat/completions "HTTP/1.1 200 OK"
2026-09-05 14:52:17,339 INFO gen: 250/2384 done, 327s elapsed, $1.82 this run, 0 retries
2026-09-05 14:52:17,495 INFO httpx2: HTTP Request: POST https://api.fireworks.ai/inference/v1/chat/completions "HTTP/1.1 200 OK"
2026-09-05 14:52:18,737 INFO httpx2: HTTP Request: POST https://api.fireworks.ai/inference/v1/chat/completions "HTTP/1.1 200 OK"
2026-09-05 14:52:18,740 INFO httpx2: HTTP Request: POST https://api.fireworks.ai/inference/v1/chat/completions "HTTP/1.1 200 OK"
2026-09-05 14:52:19,019 INFO httpx2: HTTP Request: POST https://api.fireworks.ai/inference/v1/chat/completions "HTTP/1.1 200 OK"
2026-09-05 14:52:19,039 INFO httpx2: HTTP Request: POST https://api.fireworks.ai/inference/v1/chat/completions "HTTP/1.1 200 OK"
2026-09-05 14:52:22,677 INFO httpx2: HTTP Request: POST https://api.fireworks.ai/inference/v1/chat/completions "HTTP/1.1 200 OK"
2026-09-05 14:52:26,210 INFO httpx2: HTTP Request: POST https://api.fireworks.ai/inference/v1/chat/completions "HTTP/1.1 200 OK"
2026-09-05 14:52:27,628 INFO httpx2: HTTP Request: POST https://api.fireworks.ai/inference/v1/chat/completions "HTTP/1.1 200 OK"
2026-09-05 14:52:27,803 INFO httpx2: HTTP Request: POST https://api.fireworks.ai/inference/v1/chat/completions "HTTP/1.1 200 OK"
2026-09-05 14:52:28,706 INFO httpx2: HTTP Request: POST https://api.fireworks.ai/inference/v1/chat/completions "HTTP/1.1 200 OK"
2026-09-05 14:52:28,806 INFO httpx2: HTTP Request: POST https://api.fireworks.ai/inference/v1/chat/completions "HTTP/1.1 200 OK"
2026-09-05 14:52:33,386 INFO httpx2: HTTP Request: POST https://api.fireworks.ai/inference/v1/chat/completions "HTTP/1.1 200 OK"
2026-09-05 14:52:33,411 INFO httpx2: HTTP Request: POST https://api.fireworks.ai/inference/v1/chat/completions "HTTP/1.1 200 OK"
2026-09-05 14:52:33,750 INFO httpx2: HTTP Request: POST https://api.fireworks.ai/inference/v1/chat/completions "HTTP/1.1 200 OK"
2026-09-05 14:52:37,050 INFO httpx2: HTTP Request: POST https://api.fireworks.ai/inference/v1/chat/completions "HTTP/1.1 200 OK"
2026-09-05 14:52:38,216 INFO httpx2: HTTP Request: POST https://api.fireworks.ai/inference/v1/chat/completions "HTTP/1.1 200 OK"
2026-09-05 14:52:39,731 INFO httpx2: HTTP Request: POST https://api.fireworks.ai/inference/v1/chat/completions "HTTP/1.1 200 OK"
2026-09-05 14:52:39,771 INFO httpx2: HTTP Request: POST https://api.fireworks.ai/inference/v1/chat/completions "HTTP/1.1 200 OK"
2026-09-05 14:52:40,122 INFO httpx2: HTTP Request: POST https://api.fireworks.ai/inference/v1/chat/completions "HTTP/1.1 200 OK"
2026-09-05 14:52:42,785 INFO httpx2: HTTP Request: POST https://api.fireworks.ai/inference/v1/chat/completions "HTTP/1.1 200 OK"
2026-09-05 14:52:43,323 INFO httpx2: HTTP Request: POST https://api.fireworks.ai/inference/v1/chat/completions "HTTP/1.1 200 OK"
2026-09-05 14:52:43,855 INFO httpx2: HTTP Request: POST https://api.fireworks.ai/inference/v1/chat/completions "HTTP/1.1 200 OK"
2026-09-05 14:52:45,446 INFO httpx2: HTTP Request: POST https://api.fireworks.ai/inference/v1/chat/completions "HTTP/1.1 200 OK"
2026-09-05 14:52:46,051 INFO httpx2: HTTP Request: POST https://api.fireworks.ai/inference/v1/chat/completions "HTTP/1.1 200 OK"
2026-09-05 14:52:46,113 INFO httpx2: HTTP Request: POST https://api.fireworks.ai/inference/v1/chat/completions "HTTP/1.1 200 OK"
2026-09-05 14:52:46,116 INFO gen: 275/2384 done, 356s elapsed, $1.95 this run, 0 retries
2026-09-05 14:52:46,314 INFO httpx2: HTTP Request: POST https://api.fireworks.ai/inference/v1/chat/completions "HTTP/1.1 200 OK"
2026-09-05 14:52:50,958 INFO httpx2: HTTP Request: POST https://api.fireworks.ai/inference/v1/chat/completions "HTTP/1.1 200 OK"
2026-09-05 14:52:51,160 INFO httpx2: HTTP Request: POST https://api.fireworks.ai/inference/v1/chat/completions "HTTP/1.1 200 OK"
2026-09-05 14:52:52,615 INFO httpx2: HTTP Request: POST https://api.fireworks.ai/inference/v1/chat/completions "HTTP/1.1 200 OK"
2026-09-05 14:52:54,023 INFO httpx2: HTTP Request: POST https://api.fireworks.ai/inference/v1/chat/completions "HTTP/1.1 200 OK"
2026-09-05 14:52:54,081 INFO httpx2: HTTP Request: POST https://api.fireworks.ai/inference/v1/chat/completions "HTTP/1.1 200 OK"
2026-09-05 14:52:55,022 INFO httpx2: HTTP Request: POST https://api.fireworks.ai/inference/v1/chat/completions "HTTP/1.1 200 OK"
2026-09-05 14:52:55,890 INFO httpx2: HTTP Request: POST https://api.fireworks.ai/inference/v1/chat/completions "HTTP/1.1 200 OK"
2026-09-05 14:52:57,842 INFO httpx2: HTTP Request: POST https://api.fireworks.ai/inference/v1/chat/completions "HTTP/1.1 200 OK"
2026-09-05 14:52:59,884 INFO httpx2: HTTP Request: POST https://api.fireworks.ai/inference/v1/chat/completions "HTTP/1.1 200 OK"
2026-09-05 14:53:01,915 INFO httpx2: HTTP Request: POST https://api.fireworks.ai/inference/v1/chat/completions "HTTP/1.1 200 OK"
2026-09-05 14:53:03,411 INFO httpx2: HTTP Request: POST https://api.fireworks.ai/inference/v1/chat/completions "HTTP/1.1 200 OK"
2026-09-05 14:53:03,603 INFO httpx2: HTTP Request: POST https://api.fireworks.ai/inference/v1/chat/completions "HTTP/1.1 200 OK"
2026-09-05 14:53:06,460 INFO httpx2: HTTP Request: POST https://api.fireworks.ai/inference/v1/chat/completions "HTTP/1.1 200 OK"
2026-09-05 14:53:06,717 INFO httpx2: HTTP Request: POST https://api.fireworks.ai/inference/v1/chat/completions "HTTP/1.1 200 OK"
2026-09-05 14:53:06,731 INFO httpx2: HTTP Request: POST https://api.fireworks.ai/inference/v1/chat/completions "HTTP/1.1 200 OK"
2026-09-05 14:53:09,419 INFO httpx2: HTTP Request: POST https://api.fireworks.ai/inference/v1/chat/completions "HTTP/1.1 200 OK"
2026-09-05 14:53:10,126 INFO httpx2: HTTP Request: POST https://api.fireworks.ai/inference/v1/chat/completions "HTTP/1.1 200 OK"
2026-09-05 14:53:10,413 INFO httpx2: HTTP Request: POST https://api.fireworks.ai/inference/v1/chat/completions "HTTP/1.1 200 OK"
2026-09-05 14:53:10,508 INFO httpx2: HTTP Request: POST https://api.fireworks.ai/inference/v1/chat/completions "HTTP/1.1 200 OK"
2026-09-05 14:53:11,550 INFO httpx2: HTTP Request: POST https://api.fireworks.ai/inference/v1/chat/completions "HTTP/1.1 200 OK"
2026-09-05 14:53:15,895 INFO httpx2: HTTP Request: POST https://api.fireworks.ai/inference/v1/chat/completions "HTTP/1.1 200 OK"
2026-09-05 14:53:19,295 INFO httpx2: HTTP Request: POST https://api.fireworks.ai/inference/v1/chat/completions "HTTP/1.1 200 OK"
2026-09-05 14:53:19,943 INFO httpx2: HTTP Request: POST https://api.fireworks.ai/inference/v1/chat/completions "HTTP/1.1 200 OK"
2026-09-05 14:53:20,437 INFO httpx2: HTTP Request: POST https://api.fireworks.ai/inference/v1/chat/completions "HTTP/1.1 200 OK"
2026-09-05 14:53:20,440 INFO gen: 300/2384 done, 390s elapsed, $2.16 this run, 0 retries
2026-09-05 14:53:21,380 INFO httpx2: HTTP Request: POST https://api.fireworks.ai/inference/v1/chat/completions "HTTP/1.1 200 OK"
2026-09-05 14:53:26,326 INFO httpx2: HTTP Request: POST https://api.fireworks.ai/inference/v1/chat/completions "HTTP/1.1 200 OK"
2026-09-05 14:53:26,520 INFO httpx2: HTTP Request: POST https://api.fireworks.ai/inference/v1/chat/completions "HTTP/1.1 200 OK"
2026-09-05 14:53:26,690 INFO httpx2: HTTP Request: POST https://api.fireworks.ai/inference/v1/chat/completions "HTTP/1.1 200 OK"
2026-09-05 14:53:27,021 INFO httpx2: HTTP Request: POST https://api.fireworks.ai/inference/v1/chat/completions "HTTP/1.1 200 OK"
2026-09-05 14:53:27,841 INFO httpx2: HTTP Request: POST https://api.fireworks.ai/inference/v1/chat/completions "HTTP/1.1 200 OK"
2026-09-05 14:53:28,117 INFO httpx2: HTTP Request: POST https://api.fireworks.ai/inference/v1/chat/completions "HTTP/1.1 200 OK"
2026-09-05 14:53:28,956 INFO httpx2: HTTP Request: POST https://api.fireworks.ai/inference/v1/chat/completions "HTTP/1.1 200 OK"
2026-09-05 14:53:29,135 INFO httpx2: HTTP Request: POST https://api.fireworks.ai/inference/v1/chat/completions "HTTP/1.1 200 OK"
2026-09-05 14:53:30,047 INFO httpx2: HTTP Request: POST https://api.fireworks.ai/inference/v1/chat/completions "HTTP/1.1 200 OK"
2026-09-05 14:53:31,836 INFO httpx2: HTTP Request: POST https://api.fireworks.ai/inference/v1/chat/completions "HTTP/1.1 200 OK"
2026-09-05 14:53:32,287 INFO httpx2: HTTP Request: POST https://api.fireworks.ai/inference/v1/chat/completions "HTTP/1.1 200 OK"
2026-09-05 14:53:34,072 INFO httpx2: HTTP Request: POST https://api.fireworks.ai/inference/v1/chat/completions "HTTP/1.1 200 OK"
2026-09-05 14:53:35,622 INFO httpx2: HTTP Request: POST https://api.fireworks.ai/inference/v1/chat/completions "HTTP/1.1 200 OK"
2026-09-05 14:53:36,837 INFO httpx2: HTTP Request: POST https://api.fireworks.ai/inference/v1/chat/completions "HTTP/1.1 200 OK"
2026-09-05 14:53:36,923 INFO httpx2: HTTP Request: POST https://api.fireworks.ai/inference/v1/chat/completions "HTTP/1.1 200 OK"
2026-09-05 14:53:38,402 INFO httpx2: HTTP Request: POST https://api.fireworks.ai/inference/v1/chat/completions "HTTP/1.1 200 OK"
2026-09-05 14:53:38,961 INFO httpx2: HTTP Request: POST https://api.fireworks.ai/inference/v1/chat/completions "HTTP/1.1 200 OK"
2026-09-05 14:53:39,816 INFO httpx2: HTTP Request: POST https://api.fireworks.ai/inference/v1/chat/completions "HTTP/1.1 200 OK"
2026-09-05 14:53:39,866 INFO httpx2: HTTP Request: POST https://api.fireworks.ai/inference/v1/chat/completions "HTTP/1.1 200 OK"
2026-09-05 14:53:41,185 INFO httpx2: HTTP Request: POST https://api.fireworks.ai/inference/v1/chat/completions "HTTP/1.1 200 OK"
2026-09-05 14:53:41,799 INFO httpx2: HTTP Request: POST https://api.fireworks.ai/inference/v1/chat/completions "HTTP/1.1 200 OK"
2026-09-05 14:53:43,419 INFO httpx2: HTTP Request: POST https://api.fireworks.ai/inference/v1/chat/completions "HTTP/1.1 200 OK"
2026-09-05 14:53:44,217 INFO httpx2: HTTP Request: POST https://api.fireworks.ai/inference/v1/chat/completions "HTTP/1.1 200 OK"
2026-09-05 14:53:44,736 INFO httpx2: HTTP Request: POST https://api.fireworks.ai/inference/v1/chat/completions "HTTP/1.1 200 OK"
2026-09-05 14:53:44,738 INFO gen: 325/2384 done, 414s elapsed, $2.37 this run, 0 retries
2026-09-05 14:53:45,412 INFO httpx2: HTTP Request: POST https://api.fireworks.ai/inference/v1/chat/completions "HTTP/1.1 200 OK"
2026-09-05 14:53:46,252 INFO httpx2: HTTP Request: POST https://api.fireworks.ai/inference/v1/chat/completions "HTTP/1.1 200 OK"
2026-09-05 14:53:46,310 INFO httpx2: HTTP Request: POST https://api.fireworks.ai/inference/v1/chat/completions "HTTP/1.1 200 OK"
2026-09-05 14:53:47,792 INFO httpx2: HTTP Request: POST https://api.fireworks.ai/inference/v1/chat/completions "HTTP/1.1 200 OK"
2026-09-05 14:53:49,651 INFO httpx2: HTTP Request: POST https://api.fireworks.ai/inference/v1/chat/completions "HTTP/1.1 200 OK"
2026-09-05 14:53:54,158 INFO httpx2: HTTP Request: POST https://api.fireworks.ai/inference/v1/chat/completions "HTTP/1.1 200 OK"
2026-09-05 14:53:54,567 INFO httpx2: HTTP Request: POST https://api.fireworks.ai/inference/v1/chat/completions "HTTP/1.1 200 OK"
2026-09-05 14:53:55,804 INFO httpx2: HTTP Request: POST https://api.fireworks.ai/inference/v1/chat/completions "HTTP/1.1 200 OK"
2026-09-05 14:53:55,983 INFO httpx2: HTTP Request: POST https://api.fireworks.ai/inference/v1/chat/completions "HTTP/1.1 200 OK"
2026-09-05 14:53:56,586 INFO httpx2: HTTP Request: POST https://api.fireworks.ai/inference/v1/chat/completions "HTTP/1.1 200 OK"
2026-09-05 14:53:57,573 INFO httpx2: HTTP Request: POST https://api.fireworks.ai/inference/v1/chat/completions "HTTP/1.1 200 OK"
2026-09-05 14:53:59,732 INFO httpx2: HTTP Request: POST https://api.fireworks.ai/inference/v1/chat/completions "HTTP/1.1 200 OK"
2026-09-05 14:54:00,012 INFO httpx2: HTTP Request: POST https://api.fireworks.ai/inference/v1/chat/completions "HTTP/1.1 200 OK"
2026-09-05 14:54:03,002 INFO httpx2: HTTP Request: POST https://api.fireworks.ai/inference/v1/chat/completions "HTTP/1.1 200 OK"
2026-09-05 14:54:07,155 INFO httpx2: HTTP Request: POST https://api.fireworks.ai/inference/v1/chat/completions "HTTP/1.1 200 OK"
2026-09-05 14:54:07,880 INFO httpx2: HTTP Request: POST https://api.fireworks.ai/inference/v1/chat/completions "HTTP/1.1 200 OK"
2026-09-05 14:54:09,758 INFO httpx2: HTTP Request: POST https://api.fireworks.ai/inference/v1/chat/completions "HTTP/1.1 200 OK"
2026-09-05 14:54:12,394 INFO httpx2: HTTP Request: POST https://api.fireworks.ai/inference/v1/chat/completions "HTTP/1.1 200 OK"
2026-09-05 14:54:16,682 INFO httpx2: HTTP Request: POST https://api.fireworks.ai/inference/v1/chat/completions "HTTP/1.1 200 OK"
2026-09-05 14:54:16,838 INFO httpx2: HTTP Request: POST https://api.fireworks.ai/inference/v1/chat/completions "HTTP/1.1 200 OK"
2026-09-05 14:54:18,016 INFO httpx2: HTTP Request: POST https://api.fireworks.ai/inference/v1/chat/completions "HTTP/1.1 200 OK"
2026-09-05 14:54:18,096 INFO httpx2: HTTP Request: POST https://api.fireworks.ai/inference/v1/chat/completions "HTTP/1.1 200 OK"
2026-09-05 14:54:18,632 INFO httpx2: HTTP Request: POST https://api.fireworks.ai/inference/v1/chat/completions "HTTP/1.1 200 OK"
2026-09-05 14:54:21,440 INFO httpx2: HTTP Request: POST https://api.fireworks.ai/inference/v1/chat/completions "HTTP/1.1 200 OK"
2026-09-05 14:54:22,286 INFO httpx2: HTTP Request: POST https://api.fireworks.ai/inference/v1/chat/completions "HTTP/1.1 200 OK"
2026-09-05 14:54:22,287 INFO gen: 350/2384 done, 452s elapsed, $2.53 this run, 0 retries
2026-09-05 14:54:26,851 INFO httpx2: HTTP Request: POST https://api.fireworks.ai/inference/v1/chat/completions "HTTP/1.1 200 OK"
2026-09-05 14:54:28,155 INFO httpx2: HTTP Request: POST https://api.fireworks.ai/inference/v1/chat/completions "HTTP/1.1 200 OK"
2026-09-05 14:54:30,099 INFO httpx2: HTTP Request: POST https://api.fireworks.ai/inference/v1/chat/completions "HTTP/1.1 200 OK"
2026-09-05 14:54:30,306 INFO httpx2: HTTP Request: POST https://api.fireworks.ai/inference/v1/chat/completions "HTTP/1.1 200 OK"
2026-09-05 14:54:30,919 INFO httpx2: HTTP Request: POST https://api.fireworks.ai/inference/v1/chat/completions "HTTP/1.1 200 OK"
2026-09-05 14:54:30,951 INFO httpx2: HTTP Request: POST https://api.fireworks.ai/inference/v1/chat/completions "HTTP/1.1 200 OK"
2026-09-05 14:54:33,274 INFO httpx2: HTTP Request: POST https://api.fireworks.ai/inference/v1/chat/completions "HTTP/1.1 200 OK"
2026-09-05 14:54:34,359 INFO httpx2: HTTP Request: POST https://api.fireworks.ai/inference/v1/chat/completions "HTTP/1.1 200 OK"
2026-09-05 14:54:38,005 INFO httpx2: HTTP Request: POST https://api.fireworks.ai/inference/v1/chat/completions "HTTP/1.1 200 OK"
2026-09-05 14:54:38,388 INFO httpx2: HTTP Request: POST https://api.fireworks.ai/inference/v1/chat/completions "HTTP/1.1 200 OK"
2026-09-05 14:54:38,932 INFO httpx2: HTTP Request: POST https://api.fireworks.ai/inference/v1/chat/completions "HTTP/1.1 200 OK"
2026-09-05 14:54:38,960 INFO httpx2: HTTP Request: POST https://api.fireworks.ai/inference/v1/chat/completions "HTTP/1.1 200 OK"
2026-09-05 14:54:39,379 INFO httpx2: HTTP Request: POST https://api.fireworks.ai/inference/v1/chat/completions "HTTP/1.1 200 OK"
2026-09-05 14:54:42,562 INFO httpx2: HTTP Request: POST https://api.fireworks.ai/inference/v1/chat/completions "HTTP/1.1 200 OK"
2026-09-05 14:54:42,633 INFO httpx2: HTTP Request: POST https://api.fireworks.ai/inference/v1/chat/completions "HTTP/1.1 200 OK"
2026-09-05 14:54:46,781 INFO httpx2: HTTP Request: POST https://api.fireworks.ai/inference/v1/chat/completions "HTTP/1.1 200 OK"
2026-09-05 14:54:48,806 INFO httpx2: HTTP Request: POST https://api.fireworks.ai/inference/v1/chat/completions "HTTP/1.1 200 OK"
2026-09-05 14:54:49,838 INFO httpx2: HTTP Request: POST https://api.fireworks.ai/inference/v1/chat/completions "HTTP/1.1 200 OK"
2026-09-05 14:54:50,914 INFO httpx2: HTTP Request: POST https://api.fireworks.ai/inference/v1/chat/completions "HTTP/1.1 200 OK"
2026-09-05 14:54:53,177 INFO httpx2: HTTP Request: POST https://api.fireworks.ai/inference/v1/chat/completions "HTTP/1.1 200 OK"
2026-09-05 14:54:54,812 INFO httpx2: HTTP Request: POST https://api.fireworks.ai/inference/v1/chat/completions "HTTP/1.1 200 OK"
2026-09-05 14:54:58,879 INFO httpx2: HTTP Request: POST https://api.fireworks.ai/inference/v1/chat/completions "HTTP/1.1 200 OK"
2026-09-05 14:55:00,588 INFO httpx2: HTTP Request: POST https://api.fireworks.ai/inference/v1/chat/completions "HTTP/1.1 200 OK"
2026-09-05 14:55:00,642 INFO httpx2: HTTP Request: POST https://api.fireworks.ai/inference/v1/chat/completions "HTTP/1.1 200 OK"
2026-09-05 14:55:00,661 INFO httpx2: HTTP Request: POST https://api.fireworks.ai/inference/v1/chat/completions "HTTP/1.1 200 OK"
2026-09-05 14:55:00,665 INFO gen: 375/2384 done, 490s elapsed, $2.75 this run, 0 retries
2026-09-05 14:55:01,453 INFO httpx2: HTTP Request: POST https://api.fireworks.ai/inference/v1/chat/completions "HTTP/1.1 200 OK"
2026-09-05 14:55:01,519 INFO httpx2: HTTP Request: POST https://api.fireworks.ai/inference/v1/chat/completions "HTTP/1.1 200 OK"
2026-09-05 14:55:03,203 INFO httpx2: HTTP Request: POST https://api.fireworks.ai/inference/v1/chat/completions "HTTP/1.1 200 OK"
2026-09-05 14:55:03,711 INFO httpx2: HTTP Request: POST https://api.fireworks.ai/inference/v1/chat/completions "HTTP/1.1 200 OK"
2026-09-05 14:55:04,776 INFO httpx2: HTTP Request: POST https://api.fireworks.ai/inference/v1/chat/completions "HTTP/1.1 200 OK"
2026-09-05 14:55:06,534 INFO httpx2: HTTP Request: POST https://api.fireworks.ai/inference/v1/chat/completions "HTTP/1.1 200 OK"
2026-09-05 14:55:07,208 INFO httpx2: HTTP Request: POST https://api.fireworks.ai/inference/v1/chat/completions "HTTP/1.1 200 OK"
2026-09-05 14:55:08,511 INFO httpx2: HTTP Request: POST https://api.fireworks.ai/inference/v1/chat/completions "HTTP/1.1 200 OK"
2026-09-05 14:55:09,385 INFO httpx2: HTTP Request: POST https://api.fireworks.ai/inference/v1/chat/completions "HTTP/1.1 200 OK"
2026-09-05 14:55:12,419 INFO httpx2: HTTP Request: POST https://api.fireworks.ai/inference/v1/chat/completions "HTTP/1.1 200 OK"
2026-09-05 14:55:12,904 INFO httpx2: HTTP Request: POST https://api.fireworks.ai/inference/v1/chat/completions "HTTP/1.1 200 OK"
2026-09-05 14:55:13,831 INFO httpx2: HTTP Request: POST https://api.fireworks.ai/inference/v1/chat/completions "HTTP/1.1 200 OK"
2026-09-05 14:55:14,752 INFO httpx2: HTTP Request: POST https://api.fireworks.ai/inference/v1/chat/completions "HTTP/1.1 200 OK"
2026-09-05 14:55:15,266 INFO httpx2: HTTP Request: POST https://api.fireworks.ai/inference/v1/chat/completions "HTTP/1.1 200 OK"
2026-09-05 14:55:16,079 INFO httpx2: HTTP Request: POST https://api.fireworks.ai/inference/v1/chat/completions "HTTP/1.1 200 OK"
2026-09-05 14:55:17,976 INFO httpx2: HTTP Request: POST https://api.fireworks.ai/inference/v1/chat/completions "HTTP/1.1 200 OK"
2026-09-05 14:55:19,521 INFO httpx2: HTTP Request: POST https://api.fireworks.ai/inference/v1/chat/completions "HTTP/1.1 200 OK"
2026-09-05 14:55:20,082 INFO httpx2: HTTP Request: POST https://api.fireworks.ai/inference/v1/chat/completions "HTTP/1.1 200 OK"
2026-09-05 14:55:20,996 INFO httpx2: HTTP Request: POST https://api.fireworks.ai/inference/v1/chat/completions "HTTP/1.1 200 OK"
2026-09-05 14:55:22,692 INFO httpx2: HTTP Request: POST https://api.fireworks.ai/inference/v1/chat/completions "HTTP/1.1 200 OK"
2026-09-05 14:55:23,017 INFO httpx2: HTTP Request: POST https://api.fireworks.ai/inference/v1/chat/completions "HTTP/1.1 200 OK"
2026-09-05 14:55:23,259 INFO httpx2: HTTP Request: POST https://api.fireworks.ai/inference/v1/chat/completions "HTTP/1.1 200 OK"
2026-09-05 14:55:24,838 INFO httpx2: HTTP Request: POST https://api.fireworks.ai/inference/v1/chat/completions "HTTP/1.1 200 OK"
2026-09-05 14:55:25,160 INFO httpx2: HTTP Request: POST https://api.fireworks.ai/inference/v1/chat/completions "HTTP/1.1 200 OK"
2026-09-05 14:55:26,267 INFO httpx2: HTTP Request: POST https://api.fireworks.ai/inference/v1/chat/completions "HTTP/1.1 200 OK"
2026-09-05 14:55:26,269 INFO gen: 400/2384 done, 516s elapsed, $2.94 this run, 0 retries
2026-09-05 14:55:26,285 INFO httpx2: HTTP Request: POST https://api.fireworks.ai/inference/v1/chat/completions "HTTP/1.1 200 OK"
2026-09-05 14:55:27,730 INFO httpx2: HTTP Request: POST https://api.fireworks.ai/inference/v1/chat/completions "HTTP/1.1 200 OK"
2026-09-05 14:55:31,078 INFO httpx2: HTTP Request: POST https://api.fireworks.ai/inference/v1/chat/completions "HTTP/1.1 200 OK"
2026-09-05 14:55:34,257 INFO httpx2: HTTP Request: POST https://api.fireworks.ai/inference/v1/chat/completions "HTTP/1.1 200 OK"
2026-09-05 14:55:34,415 INFO httpx2: HTTP Request: POST https://api.fireworks.ai/inference/v1/chat/completions "HTTP/1.1 200 OK"
2026-09-05 14:55:37,546 INFO httpx2: HTTP Request: POST https://api.fireworks.ai/inference/v1/chat/completions "HTTP/1.1 200 OK"
2026-09-05 14:55:38,090 INFO httpx2: HTTP Request: POST https://api.fireworks.ai/inference/v1/chat/completions "HTTP/1.1 200 OK"
2026-09-05 14:55:38,358 INFO httpx2: HTTP Request: POST https://api.fireworks.ai/inference/v1/chat/completions "HTTP/1.1 200 OK"
2026-09-05 14:55:38,565 INFO httpx2: HTTP Request: POST https://api.fireworks.ai/inference/v1/chat/completions "HTTP/1.1 200 OK"
2026-09-05 14:55:39,179 INFO httpx2: HTTP Request: POST https://api.fireworks.ai/inference/v1/chat/completions "HTTP/1.1 200 OK"
2026-09-05 14:55:41,031 INFO httpx2: HTTP Request: POST https://api.fireworks.ai/inference/v1/chat/completions "HTTP/1.1 200 OK"
2026-09-05 14:55:41,134 INFO httpx2: HTTP Request: POST https://api.fireworks.ai/inference/v1/chat/completions "HTTP/1.1 200 OK"
2026-09-05 14:55:41,662 INFO httpx2: HTTP Request: POST https://api.fireworks.ai/inference/v1/chat/completions "HTTP/1.1 200 OK"
2026-09-05 14:55:42,801 INFO httpx2: HTTP Request: POST https://api.fireworks.ai/inference/v1/chat/completions "HTTP/1.1 200 OK"
2026-09-05 14:55:42,874 INFO httpx2: HTTP Request: POST https://api.fireworks.ai/inference/v1/chat/completions "HTTP/1.1 200 OK"
2026-09-05 14:55:43,747 INFO httpx2: HTTP Request: POST https://api.fireworks.ai/inference/v1/chat/completions "HTTP/1.1 200 OK"
2026-09-05 14:55:46,367 INFO httpx2: HTTP Request: POST https://api.fireworks.ai/inference/v1/chat/completions "HTTP/1.1 200 OK"
2026-09-05 14:55:47,110 INFO httpx2: HTTP Request: POST https://api.fireworks.ai/inference/v1/chat/completions "HTTP/1.1 200 OK"
2026-09-05 14:55:48,303 INFO httpx2: HTTP Request: POST https://api.fireworks.ai/inference/v1/chat/completions "HTTP/1.1 200 OK"
2026-09-05 14:55:49,557 INFO httpx2: HTTP Request: POST https://api.fireworks.ai/inference/v1/chat/completions "HTTP/1.1 200 OK"
2026-09-05 14:55:50,868 INFO httpx2: HTTP Request: POST https://api.fireworks.ai/inference/v1/chat/completions "HTTP/1.1 200 OK"
2026-09-05 14:55:51,585 INFO httpx2: HTTP Request: POST https://api.fireworks.ai/inference/v1/chat/completions "HTTP/1.1 200 OK"
2026-09-05 14:55:51,775 INFO httpx2: HTTP Request: POST https://api.fireworks.ai/inference/v1/chat/completions "HTTP/1.1 200 OK"
2026-09-05 14:55:54,604 INFO httpx2: HTTP Request: POST https://api.fireworks.ai/inference/v1/chat/completions "HTTP/1.1 200 OK"
2026-09-05 14:55:54,913 INFO httpx2: HTTP Request: POST https://api.fireworks.ai/inference/v1/chat/completions "HTTP/1.1 200 OK"
2026-09-05 14:55:54,916 INFO gen: 425/2384 done, 545s elapsed, $3.13 this run, 0 retries
2026-09-05 14:55:57,194 INFO httpx2: HTTP Request: POST https://api.fireworks.ai/inference/v1/chat/completions "HTTP/1.1 200 OK"
2026-09-05 14:55:57,826 INFO httpx2: HTTP Request: POST https://api.fireworks.ai/inference/v1/chat/completions "HTTP/1.1 200 OK"
2026-09-05 14:55:57,832 INFO httpx2: HTTP Request: POST https://api.fireworks.ai/inference/v1/chat/completions "HTTP/1.1 200 OK"
2026-09-05 14:55:57,919 INFO httpx2: HTTP Request: POST https://api.fireworks.ai/inference/v1/chat/completions "HTTP/1.1 200 OK"
2026-09-05 14:55:59,412 INFO httpx2: HTTP Request: POST https://api.fireworks.ai/inference/v1/chat/completions "HTTP/1.1 200 OK"
2026-09-05 14:56:01,041 INFO httpx2: HTTP Request: POST https://api.fireworks.ai/inference/v1/chat/completions "HTTP/1.1 200 OK"
2026-09-05 14:56:01,513 INFO httpx2: HTTP Request: POST https://api.fireworks.ai/inference/v1/chat/completions "HTTP/1.1 200 OK"
2026-09-05 14:56:02,794 INFO httpx2: HTTP Request: POST https://api.fireworks.ai/inference/v1/chat/completions "HTTP/1.1 200 OK"
2026-09-05 14:56:04,240 INFO httpx2: HTTP Request: POST https://api.fireworks.ai/inference/v1/chat/completions "HTTP/1.1 200 OK"
2026-09-05 14:56:05,555 INFO httpx2: HTTP Request: POST https://api.fireworks.ai/inference/v1/chat/completions "HTTP/1.1 200 OK"
2026-09-05 14:56:07,389 INFO httpx2: HTTP Request: POST https://api.fireworks.ai/inference/v1/chat/completions "HTTP/1.1 200 OK"
2026-09-05 14:56:08,996 INFO httpx2: HTTP Request: POST https://api.fireworks.ai/inference/v1/chat/completions "HTTP/1.1 200 OK"
2026-09-05 14:56:09,713 INFO httpx2: HTTP Request: POST https://api.fireworks.ai/inference/v1/chat/completions "HTTP/1.1 200 OK"
2026-09-05 14:56:10,930 INFO httpx2: HTTP Request: POST https://api.fireworks.ai/inference/v1/chat/completions "HTTP/1.1 200 OK"
2026-09-05 14:56:11,868 INFO httpx2: HTTP Request: POST https://api.fireworks.ai/inference/v1/chat/completions "HTTP/1.1 200 OK"
2026-09-05 14:56:12,569 INFO httpx2: HTTP Request: POST https://api.fireworks.ai/inference/v1/chat/completions "HTTP/1.1 200 OK"
2026-09-05 14:56:12,993 INFO httpx2: HTTP Request: POST https://api.fireworks.ai/inference/v1/chat/completions "HTTP/1.1 200 OK"
2026-09-05 14:56:14,036 INFO httpx2: HTTP Request: POST https://api.fireworks.ai/inference/v1/chat/completions "HTTP/1.1 200 OK"
2026-09-05 14:56:14,646 INFO httpx2: HTTP Request: POST https://api.fireworks.ai/inference/v1/chat/completions "HTTP/1.1 200 OK"
2026-09-05 14:56:16,668 INFO httpx2: HTTP Request: POST https://api.fireworks.ai/inference/v1/chat/completions "HTTP/1.1 200 OK"
2026-09-05 14:56:16,734 INFO httpx2: HTTP Request: POST https://api.fireworks.ai/inference/v1/chat/completions "HTTP/1.1 200 OK"
2026-09-05 14:56:17,873 INFO httpx2: HTTP Request: POST https://api.fireworks.ai/inference/v1/chat/completions "HTTP/1.1 200 OK"
2026-09-05 14:56:17,931 INFO httpx2: HTTP Request: POST https://api.fireworks.ai/inference/v1/chat/completions "HTTP/1.1 200 OK"
2026-09-05 14:56:18,190 INFO httpx2: HTTP Request: POST https://api.fireworks.ai/inference/v1/chat/completions "HTTP/1.1 200 OK"
2026-09-05 14:56:21,566 INFO httpx2: HTTP Request: POST https://api.fireworks.ai/inference/v1/chat/completions "HTTP/1.1 200 OK"
2026-09-05 14:56:21,568 INFO gen: 450/2384 done, 571s elapsed, $3.30 this run, 0 retries
2026-09-05 14:56:22,087 INFO httpx2: HTTP Request: POST https://api.fireworks.ai/inference/v1/chat/completions "HTTP/1.1 200 OK"
2026-09-05 14:56:22,421 INFO httpx2: HTTP Request: POST https://api.fireworks.ai/inference/v1/chat/completions "HTTP/1.1 200 OK"
2026-09-05 14:56:22,478 INFO httpx2: HTTP Request: POST https://api.fireworks.ai/inference/v1/chat/completions "HTTP/1.1 200 OK"
2026-09-05 14:56:23,298 INFO httpx2: HTTP Request: POST https://api.fireworks.ai/inference/v1/chat/completions "HTTP/1.1 200 OK"
2026-09-05 14:56:25,066 INFO httpx2: HTTP Request: POST https://api.fireworks.ai/inference/v1/chat/completions "HTTP/1.1 200 OK"
2026-09-05 14:56:25,174 INFO httpx2: HTTP Request: POST https://api.fireworks.ai/inference/v1/chat/completions "HTTP/1.1 200 OK"
2026-09-05 14:56:27,891 INFO httpx2: HTTP Request: POST https://api.fireworks.ai/inference/v1/chat/completions "HTTP/1.1 200 OK"
2026-09-05 14:56:30,652 INFO httpx2: HTTP Request: POST https://api.fireworks.ai/inference/v1/chat/completions "HTTP/1.1 200 OK"
2026-09-05 14:56:32,865 INFO httpx2: HTTP Request: POST https://api.fireworks.ai/inference/v1/chat/completions "HTTP/1.1 200 OK"
2026-09-05 14:56:33,117 INFO httpx2: HTTP Request: POST https://api.fireworks.ai/inference/v1/chat/completions "HTTP/1.1 200 OK"
2026-09-05 14:56:35,005 INFO httpx2: HTTP Request: POST https://api.fireworks.ai/inference/v1/chat/completions "HTTP/1.1 200 OK"
2026-09-05 14:56:35,145 INFO httpx2: HTTP Request: POST https://api.fireworks.ai/inference/v1/chat/completions "HTTP/1.1 200 OK"
2026-09-05 14:56:35,966 INFO httpx2: HTTP Request: POST https://api.fireworks.ai/inference/v1/chat/completions "HTTP/1.1 200 OK"
2026-09-05 14:56:36,653 INFO httpx2: HTTP Request: POST https://api.fireworks.ai/inference/v1/chat/completions "HTTP/1.1 200 OK"
2026-09-05 14:56:36,876 INFO httpx2: HTTP Request: POST https://api.fireworks.ai/inference/v1/chat/completions "HTTP/1.1 200 OK"
2026-09-05 14:56:37,283 INFO httpx2: HTTP Request: POST https://api.fireworks.ai/inference/v1/chat/completions "HTTP/1.1 200 OK"
2026-09-05 14:56:41,425 INFO httpx2: HTTP Request: POST https://api.fireworks.ai/inference/v1/chat/completions "HTTP/1.1 200 OK"
2026-09-05 14:56:42,028 INFO httpx2: HTTP Request: POST https://api.fireworks.ai/inference/v1/chat/completions "HTTP/1.1 200 OK"
2026-09-05 14:56:42,529 INFO httpx2: HTTP Request: POST https://api.fireworks.ai/inference/v1/chat/completions "HTTP/1.1 200 OK"
2026-09-05 14:56:43,796 INFO httpx2: HTTP Request: POST https://api.fireworks.ai/inference/v1/chat/completions "HTTP/1.1 200 OK"
2026-09-05 14:56:46,072 INFO httpx2: HTTP Request: POST https://api.fireworks.ai/inference/v1/chat/completions "HTTP/1.1 200 OK"
2026-09-05 14:56:46,873 INFO httpx2: HTTP Request: POST https://api.fireworks.ai/inference/v1/chat/completions "HTTP/1.1 200 OK"
2026-09-05 14:56:48,281 INFO httpx2: HTTP Request: POST https://api.fireworks.ai/inference/v1/chat/completions "HTTP/1.1 200 OK"
2026-09-05 14:56:48,948 INFO httpx2: HTTP Request: POST https://api.fireworks.ai/inference/v1/chat/completions "HTTP/1.1 200 OK"
2026-09-05 14:56:50,491 INFO httpx2: HTTP Request: POST https://api.fireworks.ai/inference/v1/chat/completions "HTTP/1.1 200 OK"
2026-09-05 14:56:50,495 INFO gen: 475/2384 done, 600s elapsed, $3.45 this run, 0 retries
2026-09-05 14:56:52,851 INFO httpx2: HTTP Request: POST https://api.fireworks.ai/inference/v1/chat/completions "HTTP/1.1 200 OK"
2026-09-05 14:56:53,417 INFO httpx2: HTTP Request: POST https://api.fireworks.ai/inference/v1/chat/completions "HTTP/1.1 200 OK"
2026-09-05 14:56:53,537 INFO httpx2: HTTP Request: POST https://api.fireworks.ai/inference/v1/chat/completions "HTTP/1.1 200 OK"
2026-09-05 14:56:54,220 INFO httpx2: HTTP Request: POST https://api.fireworks.ai/inference/v1/chat/completions "HTTP/1.1 200 OK"
2026-09-05 14:56:56,278 INFO httpx2: HTTP Request: POST https://api.fireworks.ai/inference/v1/chat/completions "HTTP/1.1 200 OK"
2026-09-05 14:56:56,515 INFO httpx2: HTTP Request: POST https://api.fireworks.ai/inference/v1/chat/completions "HTTP/1.1 200 OK"
2026-09-05 14:56:56,922 INFO httpx2: HTTP Request: POST https://api.fireworks.ai/inference/v1/chat/completions "HTTP/1.1 200 OK"
2026-09-05 14:57:00,118 INFO httpx2: HTTP Request: POST https://api.fireworks.ai/inference/v1/chat/completions "HTTP/1.1 200 OK"
2026-09-05 14:57:00,120 INFO httpx2: HTTP Request: POST https://api.fireworks.ai/inference/v1/chat/completions "HTTP/1.1 200 OK"
2026-09-05 14:57:00,121 INFO httpx2: HTTP Request: POST https://api.fireworks.ai/inference/v1/chat/completions "HTTP/1.1 200 OK"
2026-09-05 14:57:03,489 INFO httpx2: HTTP Request: POST https://api.fireworks.ai/inference/v1/chat/completions "HTTP/1.1 200 OK"
2026-09-05 14:57:04,378 INFO httpx2: HTTP Request: POST https://api.fireworks.ai/inference/v1/chat/completions "HTTP/1.1 200 OK"
2026-09-05 14:57:05,522 INFO httpx2: HTTP Request: POST https://api.fireworks.ai/inference/v1/chat/completions "HTTP/1.1 200 OK"
2026-09-05 14:57:05,627 INFO httpx2: HTTP Request: POST https://api.fireworks.ai/inference/v1/chat/completions "HTTP/1.1 200 OK"
2026-09-05 14:57:05,912 INFO httpx2: HTTP Request: POST https://api.fireworks.ai/inference/v1/chat/completions "HTTP/1.1 200 OK"
2026-09-05 14:57:06,227 INFO httpx2: HTTP Request: POST https://api.fireworks.ai/inference/v1/chat/completions "HTTP/1.1 200 OK"
2026-09-05 14:57:06,836 INFO httpx2: HTTP Request: POST https://api.fireworks.ai/inference/v1/chat/completions "HTTP/1.1 200 OK"
2026-09-05 14:57:10,254 INFO httpx2: HTTP Request: POST https://api.fireworks.ai/inference/v1/chat/completions "HTTP/1.1 200 OK"
2026-09-05 14:57:10,476 INFO httpx2: HTTP Request: POST https://api.fireworks.ai/inference/v1/chat/completions "HTTP/1.1 200 OK"
2026-09-05 14:57:10,503 INFO httpx2: HTTP Request: POST https://api.fireworks.ai/inference/v1/chat/completions "HTTP/1.1 200 OK"
2026-09-05 14:57:11,576 INFO httpx2: HTTP Request: POST https://api.fireworks.ai/inference/v1/chat/completions "HTTP/1.1 200 OK"
2026-09-05 14:57:12,047 INFO httpx2: HTTP Request: POST https://api.fireworks.ai/inference/v1/chat/completions "HTTP/1.1 200 OK"
2026-09-05 14:57:13,866 INFO httpx2: HTTP Request: POST https://api.fireworks.ai/inference/v1/chat/completions "HTTP/1.1 200 OK"
2026-09-05 14:57:14,680 INFO httpx2: HTTP Request: POST https://api.fireworks.ai/inference/v1/chat/completions "HTTP/1.1 200 OK"
2026-09-05 14:57:16,033 INFO httpx2: HTTP Request: POST https://api.fireworks.ai/inference/v1/chat/completions "HTTP/1.1 200 OK"
2026-09-05 14:57:16,034 INFO gen: 500/2384 done, 626s elapsed, $3.65 this run, 0 retries
2026-09-05 14:57:16,157 INFO httpx2: HTTP Request: POST https://api.fireworks.ai/inference/v1/chat/completions "HTTP/1.1 200 OK"
2026-09-05 14:57:16,502 INFO httpx2: HTTP Request: POST https://api.fireworks.ai/inference/v1/chat/completions "HTTP/1.1 200 OK"
2026-09-05 14:57:17,014 INFO httpx2: HTTP Request: POST https://api.fireworks.ai/inference/v1/chat/completions "HTTP/1.1 200 OK"
2026-09-05 14:57:18,992 INFO httpx2: HTTP Request: POST https://api.fireworks.ai/inference/v1/chat/completions "HTTP/1.1 200 OK"
2026-09-05 14:57:19,598 INFO httpx2: HTTP Request: POST https://api.fireworks.ai/inference/v1/chat/completions "HTTP/1.1 200 OK"
2026-09-05 14:57:19,606 INFO httpx2: HTTP Request: POST https://api.fireworks.ai/inference/v1/chat/completions "HTTP/1.1 200 OK"
2026-09-05 14:57:20,813 INFO httpx2: HTTP Request: POST https://api.fireworks.ai/inference/v1/chat/completions "HTTP/1.1 200 OK"
2026-09-05 14:57:22,017 INFO httpx2: HTTP Request: POST https://api.fireworks.ai/inference/v1/chat/completions "HTTP/1.1 200 OK"
2026-09-05 14:57:22,250 INFO httpx2: HTTP Request: POST https://api.fireworks.ai/inference/v1/chat/completions "HTTP/1.1 200 OK"
2026-09-05 14:57:23,593 INFO httpx2: HTTP Request: POST https://api.fireworks.ai/inference/v1/chat/completions "HTTP/1.1 200 OK"
2026-09-05 14:57:24,490 INFO httpx2: HTTP Request: POST https://api.fireworks.ai/inference/v1/chat/completions "HTTP/1.1 200 OK"
2026-09-05 14:57:25,122 INFO httpx2: HTTP Request: POST https://api.fireworks.ai/inference/v1/chat/completions "HTTP/1.1 200 OK"
2026-09-05 14:57:27,538 INFO httpx2: HTTP Request: POST https://api.fireworks.ai/inference/v1/chat/completions "HTTP/1.1 200 OK"
2026-09-05 14:57:30,613 INFO httpx2: HTTP Request: POST https://api.fireworks.ai/inference/v1/chat/completions "HTTP/1.1 200 OK"
2026-09-05 14:57:31,315 INFO httpx2: HTTP Request: POST https://api.fireworks.ai/inference/v1/chat/completions "HTTP/1.1 200 OK"
2026-09-05 14:57:31,998 INFO httpx2: HTTP Request: POST https://api.fireworks.ai/inference/v1/chat/completions "HTTP/1.1 200 OK"
2026-09-05 14:57:33,718 INFO httpx2: HTTP Request: POST https://api.fireworks.ai/inference/v1/chat/completions "HTTP/1.1 200 OK"
2026-09-05 14:57:34,496 INFO httpx2: HTTP Request: POST https://api.fireworks.ai/inference/v1/chat/completions "HTTP/1.1 200 OK"
2026-09-05 14:57:35,521 INFO httpx2: HTTP Request: POST https://api.fireworks.ai/inference/v1/chat/completions "HTTP/1.1 200 OK"
2026-09-05 14:57:36,539 INFO httpx2: HTTP Request: POST https://api.fireworks.ai/inference/v1/chat/completions "HTTP/1.1 200 OK"
2026-09-05 14:57:37,643 INFO httpx2: HTTP Request: POST https://api.fireworks.ai/inference/v1/chat/completions "HTTP/1.1 200 OK"
2026-09-05 14:57:39,629 INFO httpx2: HTTP Request: POST https://api.fireworks.ai/inference/v1/chat/completions "HTTP/1.1 200 OK"
2026-09-05 14:57:41,505 INFO httpx2: HTTP Request: POST https://api.fireworks.ai/inference/v1/chat/completions "HTTP/1.1 200 OK"
2026-09-05 14:57:43,205 INFO httpx2: HTTP Request: POST https://api.fireworks.ai/inference/v1/chat/completions "HTTP/1.1 200 OK"
2026-09-05 14:57:43,281 INFO httpx2: HTTP Request: POST https://api.fireworks.ai/inference/v1/chat/completions "HTTP/1.1 200 OK"
2026-09-05 14:57:43,286 INFO gen: 525/2384 done, 653s elapsed, $3.77 this run, 0 retries
2026-09-05 14:57:43,292 INFO httpx2: HTTP Request: POST https://api.fireworks.ai/inference/v1/chat/completions "HTTP/1.1 200 OK"
2026-09-05 14:57:43,563 INFO httpx2: HTTP Request: POST https://api.fireworks.ai/inference/v1/chat/completions "HTTP/1.1 200 OK"
2026-09-05 14:57:43,688 INFO httpx2: HTTP Request: POST https://api.fireworks.ai/inference/v1/chat/completions "HTTP/1.1 200 OK"
2026-09-05 14:57:44,625 INFO httpx2: HTTP Request: POST https://api.fireworks.ai/inference/v1/chat/completions "HTTP/1.1 200 OK"
2026-09-05 14:57:46,273 INFO httpx2: HTTP Request: POST https://api.fireworks.ai/inference/v1/chat/completions "HTTP/1.1 200 OK"
2026-09-05 14:57:46,469 INFO httpx2: HTTP Request: POST https://api.fireworks.ai/inference/v1/chat/completions "HTTP/1.1 200 OK"
2026-09-05 14:57:48,590 INFO httpx2: HTTP Request: POST https://api.fireworks.ai/inference/v1/chat/completions "HTTP/1.1 200 OK"
2026-09-05 14:57:49,748 INFO httpx2: HTTP Request: POST https://api.fireworks.ai/inference/v1/chat/completions "HTTP/1.1 200 OK"
2026-09-05 14:57:49,881 INFO httpx2: HTTP Request: POST https://api.fireworks.ai/inference/v1/chat/completions "HTTP/1.1 200 OK"
2026-09-05 14:57:50,872 INFO httpx2: HTTP Request: POST https://api.fireworks.ai/inference/v1/chat/completions "HTTP/1.1 200 OK"
2026-09-05 14:57:53,368 INFO httpx2: HTTP Request: POST https://api.fireworks.ai/inference/v1/chat/completions "HTTP/1.1 200 OK"
2026-09-05 14:57:54,715 INFO httpx2: HTTP Request: POST https://api.fireworks.ai/inference/v1/chat/completions "HTTP/1.1 200 OK"
2026-09-05 14:57:55,663 INFO httpx2: HTTP Request: POST https://api.fireworks.ai/inference/v1/chat/completions "HTTP/1.1 200 OK"
2026-09-05 14:57:58,499 INFO httpx2: HTTP Request: POST https://api.fireworks.ai/inference/v1/chat/completions "HTTP/1.1 200 OK"
2026-09-05 14:57:59,896 INFO httpx2: HTTP Request: POST https://api.fireworks.ai/inference/v1/chat/completions "HTTP/1.1 200 OK"
2026-09-05 14:58:01,458 INFO httpx2: HTTP Request: POST https://api.fireworks.ai/inference/v1/chat/completions "HTTP/1.1 200 OK"
2026-09-05 14:58:03,561 INFO httpx2: HTTP Request: POST https://api.fireworks.ai/inference/v1/chat/completions "HTTP/1.1 200 OK"
2026-09-05 14:58:07,742 INFO httpx2: HTTP Request: POST https://api.fireworks.ai/inference/v1/chat/completions "HTTP/1.1 200 OK"
2026-09-05 14:58:07,971 INFO httpx2: HTTP Request: POST https://api.fireworks.ai/inference/v1/chat/completions "HTTP/1.1 200 OK"
2026-09-05 14:58:09,156 INFO httpx2: HTTP Request: POST https://api.fireworks.ai/inference/v1/chat/completions "HTTP/1.1 200 OK"
2026-09-05 14:58:10,673 INFO httpx2: HTTP Request: POST https://api.fireworks.ai/inference/v1/chat/completions "HTTP/1.1 200 OK"
2026-09-05 14:58:12,105 INFO httpx2: HTTP Request: POST https://api.fireworks.ai/inference/v1/chat/completions "HTTP/1.1 200 OK"
2026-09-05 14:58:12,594 INFO httpx2: HTTP Request: POST https://api.fireworks.ai/inference/v1/chat/completions "HTTP/1.1 200 OK"
2026-09-05 14:58:13,264 INFO httpx2: HTTP Request: POST https://api.fireworks.ai/inference/v1/chat/completions "HTTP/1.1 200 OK"
2026-09-05 14:58:14,459 INFO httpx2: HTTP Request: POST https://api.fireworks.ai/inference/v1/chat/completions "HTTP/1.1 200 OK"
2026-09-05 14:58:14,462 INFO gen: 550/2384 done, 684s elapsed, $3.93 this run, 0 retries
2026-09-05 14:58:14,517 INFO httpx2: HTTP Request: POST https://api.fireworks.ai/inference/v1/chat/completions "HTTP/1.1 200 OK"
2026-09-05 14:58:16,101 INFO httpx2: HTTP Request: POST https://api.fireworks.ai/inference/v1/chat/completions "HTTP/1.1 200 OK"
2026-09-05 14:58:18,455 INFO httpx2: HTTP Request: POST https://api.fireworks.ai/inference/v1/chat/completions "HTTP/1.1 200 OK"
2026-09-05 14:58:18,774 INFO httpx2: HTTP Request: POST https://api.fireworks.ai/inference/v1/chat/completions "HTTP/1.1 200 OK"
2026-09-05 14:58:19,975 INFO httpx2: HTTP Request: POST https://api.fireworks.ai/inference/v1/chat/completions "HTTP/1.1 200 OK"
2026-09-05 14:58:20,609 INFO httpx2: HTTP Request: POST https://api.fireworks.ai/inference/v1/chat/completions "HTTP/1.1 200 OK"
2026-09-05 14:58:21,632 INFO httpx2: HTTP Request: POST https://api.fireworks.ai/inference/v1/chat/completions "HTTP/1.1 200 OK"
2026-09-05 14:58:24,393 INFO httpx2: HTTP Request: POST https://api.fireworks.ai/inference/v1/chat/completions "HTTP/1.1 200 OK"
2026-09-05 14:58:25,317 INFO httpx2: HTTP Request: POST https://api.fireworks.ai/inference/v1/chat/completions "HTTP/1.1 200 OK"
2026-09-05 14:58:28,593 INFO httpx2: HTTP Request: POST https://api.fireworks.ai/inference/v1/chat/completions "HTTP/1.1 200 OK"
2026-09-05 14:58:29,360 INFO httpx2: HTTP Request: POST https://api.fireworks.ai/inference/v1/chat/completions "HTTP/1.1 200 OK"
2026-09-05 14:58:30,236 INFO httpx2: HTTP Request: POST https://api.fireworks.ai/inference/v1/chat/completions "HTTP/1.1 200 OK"
2026-09-05 14:58:31,360 INFO httpx2: HTTP Request: POST https://api.fireworks.ai/inference/v1/chat/completions "HTTP/1.1 200 OK"
2026-09-05 14:58:31,554 INFO httpx2: HTTP Request: POST https://api.fireworks.ai/inference/v1/chat/completions "HTTP/1.1 200 OK"
2026-09-05 14:58:33,406 INFO httpx2: HTTP Request: POST https://api.fireworks.ai/inference/v1/chat/completions "HTTP/1.1 200 OK"
2026-09-05 14:58:35,947 INFO httpx2: HTTP Request: POST https://api.fireworks.ai/inference/v1/chat/completions "HTTP/1.1 200 OK"
2026-09-05 14:58:36,782 INFO httpx2: HTTP Request: POST https://api.fireworks.ai/inference/v1/chat/completions "HTTP/1.1 200 OK"
2026-09-05 14:58:37,844 INFO httpx2: HTTP Request: POST https://api.fireworks.ai/inference/v1/chat/completions "HTTP/1.1 200 OK"
2026-09-05 14:58:38,912 INFO httpx2: HTTP Request: POST https://api.fireworks.ai/inference/v1/chat/completions "HTTP/1.1 200 OK"
2026-09-05 14:58:41,362 INFO httpx2: HTTP Request: POST https://api.fireworks.ai/inference/v1/chat/completions "HTTP/1.1 200 OK"
2026-09-05 14:58:41,847 INFO httpx2: HTTP Request: POST https://api.fireworks.ai/inference/v1/chat/completions "HTTP/1.1 200 OK"
2026-09-05 14:58:44,663 INFO httpx2: HTTP Request: POST https://api.fireworks.ai/inference/v1/chat/completions "HTTP/1.1 200 OK"
2026-09-05 14:58:45,572 INFO httpx2: HTTP Request: POST https://api.fireworks.ai/inference/v1/chat/completions "HTTP/1.1 200 OK"
2026-09-05 14:58:47,333 INFO httpx2: HTTP Request: POST https://api.fireworks.ai/inference/v1/chat/completions "HTTP/1.1 200 OK"
2026-09-05 14:58:47,418 INFO httpx2: HTTP Request: POST https://api.fireworks.ai/inference/v1/chat/completions "HTTP/1.1 200 OK"
2026-09-05 14:58:47,420 INFO gen: 575/2384 done, 717s elapsed, $4.12 this run, 0 retries
2026-09-05 14:58:47,665 INFO httpx2: HTTP Request: POST https://api.fireworks.ai/inference/v1/chat/completions "HTTP/1.1 200 OK"
2026-09-05 14:58:49,649 INFO httpx2: HTTP Request: POST https://api.fireworks.ai/inference/v1/chat/completions "HTTP/1.1 200 OK"
2026-09-05 14:58:50,659 INFO httpx2: HTTP Request: POST https://api.fireworks.ai/inference/v1/chat/completions "HTTP/1.1 200 OK"
2026-09-05 14:58:51,760 INFO httpx2: HTTP Request: POST https://api.fireworks.ai/inference/v1/chat/completions "HTTP/1.1 200 OK"
2026-09-05 14:58:52,146 INFO httpx2: HTTP Request: POST https://api.fireworks.ai/inference/v1/chat/completions "HTTP/1.1 200 OK"
2026-09-05 14:58:53,575 INFO httpx2: HTTP Request: POST https://api.fireworks.ai/inference/v1/chat/completions "HTTP/1.1 200 OK"
2026-09-05 14:58:54,639 INFO httpx2: HTTP Request: POST https://api.fireworks.ai/inference/v1/chat/completions "HTTP/1.1 200 OK"
2026-09-05 14:58:59,721 INFO httpx2: HTTP Request: POST https://api.fireworks.ai/inference/v1/chat/completions "HTTP/1.1 200 OK"
2026-09-05 14:59:00,131 INFO httpx2: HTTP Request: POST https://api.fireworks.ai/inference/v1/chat/completions "HTTP/1.1 200 OK"
2026-09-05 14:59:03,255 INFO httpx2: HTTP Request: POST https://api.fireworks.ai/inference/v1/chat/completions "HTTP/1.1 200 OK"
2026-09-05 14:59:03,287 INFO httpx2: HTTP Request: POST https://api.fireworks.ai/inference/v1/chat/completions "HTTP/1.1 200 OK"
2026-09-05 14:59:04,220 INFO httpx2: HTTP Request: POST https://api.fireworks.ai/inference/v1/chat/completions "HTTP/1.1 200 OK"
2026-09-05 14:59:06,219 INFO httpx2: HTTP Request: POST https://api.fireworks.ai/inference/v1/chat/completions "HTTP/1.1 200 OK"
2026-09-05 14:59:06,779 INFO httpx2: HTTP Request: POST https://api.fireworks.ai/inference/v1/chat/completions "HTTP/1.1 200 OK"
2026-09-05 14:59:11,249 INFO httpx2: HTTP Request: POST https://api.fireworks.ai/inference/v1/chat/completions "HTTP/1.1 200 OK"
2026-09-05 14:59:11,438 INFO httpx2: HTTP Request: POST https://api.fireworks.ai/inference/v1/chat/completions "HTTP/1.1 200 OK"
2026-09-05 14:59:13,106 INFO httpx2: HTTP Request: POST https://api.fireworks.ai/inference/v1/chat/completions "HTTP/1.1 200 OK"
2026-09-05 14:59:14,863 INFO httpx2: HTTP Request: POST https://api.fireworks.ai/inference/v1/chat/completions "HTTP/1.1 200 OK"
2026-09-05 14:59:17,336 INFO httpx2: HTTP Request: POST https://api.fireworks.ai/inference/v1/chat/completions "HTTP/1.1 200 OK"
2026-09-05 14:59:19,794 INFO httpx2: HTTP Request: POST https://api.fireworks.ai/inference/v1/chat/completions "HTTP/1.1 200 OK"
2026-09-05 14:59:22,763 INFO httpx2: HTTP Request: POST https://api.fireworks.ai/inference/v1/chat/completions "HTTP/1.1 200 OK"
2026-09-05 14:59:23,410 INFO httpx2: HTTP Request: POST https://api.fireworks.ai/inference/v1/chat/completions "HTTP/1.1 200 OK"
2026-09-05 14:59:23,704 INFO httpx2: HTTP Request: POST https://api.fireworks.ai/inference/v1/chat/completions "HTTP/1.1 200 OK"
2026-09-05 14:59:25,038 INFO httpx2: HTTP Request: POST https://api.fireworks.ai/inference/v1/chat/completions "HTTP/1.1 200 OK"
2026-09-05 14:59:26,246 INFO httpx2: HTTP Request: POST https://api.fireworks.ai/inference/v1/chat/completions "HTTP/1.1 200 OK"
2026-09-05 14:59:26,254 INFO gen: 600/2384 done, 756s elapsed, $4.34 this run, 0 retries
2026-09-05 14:59:27,444 INFO httpx2: HTTP Request: POST https://api.fireworks.ai/inference/v1/chat/completions "HTTP/1.1 200 OK"
2026-09-05 14:59:28,774 INFO httpx2: HTTP Request: POST https://api.fireworks.ai/inference/v1/chat/completions "HTTP/1.1 200 OK"
2026-09-05 14:59:29,932 INFO httpx2: HTTP Request: POST https://api.fireworks.ai/inference/v1/chat/completions "HTTP/1.1 200 OK"
2026-09-05 14:59:30,897 INFO httpx2: HTTP Request: POST https://api.fireworks.ai/inference/v1/chat/completions "HTTP/1.1 200 OK"
2026-09-05 14:59:31,135 INFO httpx2: HTTP Request: POST https://api.fireworks.ai/inference/v1/chat/completions "HTTP/1.1 200 OK"
2026-09-05 14:59:31,172 INFO httpx2: HTTP Request: POST https://api.fireworks.ai/inference/v1/chat/completions "HTTP/1.1 200 OK"
2026-09-05 14:59:31,917 INFO httpx2: HTTP Request: POST https://api.fireworks.ai/inference/v1/chat/completions "HTTP/1.1 200 OK"
2026-09-05 14:59:32,905 INFO httpx2: HTTP Request: POST https://api.fireworks.ai/inference/v1/chat/completions "HTTP/1.1 200 OK"
2026-09-05 14:59:35,833 INFO httpx2: HTTP Request: POST https://api.fireworks.ai/inference/v1/chat/completions "HTTP/1.1 200 OK"
2026-09-05 14:59:36,857 INFO httpx2: HTTP Request: POST https://api.fireworks.ai/inference/v1/chat/completions "HTTP/1.1 200 OK"
2026-09-05 14:59:37,912 INFO httpx2: HTTP Request: POST https://api.fireworks.ai/inference/v1/chat/completions "HTTP/1.1 200 OK"
2026-09-05 14:59:41,217 INFO httpx2: HTTP Request: POST https://api.fireworks.ai/inference/v1/chat/completions "HTTP/1.1 200 OK"
2026-09-05 14:59:46,442 INFO httpx2: HTTP Request: POST https://api.fireworks.ai/inference/v1/chat/completions "HTTP/1.1 200 OK"
2026-09-05 14:59:48,031 INFO httpx2: HTTP Request: POST https://api.fireworks.ai/inference/v1/chat/completions "HTTP/1.1 200 OK"
2026-09-05 14:59:48,417 INFO httpx2: HTTP Request: POST https://api.fireworks.ai/inference/v1/chat/completions "HTTP/1.1 200 OK"
2026-09-05 14:59:48,924 INFO httpx2: HTTP Request: POST https://api.fireworks.ai/inference/v1/chat/completions "HTTP/1.1 200 OK"
2026-09-05 14:59:50,254 INFO httpx2: HTTP Request: POST https://api.fireworks.ai/inference/v1/chat/completions "HTTP/1.1 200 OK"
2026-09-05 14:59:53,249 INFO httpx2: HTTP Request: POST https://api.fireworks.ai/inference/v1/chat/completions "HTTP/1.1 200 OK"
2026-09-05 14:59:54,507 INFO httpx2: HTTP Request: POST https://api.fireworks.ai/inference/v1/chat/completions "HTTP/1.1 200 OK"
2026-09-05 14:59:55,243 INFO httpx2: HTTP Request: POST https://api.fireworks.ai/inference/v1/chat/completions "HTTP/1.1 200 OK"
2026-09-05 14:59:57,803 INFO httpx2: HTTP Request: POST https://api.fireworks.ai/inference/v1/chat/completions "HTTP/1.1 200 OK"
2026-09-05 14:59:59,604 INFO httpx2: HTTP Request: POST https://api.fireworks.ai/inference/v1/chat/completions "HTTP/1.1 200 OK"
2026-09-05 14:59:59,694 INFO httpx2: HTTP Request: POST https://api.fireworks.ai/inference/v1/chat/completions "HTTP/1.1 200 OK"
2026-09-05 15:00:00,946 INFO httpx2: HTTP Request: POST https://api.fireworks.ai/inference/v1/chat/completions "HTTP/1.1 200 OK"
2026-09-05 15:00:02,443 INFO httpx2: HTTP Request: POST https://api.fireworks.ai/inference/v1/chat/completions "HTTP/1.1 200 OK"
2026-09-05 15:00:02,599 INFO gen: 625/2384 done, 792s elapsed, $4.56 this run, 0 retries
2026-09-05 15:00:03,493 INFO httpx2: HTTP Request: POST https://api.fireworks.ai/inference/v1/chat/completions "HTTP/1.1 200 OK"
2026-09-05 15:00:04,032 INFO httpx2: HTTP Request: POST https://api.fireworks.ai/inference/v1/chat/completions "HTTP/1.1 200 OK"
2026-09-05 15:00:05,467 INFO httpx2: HTTP Request: POST https://api.fireworks.ai/inference/v1/chat/completions "HTTP/1.1 200 OK"
2026-09-05 15:00:06,204 INFO httpx2: HTTP Request: POST https://api.fireworks.ai/inference/v1/chat/completions "HTTP/1.1 200 OK"
2026-09-05 15:00:07,252 INFO httpx2: HTTP Request: POST https://api.fireworks.ai/inference/v1/chat/completions "HTTP/1.1 200 OK"
2026-09-05 15:00:08,090 INFO httpx2: HTTP Request: POST https://api.fireworks.ai/inference/v1/chat/completions "HTTP/1.1 200 OK"
2026-09-05 15:00:09,858 INFO httpx2: HTTP Request: POST https://api.fireworks.ai/inference/v1/chat/completions "HTTP/1.1 200 OK"
2026-09-05 15:00:09,876 INFO httpx2: HTTP Request: POST https://api.fireworks.ai/inference/v1/chat/completions "HTTP/1.1 200 OK"
2026-09-05 15:00:10,841 INFO httpx2: HTTP Request: POST https://api.fireworks.ai/inference/v1/chat/completions "HTTP/1.1 200 OK"
2026-09-05 15:00:12,380 INFO httpx2: HTTP Request: POST https://api.fireworks.ai/inference/v1/chat/completions "HTTP/1.1 200 OK"
2026-09-05 15:00:12,813 INFO httpx2: HTTP Request: POST https://api.fireworks.ai/inference/v1/chat/completions "HTTP/1.1 200 OK"
2026-09-05 15:00:13,754 INFO httpx2: HTTP Request: POST https://api.fireworks.ai/inference/v1/chat/completions "HTTP/1.1 200 OK"
2026-09-05 15:00:15,433 INFO httpx2: HTTP Request: POST https://api.fireworks.ai/inference/v1/chat/completions "HTTP/1.1 200 OK"
2026-09-05 15:00:19,816 INFO httpx2: HTTP Request: POST https://api.fireworks.ai/inference/v1/chat/completions "HTTP/1.1 200 OK"
2026-09-05 15:00:20,024 INFO httpx2: HTTP Request: POST https://api.fireworks.ai/inference/v1/chat/completions "HTTP/1.1 200 OK"
2026-09-05 15:00:20,221 INFO httpx2: HTTP Request: POST https://api.fireworks.ai/inference/v1/chat/completions "HTTP/1.1 200 OK"
2026-09-05 15:00:22,507 INFO httpx2: HTTP Request: POST https://api.fireworks.ai/inference/v1/chat/completions "HTTP/1.1 200 OK"
2026-09-05 15:00:23,320 INFO httpx2: HTTP Request: POST https://api.fireworks.ai/inference/v1/chat/completions "HTTP/1.1 200 OK"
2026-09-05 15:00:24,546 INFO httpx2: HTTP Request: POST https://api.fireworks.ai/inference/v1/chat/completions "HTTP/1.1 200 OK"
2026-09-05 15:00:25,738 INFO httpx2: HTTP Request: POST https://api.fireworks.ai/inference/v1/chat/completions "HTTP/1.1 200 OK"
2026-09-05 15:00:27,785 INFO httpx2: HTTP Request: POST https://api.fireworks.ai/inference/v1/chat/completions "HTTP/1.1 200 OK"
2026-09-05 15:00:29,262 INFO httpx2: HTTP Request: POST https://api.fireworks.ai/inference/v1/chat/completions "HTTP/1.1 200 OK"
2026-09-05 15:00:31,612 INFO httpx2: HTTP Request: POST https://api.fireworks.ai/inference/v1/chat/completions "HTTP/1.1 200 OK"
2026-09-05 15:00:32,602 INFO httpx2: HTTP Request: POST https://api.fireworks.ai/inference/v1/chat/completions "HTTP/1.1 200 OK"
2026-09-05 15:00:34,659 INFO httpx2: HTTP Request: POST https://api.fireworks.ai/inference/v1/chat/completions "HTTP/1.1 200 OK"
2026-09-05 15:00:34,661 INFO gen: 650/2384 done, 824s elapsed, $4.81 this run, 0 retries
2026-09-05 15:00:34,737 INFO httpx2: HTTP Request: POST https://api.fireworks.ai/inference/v1/chat/completions "HTTP/1.1 200 OK"
2026-09-05 15:00:34,902 INFO httpx2: HTTP Request: POST https://api.fireworks.ai/inference/v1/chat/completions "HTTP/1.1 200 OK"
2026-09-05 15:00:35,242 INFO httpx2: HTTP Request: POST https://api.fireworks.ai/inference/v1/chat/completions "HTTP/1.1 200 OK"
2026-09-05 15:00:35,550 INFO httpx2: HTTP Request: POST https://api.fireworks.ai/inference/v1/chat/completions "HTTP/1.1 200 OK"
2026-09-05 15:00:36,472 INFO httpx2: HTTP Request: POST https://api.fireworks.ai/inference/v1/chat/completions "HTTP/1.1 200 OK"
2026-09-05 15:00:41,572 INFO httpx2: HTTP Request: POST https://api.fireworks.ai/inference/v1/chat/completions "HTTP/1.1 200 OK"
2026-09-05 15:00:42,074 INFO httpx2: HTTP Request: POST https://api.fireworks.ai/inference/v1/chat/completions "HTTP/1.1 200 OK"
2026-09-05 15:00:42,585 INFO httpx2: HTTP Request: POST https://api.fireworks.ai/inference/v1/chat/completions "HTTP/1.1 200 OK"
2026-09-05 15:00:43,084 INFO httpx2: HTTP Request: POST https://api.fireworks.ai/inference/v1/chat/completions "HTTP/1.1 200 OK"
2026-09-05 15:00:46,776 INFO httpx2: HTTP Request: POST https://api.fireworks.ai/inference/v1/chat/completions "HTTP/1.1 200 OK"
2026-09-05 15:00:47,049 INFO httpx2: HTTP Request: POST https://api.fireworks.ai/inference/v1/chat/completions "HTTP/1.1 200 OK"
2026-09-05 15:00:47,601 INFO httpx2: HTTP Request: POST https://api.fireworks.ai/inference/v1/chat/completions "HTTP/1.1 200 OK"
2026-09-05 15:00:52,292 INFO httpx2: HTTP Request: POST https://api.fireworks.ai/inference/v1/chat/completions "HTTP/1.1 200 OK"
2026-09-05 15:00:52,705 INFO httpx2: HTTP Request: POST https://api.fireworks.ai/inference/v1/chat/completions "HTTP/1.1 200 OK"
2026-09-05 15:00:53,287 INFO httpx2: HTTP Request: POST https://api.fireworks.ai/inference/v1/chat/completions "HTTP/1.1 200 OK"
2026-09-05 15:00:54,311 INFO httpx2: HTTP Request: POST https://api.fireworks.ai/inference/v1/chat/completions "HTTP/1.1 200 OK"
2026-09-05 15:00:56,096 INFO httpx2: HTTP Request: POST https://api.fireworks.ai/inference/v1/chat/completions "HTTP/1.1 200 OK"
2026-09-05 15:00:57,715 INFO httpx2: HTTP Request: POST https://api.fireworks.ai/inference/v1/chat/completions "HTTP/1.1 200 OK"
2026-09-05 15:00:59,265 INFO httpx2: HTTP Request: POST https://api.fireworks.ai/inference/v1/chat/completions "HTTP/1.1 200 OK"
2026-09-05 15:01:03,052 INFO httpx2: HTTP Request: POST https://api.fireworks.ai/inference/v1/chat/completions "HTTP/1.1 200 OK"
2026-09-05 15:01:04,041 INFO httpx2: HTTP Request: POST https://api.fireworks.ai/inference/v1/chat/completions "HTTP/1.1 200 OK"
2026-09-05 15:01:05,180 INFO httpx2: HTTP Request: POST https://api.fireworks.ai/inference/v1/chat/completions "HTTP/1.1 200 OK"
2026-09-05 15:01:06,354 INFO httpx2: HTTP Request: POST https://api.fireworks.ai/inference/v1/chat/completions "HTTP/1.1 200 OK"
2026-09-05 15:01:06,710 INFO httpx2: HTTP Request: POST https://api.fireworks.ai/inference/v1/chat/completions "HTTP/1.1 200 OK"
2026-09-05 15:01:07,190 INFO httpx2: HTTP Request: POST https://api.fireworks.ai/inference/v1/chat/completions "HTTP/1.1 200 OK"
2026-09-05 15:01:07,193 INFO gen: 675/2384 done, 857s elapsed, $5.03 this run, 0 retries
2026-09-05 15:01:07,882 INFO httpx2: HTTP Request: POST https://api.fireworks.ai/inference/v1/chat/completions "HTTP/1.1 200 OK"
2026-09-05 15:01:09,523 INFO httpx2: HTTP Request: POST https://api.fireworks.ai/inference/v1/chat/completions "HTTP/1.1 200 OK"
2026-09-05 15:01:09,673 INFO httpx2: HTTP Request: POST https://api.fireworks.ai/inference/v1/chat/completions "HTTP/1.1 200 OK"
2026-09-05 15:01:09,760 INFO httpx2: HTTP Request: POST https://api.fireworks.ai/inference/v1/chat/completions "HTTP/1.1 200 OK"
2026-09-05 15:01:11,672 INFO httpx2: HTTP Request: POST https://api.fireworks.ai/inference/v1/chat/completions "HTTP/1.1 200 OK"
2026-09-05 15:01:12,231 INFO httpx2: HTTP Request: POST https://api.fireworks.ai/inference/v1/chat/completions "HTTP/1.1 200 OK"
2026-09-05 15:01:12,271 INFO httpx2: HTTP Request: POST https://api.fireworks.ai/inference/v1/chat/completions "HTTP/1.1 200 OK"
2026-09-05 15:01:12,898 INFO httpx2: HTTP Request: POST https://api.fireworks.ai/inference/v1/chat/completions "HTTP/1.1 200 OK"
2026-09-05 15:01:14,680 INFO httpx2: HTTP Request: POST https://api.fireworks.ai/inference/v1/chat/completions "HTTP/1.1 200 OK"
2026-09-05 15:01:19,516 INFO httpx2: HTTP Request: POST https://api.fireworks.ai/inference/v1/chat/completions "HTTP/1.1 200 OK"
2026-09-05 15:01:19,748 INFO httpx2: HTTP Request: POST https://api.fireworks.ai/inference/v1/chat/completions "HTTP/1.1 200 OK"
2026-09-05 15:01:21,444 INFO httpx2: HTTP Request: POST https://api.fireworks.ai/inference/v1/chat/completions "HTTP/1.1 200 OK"
2026-09-05 15:01:21,650 INFO httpx2: HTTP Request: POST https://api.fireworks.ai/inference/v1/chat/completions "HTTP/1.1 200 OK"
2026-09-05 15:01:22,932 INFO httpx2: HTTP Request: POST https://api.fireworks.ai/inference/v1/chat/completions "HTTP/1.1 200 OK"
2026-09-05 15:01:23,108 INFO httpx2: HTTP Request: POST https://api.fireworks.ai/inference/v1/chat/completions "HTTP/1.1 200 OK"
2026-09-05 15:01:24,772 INFO httpx2: HTTP Request: POST https://api.fireworks.ai/inference/v1/chat/completions "HTTP/1.1 200 OK"
2026-09-05 15:01:26,032 INFO httpx2: HTTP Request: POST https://api.fireworks.ai/inference/v1/chat/completions "HTTP/1.1 200 OK"
2026-09-05 15:01:26,156 INFO httpx2: HTTP Request: POST https://api.fireworks.ai/inference/v1/chat/completions "HTTP/1.1 200 OK"
2026-09-05 15:01:26,629 INFO httpx2: HTTP Request: POST https://api.fireworks.ai/inference/v1/chat/completions "HTTP/1.1 200 OK"
2026-09-05 15:01:27,377 INFO httpx2: HTTP Request: POST https://api.fireworks.ai/inference/v1/chat/completions "HTTP/1.1 200 OK"
2026-09-05 15:01:29,797 INFO httpx2: HTTP Request: POST https://api.fireworks.ai/inference/v1/chat/completions "HTTP/1.1 200 OK"
2026-09-05 15:01:30,288 INFO httpx2: HTTP Request: POST https://api.fireworks.ai/inference/v1/chat/completions "HTTP/1.1 200 OK"
2026-09-05 15:01:31,028 INFO httpx2: HTTP Request: POST https://api.fireworks.ai/inference/v1/chat/completions "HTTP/1.1 200 OK"
2026-09-05 15:01:31,175 INFO httpx2: HTTP Request: POST https://api.fireworks.ai/inference/v1/chat/completions "HTTP/1.1 200 OK"
2026-09-05 15:01:31,724 INFO httpx2: HTTP Request: POST https://api.fireworks.ai/inference/v1/chat/completions "HTTP/1.1 200 OK"
2026-09-05 15:01:31,727 INFO gen: 700/2384 done, 881s elapsed, $5.20 this run, 0 retries
2026-09-05 15:01:31,894 INFO httpx2: HTTP Request: POST https://api.fireworks.ai/inference/v1/chat/completions "HTTP/1.1 200 OK"
2026-09-05 15:01:35,602 INFO httpx2: HTTP Request: POST https://api.fireworks.ai/inference/v1/chat/completions "HTTP/1.1 200 OK"
2026-09-05 15:01:36,037 INFO httpx2: HTTP Request: POST https://api.fireworks.ai/inference/v1/chat/completions "HTTP/1.1 200 OK"
2026-09-05 15:01:36,655 INFO httpx2: HTTP Request: POST https://api.fireworks.ai/inference/v1/chat/completions "HTTP/1.1 200 OK"
2026-09-05 15:01:39,826 INFO httpx2: HTTP Request: POST https://api.fireworks.ai/inference/v1/chat/completions "HTTP/1.1 200 OK"
2026-09-05 15:01:40,237 INFO httpx2: HTTP Request: POST https://api.fireworks.ai/inference/v1/chat/completions "HTTP/1.1 200 OK"
2026-09-05 15:01:42,187 INFO httpx2: HTTP Request: POST https://api.fireworks.ai/inference/v1/chat/completions "HTTP/1.1 200 OK"
2026-09-05 15:01:46,827 INFO httpx2: HTTP Request: POST https://api.fireworks.ai/inference/v1/chat/completions "HTTP/1.1 200 OK"
2026-09-05 15:01:47,309 INFO httpx2: HTTP Request: POST https://api.fireworks.ai/inference/v1/chat/completions "HTTP/1.1 200 OK"
2026-09-05 15:01:49,291 INFO httpx2: HTTP Request: POST https://api.fireworks.ai/inference/v1/chat/completions "HTTP/1.1 200 OK"
2026-09-05 15:01:50,486 INFO httpx2: HTTP Request: POST https://api.fireworks.ai/inference/v1/chat/completions "HTTP/1.1 200 OK"
2026-09-05 15:01:50,517 INFO httpx2: HTTP Request: POST https://api.fireworks.ai/inference/v1/chat/completions "HTTP/1.1 200 OK"
2026-09-05 15:01:54,073 INFO httpx2: HTTP Request: POST https://api.fireworks.ai/inference/v1/chat/completions "HTTP/1.1 200 OK"
2026-09-05 15:01:54,363 INFO httpx2: HTTP Request: POST https://api.fireworks.ai/inference/v1/chat/completions "HTTP/1.1 200 OK"
2026-09-05 15:01:54,705 INFO httpx2: HTTP Request: POST https://api.fireworks.ai/inference/v1/chat/completions "HTTP/1.1 200 OK"
2026-09-05 15:01:57,924 INFO httpx2: HTTP Request: POST https://api.fireworks.ai/inference/v1/chat/completions "HTTP/1.1 200 OK"
2026-09-05 15:01:59,281 INFO httpx2: HTTP Request: POST https://api.fireworks.ai/inference/v1/chat/completions "HTTP/1.1 200 OK"
2026-09-05 15:01:59,841 INFO httpx2: HTTP Request: POST https://api.fireworks.ai/inference/v1/chat/completions "HTTP/1.1 200 OK"
2026-09-05 15:02:01,488 INFO httpx2: HTTP Request: POST https://api.fireworks.ai/inference/v1/chat/completions "HTTP/1.1 200 OK"
2026-09-05 15:02:01,928 INFO httpx2: HTTP Request: POST https://api.fireworks.ai/inference/v1/chat/completions "HTTP/1.1 200 OK"
2026-09-05 15:02:02,179 INFO httpx2: HTTP Request: POST https://api.fireworks.ai/inference/v1/chat/completions "HTTP/1.1 200 OK"
2026-09-05 15:02:02,531 INFO httpx2: HTTP Request: POST https://api.fireworks.ai/inference/v1/chat/completions "HTTP/1.1 200 OK"
2026-09-05 15:02:03,583 INFO httpx2: HTTP Request: POST https://api.fireworks.ai/inference/v1/chat/completions "HTTP/1.1 200 OK"
2026-09-05 15:02:03,775 INFO httpx2: HTTP Request: POST https://api.fireworks.ai/inference/v1/chat/completions "HTTP/1.1 200 OK"
2026-09-05 15:02:06,351 INFO httpx2: HTTP Request: POST https://api.fireworks.ai/inference/v1/chat/completions "HTTP/1.1 200 OK"
2026-09-05 15:02:06,353 INFO gen: 725/2384 done, 916s elapsed, $5.38 this run, 0 retries
2026-09-05 15:02:09,689 INFO httpx2: HTTP Request: POST https://api.fireworks.ai/inference/v1/chat/completions "HTTP/1.1 200 OK"
2026-09-05 15:02:10,109 INFO httpx2: HTTP Request: POST https://api.fireworks.ai/inference/v1/chat/completions "HTTP/1.1 200 OK"
2026-09-05 15:02:10,269 INFO httpx2: HTTP Request: POST https://api.fireworks.ai/inference/v1/chat/completions "HTTP/1.1 200 OK"
2026-09-05 15:02:12,446 INFO httpx2: HTTP Request: POST https://api.fireworks.ai/inference/v1/chat/completions "HTTP/1.1 200 OK"
2026-09-05 15:02:13,349 INFO httpx2: HTTP Request: POST https://api.fireworks.ai/inference/v1/chat/completions "HTTP/1.1 200 OK"
2026-09-05 15:02:13,684 INFO httpx2: HTTP Request: POST https://api.fireworks.ai/inference/v1/chat/completions "HTTP/1.1 200 OK"
2026-09-05 15:02:14,302 INFO httpx2: HTTP Request: POST https://api.fireworks.ai/inference/v1/chat/completions "HTTP/1.1 200 OK"
2026-09-05 15:02:16,985 INFO httpx2: HTTP Request: POST https://api.fireworks.ai/inference/v1/chat/completions "HTTP/1.1 200 OK"
2026-09-05 15:02:17,062 INFO httpx2: HTTP Request: POST https://api.fireworks.ai/inference/v1/chat/completions "HTTP/1.1 200 OK"
2026-09-05 15:02:17,226 INFO httpx2: HTTP Request: POST https://api.fireworks.ai/inference/v1/chat/completions "HTTP/1.1 200 OK"
2026-09-05 15:02:20,280 INFO httpx2: HTTP Request: POST https://api.fireworks.ai/inference/v1/chat/completions "HTTP/1.1 200 OK"
2026-09-05 15:02:21,218 INFO httpx2: HTTP Request: POST https://api.fireworks.ai/inference/v1/chat/completions "HTTP/1.1 200 OK"
2026-09-05 15:02:22,745 INFO httpx2: HTTP Request: POST https://api.fireworks.ai/inference/v1/chat/completions "HTTP/1.1 200 OK"
2026-09-05 15:02:23,216 INFO httpx2: HTTP Request: POST https://api.fireworks.ai/inference/v1/chat/completions "HTTP/1.1 200 OK"
2026-09-05 15:02:25,189 INFO httpx2: HTTP Request: POST https://api.fireworks.ai/inference/v1/chat/completions "HTTP/1.1 200 OK"
2026-09-05 15:02:26,401 INFO httpx2: HTTP Request: POST https://api.fireworks.ai/inference/v1/chat/completions "HTTP/1.1 200 OK"
2026-09-05 15:02:31,351 INFO httpx2: HTTP Request: POST https://api.fireworks.ai/inference/v1/chat/completions "HTTP/1.1 200 OK"
2026-09-05 15:02:31,353 INFO httpx2: HTTP Request: POST https://api.fireworks.ai/inference/v1/chat/completions "HTTP/1.1 200 OK"
2026-09-05 15:02:34,415 INFO httpx2: HTTP Request: POST https://api.fireworks.ai/inference/v1/chat/completions "HTTP/1.1 200 OK"
2026-09-05 15:02:34,837 INFO httpx2: HTTP Request: POST https://api.fireworks.ai/inference/v1/chat/completions "HTTP/1.1 200 OK"
2026-09-05 15:02:36,439 INFO httpx2: HTTP Request: POST https://api.fireworks.ai/inference/v1/chat/completions "HTTP/1.1 200 OK"
2026-09-05 15:02:37,095 INFO httpx2: HTTP Request: POST https://api.fireworks.ai/inference/v1/chat/completions "HTTP/1.1 200 OK"
2026-09-05 15:02:38,350 INFO httpx2: HTTP Request: POST https://api.fireworks.ai/inference/v1/chat/completions "HTTP/1.1 200 OK"
2026-09-05 15:02:38,420 INFO httpx2: HTTP Request: POST https://api.fireworks.ai/inference/v1/chat/completions "HTTP/1.1 200 OK"
2026-09-05 15:02:38,847 INFO httpx2: HTTP Request: POST https://api.fireworks.ai/inference/v1/chat/completions "HTTP/1.1 200 OK"
2026-09-05 15:02:38,849 INFO gen: 750/2384 done, 949s elapsed, $5.59 this run, 0 retries
2026-09-05 15:02:39,699 INFO httpx2: HTTP Request: POST https://api.fireworks.ai/inference/v1/chat/completions "HTTP/1.1 200 OK"
2026-09-05 15:02:41,451 INFO httpx2: HTTP Request: POST https://api.fireworks.ai/inference/v1/chat/completions "HTTP/1.1 200 OK"
2026-09-05 15:02:41,966 INFO httpx2: HTTP Request: POST https://api.fireworks.ai/inference/v1/chat/completions "HTTP/1.1 200 OK"
2026-09-05 15:02:42,688 INFO httpx2: HTTP Request: POST https://api.fireworks.ai/inference/v1/chat/completions "HTTP/1.1 200 OK"
2026-09-05 15:02:42,970 INFO httpx2: HTTP Request: POST https://api.fireworks.ai/inference/v1/chat/completions "HTTP/1.1 200 OK"
2026-09-05 15:02:43,477 INFO httpx2: HTTP Request: POST https://api.fireworks.ai/inference/v1/chat/completions "HTTP/1.1 200 OK"
2026-09-05 15:02:44,649 INFO httpx2: HTTP Request: POST https://api.fireworks.ai/inference/v1/chat/completions "HTTP/1.1 200 OK"
2026-09-05 15:02:44,831 INFO httpx2: HTTP Request: POST https://api.fireworks.ai/inference/v1/chat/completions "HTTP/1.1 200 OK"
2026-09-05 15:02:46,463 INFO httpx2: HTTP Request: POST https://api.fireworks.ai/inference/v1/chat/completions "HTTP/1.1 200 OK"
2026-09-05 15:02:47,853 INFO httpx2: HTTP Request: POST https://api.fireworks.ai/inference/v1/chat/completions "HTTP/1.1 200 OK"
2026-09-05 15:02:49,251 INFO httpx2: HTTP Request: POST https://api.fireworks.ai/inference/v1/chat/completions "HTTP/1.1 200 OK"
2026-09-05 15:02:50,128 INFO httpx2: HTTP Request: POST https://api.fireworks.ai/inference/v1/chat/completions "HTTP/1.1 200 OK"
2026-09-05 15:02:50,741 INFO httpx2: HTTP Request: POST https://api.fireworks.ai/inference/v1/chat/completions "HTTP/1.1 200 OK"
2026-09-05 15:02:52,925 INFO httpx2: HTTP Request: POST https://api.fireworks.ai/inference/v1/chat/completions "HTTP/1.1 200 OK"
2026-09-05 15:02:54,650 INFO httpx2: HTTP Request: POST https://api.fireworks.ai/inference/v1/chat/completions "HTTP/1.1 200 OK"
2026-09-05 15:02:56,427 INFO httpx2: HTTP Request: POST https://api.fireworks.ai/inference/v1/chat/completions "HTTP/1.1 200 OK"
2026-09-05 15:02:56,551 INFO httpx2: HTTP Request: POST https://api.fireworks.ai/inference/v1/chat/completions "HTTP/1.1 200 OK"
2026-09-05 15:02:58,106 INFO httpx2: HTTP Request: POST https://api.fireworks.ai/inference/v1/chat/completions "HTTP/1.1 200 OK"
2026-09-05 15:02:59,927 INFO httpx2: HTTP Request: POST https://api.fireworks.ai/inference/v1/chat/completions "HTTP/1.1 200 OK"
2026-09-05 15:03:01,388 INFO httpx2: HTTP Request: POST https://api.fireworks.ai/inference/v1/chat/completions "HTTP/1.1 200 OK"
2026-09-05 15:03:01,392 INFO httpx2: HTTP Request: POST https://api.fireworks.ai/inference/v1/chat/completions "HTTP/1.1 200 OK"
2026-09-05 15:03:02,004 INFO httpx2: HTTP Request: POST https://api.fireworks.ai/inference/v1/chat/completions "HTTP/1.1 200 OK"
2026-09-05 15:03:03,132 INFO httpx2: HTTP Request: POST https://api.fireworks.ai/inference/v1/chat/completions "HTTP/1.1 200 OK"
2026-09-05 15:03:05,673 INFO httpx2: HTTP Request: POST https://api.fireworks.ai/inference/v1/chat/completions "HTTP/1.1 200 OK"
2026-09-05 15:03:05,978 INFO httpx2: HTTP Request: POST https://api.fireworks.ai/inference/v1/chat/completions "HTTP/1.1 200 OK"
2026-09-05 15:03:05,981 INFO gen: 775/2384 done, 976s elapsed, $5.77 this run, 0 retries
2026-09-05 15:03:06,608 INFO httpx2: HTTP Request: POST https://api.fireworks.ai/inference/v1/chat/completions "HTTP/1.1 200 OK"
2026-09-05 15:03:10,263 INFO httpx2: HTTP Request: POST https://api.fireworks.ai/inference/v1/chat/completions "HTTP/1.1 200 OK"
2026-09-05 15:03:10,479 INFO httpx2: HTTP Request: POST https://api.fireworks.ai/inference/v1/chat/completions "HTTP/1.1 200 OK"
2026-09-05 15:03:11,573 INFO httpx2: HTTP Request: POST https://api.fireworks.ai/inference/v1/chat/completions "HTTP/1.1 200 OK"
2026-09-05 15:03:13,478 INFO httpx2: HTTP Request: POST https://api.fireworks.ai/inference/v1/chat/completions "HTTP/1.1 200 OK"
2026-09-05 15:03:13,576 INFO httpx2: HTTP Request: POST https://api.fireworks.ai/inference/v1/chat/completions "HTTP/1.1 200 OK"
2026-09-05 15:03:14,395 INFO httpx2: HTTP Request: POST https://api.fireworks.ai/inference/v1/chat/completions "HTTP/1.1 200 OK"
2026-09-05 15:03:15,085 INFO httpx2: HTTP Request: POST https://api.fireworks.ai/inference/v1/chat/completions "HTTP/1.1 200 OK"
2026-09-05 15:03:16,239 INFO httpx2: HTTP Request: POST https://api.fireworks.ai/inference/v1/chat/completions "HTTP/1.1 200 OK"
2026-09-05 15:03:18,287 INFO httpx2: HTTP Request: POST https://api.fireworks.ai/inference/v1/chat/completions "HTTP/1.1 200 OK"
2026-09-05 15:03:18,887 INFO httpx2: HTTP Request: POST https://api.fireworks.ai/inference/v1/chat/completions "HTTP/1.1 200 OK"
2026-09-05 15:03:21,974 INFO httpx2: HTTP Request: POST https://api.fireworks.ai/inference/v1/chat/completions "HTTP/1.1 200 OK"
2026-09-05 15:03:22,603 INFO httpx2: HTTP Request: POST https://api.fireworks.ai/inference/v1/chat/completions "HTTP/1.1 200 OK"
2026-09-05 15:03:24,124 INFO httpx2: HTTP Request: POST https://api.fireworks.ai/inference/v1/chat/completions "HTTP/1.1 200 OK"
2026-09-05 15:03:25,065 INFO httpx2: HTTP Request: POST https://api.fireworks.ai/inference/v1/chat/completions "HTTP/1.1 200 OK"
2026-09-05 15:03:25,926 INFO httpx2: HTTP Request: POST https://api.fireworks.ai/inference/v1/chat/completions "HTTP/1.1 200 OK"
2026-09-05 15:03:26,552 INFO httpx2: HTTP Request: POST https://api.fireworks.ai/inference/v1/chat/completions "HTTP/1.1 200 OK"
2026-09-05 15:03:29,704 INFO httpx2: HTTP Request: POST https://api.fireworks.ai/inference/v1/chat/completions "HTTP/1.1 200 OK"
2026-09-05 15:03:30,998 INFO httpx2: HTTP Request: POST https://api.fireworks.ai/inference/v1/chat/completions "HTTP/1.1 200 OK"
2026-09-05 15:03:31,080 INFO httpx2: HTTP Request: POST https://api.fireworks.ai/inference/v1/chat/completions "HTTP/1.1 200 OK"
2026-09-05 15:03:31,833 INFO httpx2: HTTP Request: POST https://api.fireworks.ai/inference/v1/chat/completions "HTTP/1.1 200 OK"
2026-09-05 15:03:33,015 INFO httpx2: HTTP Request: POST https://api.fireworks.ai/inference/v1/chat/completions "HTTP/1.1 200 OK"
2026-09-05 15:03:35,835 INFO httpx2: HTTP Request: POST https://api.fireworks.ai/inference/v1/chat/completions "HTTP/1.1 200 OK"
2026-09-05 15:03:37,005 INFO httpx2: HTTP Request: POST https://api.fireworks.ai/inference/v1/chat/completions "HTTP/1.1 200 OK"
2026-09-05 15:03:42,146 INFO httpx2: HTTP Request: POST https://api.fireworks.ai/inference/v1/chat/completions "HTTP/1.1 200 OK"
2026-09-05 15:03:42,150 INFO gen: 800/2384 done, 1012s elapsed, $5.94 this run, 0 retries
2026-09-05 15:03:44,280 INFO httpx2: HTTP Request: POST https://api.fireworks.ai/inference/v1/chat/completions "HTTP/1.1 200 OK"
2026-09-05 15:03:47,602 INFO httpx2: HTTP Request: POST https://api.fireworks.ai/inference/v1/chat/completions "HTTP/1.1 200 OK"
2026-09-05 15:03:48,666 INFO httpx2: HTTP Request: POST https://api.fireworks.ai/inference/v1/chat/completions "HTTP/1.1 200 OK"
2026-09-05 15:03:48,837 INFO httpx2: HTTP Request: POST https://api.fireworks.ai/inference/v1/chat/completions "HTTP/1.1 200 OK"
2026-09-05 15:03:50,008 INFO httpx2: HTTP Request: POST https://api.fireworks.ai/inference/v1/chat/completions "HTTP/1.1 200 OK"
2026-09-05 15:03:51,371 INFO httpx2: HTTP Request: POST https://api.fireworks.ai/inference/v1/chat/completions "HTTP/1.1 200 OK"
2026-09-05 15:03:52,961 INFO httpx2: HTTP Request: POST https://api.fireworks.ai/inference/v1/chat/completions "HTTP/1.1 200 OK"
2026-09-05 15:03:53,514 INFO httpx2: HTTP Request: POST https://api.fireworks.ai/inference/v1/chat/completions "HTTP/1.1 200 OK"
2026-09-05 15:03:54,230 INFO httpx2: HTTP Request: POST https://api.fireworks.ai/inference/v1/chat/completions "HTTP/1.1 200 OK"
2026-09-05 15:03:55,455 INFO httpx2: HTTP Request: POST https://api.fireworks.ai/inference/v1/chat/completions "HTTP/1.1 200 OK"
2026-09-05 15:03:56,586 INFO httpx2: HTTP Request: POST https://api.fireworks.ai/inference/v1/chat/completions "HTTP/1.1 200 OK"
2026-09-05 15:03:57,099 INFO httpx2: HTTP Request: POST https://api.fireworks.ai/inference/v1/chat/completions "HTTP/1.1 200 OK"
2026-09-05 15:03:57,334 INFO httpx2: HTTP Request: POST https://api.fireworks.ai/inference/v1/chat/completions "HTTP/1.1 200 OK"
2026-09-05 15:03:57,867 INFO httpx2: HTTP Request: POST https://api.fireworks.ai/inference/v1/chat/completions "HTTP/1.1 200 OK"
2026-09-05 15:03:58,817 INFO httpx2: HTTP Request: POST https://api.fireworks.ai/inference/v1/chat/completions "HTTP/1.1 200 OK"
2026-09-05 15:04:00,591 INFO httpx2: HTTP Request: POST https://api.fireworks.ai/inference/v1/chat/completions "HTTP/1.1 200 OK"
2026-09-05 15:04:02,263 INFO httpx2: HTTP Request: POST https://api.fireworks.ai/inference/v1/chat/completions "HTTP/1.1 200 OK"
2026-09-05 15:04:06,679 INFO httpx2: HTTP Request: POST https://api.fireworks.ai/inference/v1/chat/completions "HTTP/1.1 200 OK"
2026-09-05 15:04:06,683 INFO httpx2: HTTP Request: POST https://api.fireworks.ai/inference/v1/chat/completions "HTTP/1.1 200 OK"
2026-09-05 15:04:11,421 INFO httpx2: HTTP Request: POST https://api.fireworks.ai/inference/v1/chat/completions "HTTP/1.1 200 OK"
2026-09-05 15:04:11,906 INFO httpx2: HTTP Request: POST https://api.fireworks.ai/inference/v1/chat/completions "HTTP/1.1 200 OK"
2026-09-05 15:04:12,546 INFO httpx2: HTTP Request: POST https://api.fireworks.ai/inference/v1/chat/completions "HTTP/1.1 200 OK"
2026-09-05 15:04:13,136 INFO httpx2: HTTP Request: POST https://api.fireworks.ai/inference/v1/chat/completions "HTTP/1.1 200 OK"
2026-09-05 15:04:13,230 INFO httpx2: HTTP Request: POST https://api.fireworks.ai/inference/v1/chat/completions "HTTP/1.1 200 OK"
2026-09-05 15:04:14,003 INFO httpx2: HTTP Request: POST https://api.fireworks.ai/inference/v1/chat/completions "HTTP/1.1 200 OK"
2026-09-05 15:04:14,008 INFO gen: 825/2384 done, 1044s elapsed, $6.15 this run, 0 retries
2026-09-05 15:04:14,713 INFO httpx2: HTTP Request: POST https://api.fireworks.ai/inference/v1/chat/completions "HTTP/1.1 200 OK"
2026-09-05 15:04:19,565 INFO httpx2: HTTP Request: POST https://api.fireworks.ai/inference/v1/chat/completions "HTTP/1.1 200 OK"
2026-09-05 15:04:19,701 INFO httpx2: HTTP Request: POST https://api.fireworks.ai/inference/v1/chat/completions "HTTP/1.1 200 OK"
2026-09-05 15:04:20,491 INFO httpx2: HTTP Request: POST https://api.fireworks.ai/inference/v1/chat/completions "HTTP/1.1 200 OK"
2026-09-05 15:04:20,624 INFO httpx2: HTTP Request: POST https://api.fireworks.ai/inference/v1/chat/completions "HTTP/1.1 200 OK"
2026-09-05 15:04:22,285 INFO httpx2: HTTP Request: POST https://api.fireworks.ai/inference/v1/chat/completions "HTTP/1.1 200 OK"
2026-09-05 15:04:23,142 INFO httpx2: HTTP Request: POST https://api.fireworks.ai/inference/v1/chat/completions "HTTP/1.1 200 OK"
2026-09-05 15:04:24,746 INFO httpx2: HTTP Request: POST https://api.fireworks.ai/inference/v1/chat/completions "HTTP/1.1 200 OK"
2026-09-05 15:04:27,016 INFO httpx2: HTTP Request: POST https://api.fireworks.ai/inference/v1/chat/completions "HTTP/1.1 200 OK"
2026-09-05 15:04:27,468 INFO httpx2: HTTP Request: POST https://api.fireworks.ai/inference/v1/chat/completions "HTTP/1.1 200 OK"
2026-09-05 15:04:27,482 INFO httpx2: HTTP Request: POST https://api.fireworks.ai/inference/v1/chat/completions "HTTP/1.1 200 OK"
2026-09-05 15:04:28,228 INFO httpx2: HTTP Request: POST https://api.fireworks.ai/inference/v1/chat/completions "HTTP/1.1 200 OK"
2026-09-05 15:04:33,197 INFO httpx2: HTTP Request: POST https://api.fireworks.ai/inference/v1/chat/completions "HTTP/1.1 200 OK"
2026-09-05 15:04:34,806 INFO httpx2: HTTP Request: POST https://api.fireworks.ai/inference/v1/chat/completions "HTTP/1.1 200 OK"
2026-09-05 15:04:37,610 INFO httpx2: HTTP Request: POST https://api.fireworks.ai/inference/v1/chat/completions "HTTP/1.1 200 OK"
2026-09-05 15:04:40,432 INFO httpx2: HTTP Request: POST https://api.fireworks.ai/inference/v1/chat/completions "HTTP/1.1 200 OK"
2026-09-05 15:04:42,361 INFO httpx2: HTTP Request: POST https://api.fireworks.ai/inference/v1/chat/completions "HTTP/1.1 200 OK"
2026-09-05 15:04:44,056 INFO httpx2: HTTP Request: POST https://api.fireworks.ai/inference/v1/chat/completions "HTTP/1.1 200 OK"
2026-09-05 15:04:44,869 INFO httpx2: HTTP Request: POST https://api.fireworks.ai/inference/v1/chat/completions "HTTP/1.1 200 OK"
2026-09-05 15:04:45,717 INFO httpx2: HTTP Request: POST https://api.fireworks.ai/inference/v1/chat/completions "HTTP/1.1 200 OK"
2026-09-05 15:04:46,781 INFO httpx2: HTTP Request: POST https://api.fireworks.ai/inference/v1/chat/completions "HTTP/1.1 200 OK"
2026-09-05 15:04:47,992 INFO httpx2: HTTP Request: POST https://api.fireworks.ai/inference/v1/chat/completions "HTTP/1.1 200 OK"
2026-09-05 15:04:48,510 INFO httpx2: HTTP Request: POST https://api.fireworks.ai/inference/v1/chat/completions "HTTP/1.1 200 OK"
2026-09-05 15:04:48,603 INFO httpx2: HTTP Request: POST https://api.fireworks.ai/inference/v1/chat/completions "HTTP/1.1 200 OK"
2026-09-05 15:04:50,245 INFO httpx2: HTTP Request: POST https://api.fireworks.ai/inference/v1/chat/completions "HTTP/1.1 200 OK"
2026-09-05 15:04:50,249 INFO gen: 850/2384 done, 1080s elapsed, $6.34 this run, 0 retries
2026-09-05 15:04:51,680 INFO httpx2: HTTP Request: POST https://api.fireworks.ai/inference/v1/chat/completions "HTTP/1.1 200 OK"
2026-09-05 15:04:52,775 INFO httpx2: HTTP Request: POST https://api.fireworks.ai/inference/v1/chat/completions "HTTP/1.1 200 OK"
2026-09-05 15:04:53,542 INFO httpx2: HTTP Request: POST https://api.fireworks.ai/inference/v1/chat/completions "HTTP/1.1 200 OK"
2026-09-05 15:04:55,425 INFO httpx2: HTTP Request: POST https://api.fireworks.ai/inference/v1/chat/completions "HTTP/1.1 200 OK"
2026-09-05 15:04:56,535 INFO httpx2: HTTP Request: POST https://api.fireworks.ai/inference/v1/chat/completions "HTTP/1.1 200 OK"
2026-09-05 15:04:57,530 INFO httpx2: HTTP Request: POST https://api.fireworks.ai/inference/v1/chat/completions "HTTP/1.1 200 OK"
2026-09-05 15:04:57,945 INFO httpx2: HTTP Request: POST https://api.fireworks.ai/inference/v1/chat/completions "HTTP/1.1 200 OK"
2026-09-05 15:04:59,872 INFO httpx2: HTTP Request: POST https://api.fireworks.ai/inference/v1/chat/completions "HTTP/1.1 200 OK"
2026-09-05 15:05:01,202 INFO httpx2: HTTP Request: POST https://api.fireworks.ai/inference/v1/chat/completions "HTTP/1.1 200 OK"
2026-09-05 15:05:06,345 INFO httpx2: HTTP Request: POST https://api.fireworks.ai/inference/v1/chat/completions "HTTP/1.1 200 OK"
2026-09-05 15:05:08,044 INFO httpx2: HTTP Request: POST https://api.fireworks.ai/inference/v1/chat/completions "HTTP/1.1 200 OK"
2026-09-05 15:05:09,701 INFO httpx2: HTTP Request: POST https://api.fireworks.ai/inference/v1/chat/completions "HTTP/1.1 200 OK"
2026-09-05 15:05:10,737 INFO httpx2: HTTP Request: POST https://api.fireworks.ai/inference/v1/chat/completions "HTTP/1.1 200 OK"
2026-09-05 15:05:10,794 INFO httpx2: HTTP Request: POST https://api.fireworks.ai/inference/v1/chat/completions "HTTP/1.1 200 OK"
2026-09-05 15:05:13,440 INFO httpx2: HTTP Request: POST https://api.fireworks.ai/inference/v1/chat/completions "HTTP/1.1 200 OK"
2026-09-05 15:05:15,471 INFO httpx2: HTTP Request: POST https://api.fireworks.ai/inference/v1/chat/completions "HTTP/1.1 200 OK"
2026-09-05 15:05:16,655 INFO httpx2: HTTP Request: POST https://api.fireworks.ai/inference/v1/chat/completions "HTTP/1.1 200 OK"
2026-09-05 15:05:18,659 INFO httpx2: HTTP Request: POST https://api.fireworks.ai/inference/v1/chat/completions "HTTP/1.1 200 OK"
2026-09-05 15:05:20,093 INFO httpx2: HTTP Request: POST https://api.fireworks.ai/inference/v1/chat/completions "HTTP/1.1 200 OK"
2026-09-05 15:05:21,169 INFO httpx2: HTTP Request: POST https://api.fireworks.ai/inference/v1/chat/completions "HTTP/1.1 200 OK"
2026-09-05 15:05:21,909 INFO httpx2: HTTP Request: POST https://api.fireworks.ai/inference/v1/chat/completions "HTTP/1.1 200 OK"
2026-09-05 15:05:25,668 INFO httpx2: HTTP Request: POST https://api.fireworks.ai/inference/v1/chat/completions "HTTP/1.1 200 OK"
2026-09-05 15:05:26,483 INFO httpx2: HTTP Request: POST https://api.fireworks.ai/inference/v1/chat/completions "HTTP/1.1 200 OK"
2026-09-05 15:05:28,453 INFO httpx2: HTTP Request: POST https://api.fireworks.ai/inference/v1/chat/completions "HTTP/1.1 200 OK"
2026-09-05 15:05:29,464 INFO httpx2: HTTP Request: POST https://api.fireworks.ai/inference/v1/chat/completions "HTTP/1.1 200 OK"
2026-09-05 15:05:29,467 INFO gen: 875/2384 done, 1119s elapsed, $6.49 this run, 0 retries
2026-09-05 15:05:29,513 INFO httpx2: HTTP Request: POST https://api.fireworks.ai/inference/v1/chat/completions "HTTP/1.1 200 OK"
2026-09-05 15:05:30,753 INFO httpx2: HTTP Request: POST https://api.fireworks.ai/inference/v1/chat/completions "HTTP/1.1 200 OK"
2026-09-05 15:05:32,863 INFO httpx2: HTTP Request: POST https://api.fireworks.ai/inference/v1/chat/completions "HTTP/1.1 200 OK"
2026-09-05 15:05:34,224 INFO httpx2: HTTP Request: POST https://api.fireworks.ai/inference/v1/chat/completions "HTTP/1.1 200 OK"
2026-09-05 15:05:39,679 INFO httpx2: HTTP Request: POST https://api.fireworks.ai/inference/v1/chat/completions "HTTP/1.1 200 OK"
2026-09-05 15:05:39,693 INFO httpx2: HTTP Request: POST https://api.fireworks.ai/inference/v1/chat/completions "HTTP/1.1 200 OK"
2026-09-05 15:05:42,018 INFO httpx2: HTTP Request: POST https://api.fireworks.ai/inference/v1/chat/completions "HTTP/1.1 200 OK"
2026-09-05 15:05:44,927 INFO httpx2: HTTP Request: POST https://api.fireworks.ai/inference/v1/chat/completions "HTTP/1.1 200 OK"
2026-09-05 15:05:48,851 INFO httpx2: HTTP Request: POST https://api.fireworks.ai/inference/v1/chat/completions "HTTP/1.1 200 OK"
2026-09-05 15:05:49,021 INFO httpx2: HTTP Request: POST https://api.fireworks.ai/inference/v1/chat/completions "HTTP/1.1 200 OK"
2026-09-05 15:05:50,203 INFO httpx2: HTTP Request: POST https://api.fireworks.ai/inference/v1/chat/completions "HTTP/1.1 200 OK"
2026-09-05 15:05:51,023 INFO httpx2: HTTP Request: POST https://api.fireworks.ai/inference/v1/chat/completions "HTTP/1.1 200 OK"
2026-09-05 15:05:51,196 INFO httpx2: HTTP Request: POST https://api.fireworks.ai/inference/v1/chat/completions "HTTP/1.1 200 OK"
2026-09-05 15:05:55,473 INFO httpx2: HTTP Request: POST https://api.fireworks.ai/inference/v1/chat/completions "HTTP/1.1 200 OK"
2026-09-05 15:05:58,223 INFO httpx2: HTTP Request: POST https://api.fireworks.ai/inference/v1/chat/completions "HTTP/1.1 200 OK"
2026-09-05 15:05:58,241 INFO httpx2: HTTP Request: POST https://api.fireworks.ai/inference/v1/chat/completions "HTTP/1.1 200 OK"
2026-09-05 15:05:58,497 INFO httpx2: HTTP Request: POST https://api.fireworks.ai/inference/v1/chat/completions "HTTP/1.1 200 OK"
2026-09-05 15:05:58,846 INFO httpx2: HTTP Request: POST https://api.fireworks.ai/inference/v1/chat/completions "HTTP/1.1 200 OK"
2026-09-05 15:06:00,133 INFO httpx2: HTTP Request: POST https://api.fireworks.ai/inference/v1/chat/completions "HTTP/1.1 200 OK"
2026-09-05 15:06:01,645 INFO httpx2: HTTP Request: POST https://api.fireworks.ai/inference/v1/chat/completions "HTTP/1.1 200 OK"
2026-09-05 15:06:01,719 INFO httpx2: HTTP Request: POST https://api.fireworks.ai/inference/v1/chat/completions "HTTP/1.1 200 OK"
2026-09-05 15:06:02,327 INFO httpx2: HTTP Request: POST https://api.fireworks.ai/inference/v1/chat/completions "HTTP/1.1 200 OK"
2026-09-05 15:06:02,639 INFO httpx2: HTTP Request: POST https://api.fireworks.ai/inference/v1/chat/completions "HTTP/1.1 200 OK"
2026-09-05 15:06:02,882 INFO httpx2: HTTP Request: POST https://api.fireworks.ai/inference/v1/chat/completions "HTTP/1.1 200 OK"
2026-09-05 15:06:07,115 INFO httpx2: HTTP Request: POST https://api.fireworks.ai/inference/v1/chat/completions "HTTP/1.1 200 OK"
2026-09-05 15:06:07,136 INFO gen: 900/2384 done, 1157s elapsed, $6.77 this run, 0 retries
2026-09-05 15:06:07,401 INFO httpx2: HTTP Request: POST https://api.fireworks.ai/inference/v1/chat/completions "HTTP/1.1 200 OK"
2026-09-05 15:06:09,605 INFO httpx2: HTTP Request: POST https://api.fireworks.ai/inference/v1/chat/completions "HTTP/1.1 200 OK"
2026-09-05 15:06:10,526 INFO httpx2: HTTP Request: POST https://api.fireworks.ai/inference/v1/chat/completions "HTTP/1.1 200 OK"
2026-09-05 15:06:10,529 INFO httpx2: HTTP Request: POST https://api.fireworks.ai/inference/v1/chat/completions "HTTP/1.1 200 OK"
2026-09-05 15:06:11,814 INFO httpx2: HTTP Request: POST https://api.fireworks.ai/inference/v1/chat/completions "HTTP/1.1 200 OK"
2026-09-05 15:06:13,697 INFO httpx2: HTTP Request: POST https://api.fireworks.ai/inference/v1/chat/completions "HTTP/1.1 200 OK"
2026-09-05 15:06:13,767 INFO httpx2: HTTP Request: POST https://api.fireworks.ai/inference/v1/chat/completions "HTTP/1.1 200 OK"
2026-09-05 15:06:14,888 INFO httpx2: HTTP Request: POST https://api.fireworks.ai/inference/v1/chat/completions "HTTP/1.1 200 OK"
2026-09-05 15:06:15,092 INFO httpx2: HTTP Request: POST https://api.fireworks.ai/inference/v1/chat/completions "HTTP/1.1 200 OK"
2026-09-05 15:06:16,569 INFO httpx2: HTTP Request: POST https://api.fireworks.ai/inference/v1/chat/completions "HTTP/1.1 200 OK"
2026-09-05 15:06:17,426 INFO httpx2: HTTP Request: POST https://api.fireworks.ai/inference/v1/chat/completions "HTTP/1.1 200 OK"
2026-09-05 15:06:17,610 INFO httpx2: HTTP Request: POST https://api.fireworks.ai/inference/v1/chat/completions "HTTP/1.1 200 OK"
2026-09-05 15:06:21,191 INFO httpx2: HTTP Request: POST https://api.fireworks.ai/inference/v1/chat/completions "HTTP/1.1 200 OK"
2026-09-05 15:06:21,218 INFO httpx2: HTTP Request: POST https://api.fireworks.ai/inference/v1/chat/completions "HTTP/1.1 200 OK"
2026-09-05 15:06:23,220 INFO httpx2: HTTP Request: POST https://api.fireworks.ai/inference/v1/chat/completions "HTTP/1.1 200 OK"
2026-09-05 15:06:24,441 INFO httpx2: HTTP Request: POST https://api.fireworks.ai/inference/v1/chat/completions "HTTP/1.1 200 OK"
2026-09-05 15:06:24,516 INFO httpx2: HTTP Request: POST https://api.fireworks.ai/inference/v1/chat/completions "HTTP/1.1 200 OK"
2026-09-05 15:06:25,952 INFO httpx2: HTTP Request: POST https://api.fireworks.ai/inference/v1/chat/completions "HTTP/1.1 200 OK"
2026-09-05 15:06:29,063 INFO httpx2: HTTP Request: POST https://api.fireworks.ai/inference/v1/chat/completions "HTTP/1.1 200 OK"
2026-09-05 15:06:29,485 INFO httpx2: HTTP Request: POST https://api.fireworks.ai/inference/v1/chat/completions "HTTP/1.1 200 OK"
2026-09-05 15:06:31,864 INFO httpx2: HTTP Request: POST https://api.fireworks.ai/inference/v1/chat/completions "HTTP/1.1 200 OK"
2026-09-05 15:06:33,192 INFO httpx2: HTTP Request: POST https://api.fireworks.ai/inference/v1/chat/completions "HTTP/1.1 200 OK"
2026-09-05 15:06:35,135 INFO httpx2: HTTP Request: POST https://api.fireworks.ai/inference/v1/chat/completions "HTTP/1.1 200 OK"
2026-09-05 15:06:36,104 INFO httpx2: HTTP Request: POST https://api.fireworks.ai/inference/v1/chat/completions "HTTP/1.1 200 OK"
2026-09-05 15:06:38,524 INFO httpx2: HTTP Request: POST https://api.fireworks.ai/inference/v1/chat/completions "HTTP/1.1 200 OK"
2026-09-05 15:06:38,528 INFO gen: 925/2384 done, 1188s elapsed, $6.92 this run, 0 retries
2026-09-05 15:06:39,630 INFO httpx2: HTTP Request: POST https://api.fireworks.ai/inference/v1/chat/completions "HTTP/1.1 200 OK"
2026-09-05 15:06:39,669 INFO httpx2: HTTP Request: POST https://api.fireworks.ai/inference/v1/chat/completions "HTTP/1.1 200 OK"
2026-09-05 15:06:40,193 INFO httpx2: HTTP Request: POST https://api.fireworks.ai/inference/v1/chat/completions "HTTP/1.1 200 OK"
2026-09-05 15:06:40,640 INFO httpx2: HTTP Request: POST https://api.fireworks.ai/inference/v1/chat/completions "HTTP/1.1 200 OK"
2026-09-05 15:06:43,410 INFO httpx2: HTTP Request: POST https://api.fireworks.ai/inference/v1/chat/completions "HTTP/1.1 200 OK"
2026-09-05 15:06:43,945 INFO httpx2: HTTP Request: POST https://api.fireworks.ai/inference/v1/chat/completions "HTTP/1.1 200 OK"
2026-09-05 15:06:44,880 INFO httpx2: HTTP Request: POST https://api.fireworks.ai/inference/v1/chat/completions "HTTP/1.1 200 OK"
2026-09-05 15:06:50,691 INFO httpx2: HTTP Request: POST https://api.fireworks.ai/inference/v1/chat/completions "HTTP/1.1 200 OK"
2026-09-05 15:06:52,919 INFO httpx2: HTTP Request: POST https://api.fireworks.ai/inference/v1/chat/completions "HTTP/1.1 200 OK"
2026-09-05 15:06:53,481 INFO httpx2: HTTP Request: POST https://api.fireworks.ai/inference/v1/chat/completions "HTTP/1.1 200 OK"
2026-09-05 15:06:58,377 INFO httpx2: HTTP Request: POST https://api.fireworks.ai/inference/v1/chat/completions "HTTP/1.1 200 OK"
2026-09-05 15:07:01,113 INFO httpx2: HTTP Request: POST https://api.fireworks.ai/inference/v1/chat/completions "HTTP/1.1 200 OK"
2026-09-05 15:07:01,452 INFO httpx2: HTTP Request: POST https://api.fireworks.ai/inference/v1/chat/completions "HTTP/1.1 200 OK"
2026-09-05 15:07:01,544 INFO httpx2: HTTP Request: POST https://api.fireworks.ai/inference/v1/chat/completions "HTTP/1.1 200 OK"
2026-09-05 15:07:03,254 INFO httpx2: HTTP Request: POST https://api.fireworks.ai/inference/v1/chat/completions "HTTP/1.1 200 OK"
2026-09-05 15:07:05,225 INFO httpx2: HTTP Request: POST https://api.fireworks.ai/inference/v1/chat/completions "HTTP/1.1 200 OK"
2026-09-05 15:07:06,600 INFO httpx2: HTTP Request: POST https://api.fireworks.ai/inference/v1/chat/completions "HTTP/1.1 200 OK"
2026-09-05 15:07:07,950 INFO httpx2: HTTP Request: POST https://api.fireworks.ai/inference/v1/chat/completions "HTTP/1.1 200 OK"
2026-09-05 15:07:11,355 INFO httpx2: HTTP Request: POST https://api.fireworks.ai/inference/v1/chat/completions "HTTP/1.1 200 OK"
2026-09-05 15:07:12,325 INFO httpx2: HTTP Request: POST https://api.fireworks.ai/inference/v1/chat/completions "HTTP/1.1 200 OK"
2026-09-05 15:07:15,349 INFO httpx2: HTTP Request: POST https://api.fireworks.ai/inference/v1/chat/completions "HTTP/1.1 200 OK"
2026-09-05 15:07:15,565 INFO httpx2: HTTP Request: POST https://api.fireworks.ai/inference/v1/chat/completions "HTTP/1.1 200 OK"
2026-09-05 15:07:15,618 INFO httpx2: HTTP Request: POST https://api.fireworks.ai/inference/v1/chat/completions "HTTP/1.1 200 OK"
2026-09-05 15:07:17,444 INFO httpx2: HTTP Request: POST https://api.fireworks.ai/inference/v1/chat/completions "HTTP/1.1 200 OK"
2026-09-05 15:07:19,031 INFO httpx2: HTTP Request: POST https://api.fireworks.ai/inference/v1/chat/completions "HTTP/1.1 200 OK"
2026-09-05 15:07:19,035 INFO gen: 950/2384 done, 1229s elapsed, $7.10 this run, 0 retries
2026-09-05 15:07:19,177 INFO httpx2: HTTP Request: POST https://api.fireworks.ai/inference/v1/chat/completions "HTTP/1.1 200 OK"
2026-09-05 15:07:22,714 INFO httpx2: HTTP Request: POST https://api.fireworks.ai/inference/v1/chat/completions "HTTP/1.1 200 OK"
2026-09-05 15:07:24,725 INFO httpx2: HTTP Request: POST https://api.fireworks.ai/inference/v1/chat/completions "HTTP/1.1 200 OK"
2026-09-05 15:07:26,817 INFO httpx2: HTTP Request: POST https://api.fireworks.ai/inference/v1/chat/completions "HTTP/1.1 200 OK"
2026-09-05 15:07:33,413 INFO httpx2: HTTP Request: POST https://api.fireworks.ai/inference/v1/chat/completions "HTTP/1.1 200 OK"
2026-09-05 15:07:36,516 INFO httpx2: HTTP Request: POST https://api.fireworks.ai/inference/v1/chat/completions "HTTP/1.1 200 OK"
2026-09-05 15:07:37,037 INFO httpx2: HTTP Request: POST https://api.fireworks.ai/inference/v1/chat/completions "HTTP/1.1 200 OK"
2026-09-05 15:07:38,888 INFO httpx2: HTTP Request: POST https://api.fireworks.ai/inference/v1/chat/completions "HTTP/1.1 200 OK"
2026-09-05 15:07:39,080 INFO httpx2: HTTP Request: POST https://api.fireworks.ai/inference/v1/chat/completions "HTTP/1.1 200 OK"
2026-09-05 15:07:40,517 INFO httpx2: HTTP Request: POST https://api.fireworks.ai/inference/v1/chat/completions "HTTP/1.1 200 OK"
2026-09-05 15:07:45,932 INFO httpx2: HTTP Request: POST https://api.fireworks.ai/inference/v1/chat/completions "HTTP/1.1 200 OK"
2026-09-05 15:07:46,160 INFO httpx2: HTTP Request: POST https://api.fireworks.ai/inference/v1/chat/completions "HTTP/1.1 200 OK"
2026-09-05 15:07:47,187 INFO httpx2: HTTP Request: POST https://api.fireworks.ai/inference/v1/chat/completions "HTTP/1.1 200 OK"
2026-09-05 15:07:49,161 INFO httpx2: HTTP Request: POST https://api.fireworks.ai/inference/v1/chat/completions "HTTP/1.1 200 OK"
2026-09-05 15:07:49,941 INFO httpx2: HTTP Request: POST https://api.fireworks.ai/inference/v1/chat/completions "HTTP/1.1 200 OK"
2026-09-05 15:07:51,315 INFO httpx2: HTTP Request: POST https://api.fireworks.ai/inference/v1/chat/completions "HTTP/1.1 200 OK"
2026-09-05 15:07:53,866 INFO httpx2: HTTP Request: POST https://api.fireworks.ai/inference/v1/chat/completions "HTTP/1.1 200 OK"
2026-09-05 15:07:56,001 INFO httpx2: HTTP Request: POST https://api.fireworks.ai/inference/v1/chat/completions "HTTP/1.1 200 OK"
2026-09-05 15:07:58,387 INFO httpx2: HTTP Request: POST https://api.fireworks.ai/inference/v1/chat/completions "HTTP/1.1 200 OK"
2026-09-05 15:07:59,016 INFO httpx2: HTTP Request: POST https://api.fireworks.ai/inference/v1/chat/completions "HTTP/1.1 200 OK"
2026-09-05 15:07:59,504 INFO httpx2: HTTP Request: POST https://api.fireworks.ai/inference/v1/chat/completions "HTTP/1.1 200 OK"
2026-09-05 15:08:00,244 INFO httpx2: HTTP Request: POST https://api.fireworks.ai/inference/v1/chat/completions "HTTP/1.1 200 OK"
2026-09-05 15:08:00,634 INFO httpx2: HTTP Request: POST https://api.fireworks.ai/inference/v1/chat/completions "HTTP/1.1 200 OK"
2026-09-05 15:08:01,368 INFO httpx2: HTTP Request: POST https://api.fireworks.ai/inference/v1/chat/completions "HTTP/1.1 200 OK"
2026-09-05 15:08:02,904 INFO httpx2: HTTP Request: POST https://api.fireworks.ai/inference/v1/chat/completions "HTTP/1.1 200 OK"
2026-09-05 15:08:02,905 INFO gen: 975/2384 done, 1273s elapsed, $7.33 this run, 0 retries
2026-09-05 15:08:06,261 INFO httpx2: HTTP Request: POST https://api.fireworks.ai/inference/v1/chat/completions "HTTP/1.1 200 OK"
2026-09-05 15:08:07,929 INFO httpx2: HTTP Request: POST https://api.fireworks.ai/inference/v1/chat/completions "HTTP/1.1 200 OK"
2026-09-05 15:08:08,370 INFO httpx2: HTTP Request: POST https://api.fireworks.ai/inference/v1/chat/completions "HTTP/1.1 200 OK"
2026-09-05 15:08:08,372 INFO httpx2: HTTP Request: POST https://api.fireworks.ai/inference/v1/chat/completions "HTTP/1.1 200 OK"
2026-09-05 15:08:09,122 INFO httpx2: HTTP Request: POST https://api.fireworks.ai/inference/v1/chat/completions "HTTP/1.1 200 OK"
2026-09-05 15:08:11,646 INFO httpx2: HTTP Request: POST https://api.fireworks.ai/inference/v1/chat/completions "HTTP/1.1 200 OK"
2026-09-05 15:08:13,086 INFO httpx2: HTTP Request: POST https://api.fireworks.ai/inference/v1/chat/completions "HTTP/1.1 200 OK"
2026-09-05 15:08:13,320 INFO httpx2: HTTP Request: POST https://api.fireworks.ai/inference/v1/chat/completions "HTTP/1.1 200 OK"
2026-09-05 15:08:14,607 INFO httpx2: HTTP Request: POST https://api.fireworks.ai/inference/v1/chat/completions "HTTP/1.1 200 OK"
2026-09-05 15:08:14,839 INFO httpx2: HTTP Request: POST https://api.fireworks.ai/inference/v1/chat/completions "HTTP/1.1 200 OK"
2026-09-05 15:08:16,662 INFO httpx2: HTTP Request: POST https://api.fireworks.ai/inference/v1/chat/completions "HTTP/1.1 200 OK"
2026-09-05 15:08:18,175 INFO httpx2: HTTP Request: POST https://api.fireworks.ai/inference/v1/chat/completions "HTTP/1.1 200 OK"
2026-09-05 15:08:22,819 INFO httpx2: HTTP Request: POST https://api.fireworks.ai/inference/v1/chat/completions "HTTP/1.1 200 OK"
2026-09-05 15:08:25,192 INFO httpx2: HTTP Request: POST https://api.fireworks.ai/inference/v1/chat/completions "HTTP/1.1 200 OK"
2026-09-05 15:08:25,573 INFO httpx2: HTTP Request: POST https://api.fireworks.ai/inference/v1/chat/completions "HTTP/1.1 200 OK"
2026-09-05 15:08:27,770 INFO httpx2: HTTP Request: POST https://api.fireworks.ai/inference/v1/chat/completions "HTTP/1.1 200 OK"
2026-09-05 15:08:30,823 INFO httpx2: HTTP Request: POST https://api.fireworks.ai/inference/v1/chat/completions "HTTP/1.1 200 OK"
2026-09-05 15:08:36,825 INFO httpx2: HTTP Request: POST https://api.fireworks.ai/inference/v1/chat/completions "HTTP/1.1 200 OK"
2026-09-05 15:08:39,862 INFO httpx2: HTTP Request: POST https://api.fireworks.ai/inference/v1/chat/completions "HTTP/1.1 200 OK"
2026-09-05 15:08:42,314 INFO httpx2: HTTP Request: POST https://api.fireworks.ai/inference/v1/chat/completions "HTTP/1.1 200 OK"
2026-09-05 15:08:42,778 INFO httpx2: HTTP Request: POST https://api.fireworks.ai/inference/v1/chat/completions "HTTP/1.1 200 OK"
2026-09-05 15:08:44,749 INFO httpx2: HTTP Request: POST https://api.fireworks.ai/inference/v1/chat/completions "HTTP/1.1 200 OK"
2026-09-05 15:08:45,212 INFO httpx2: HTTP Request: POST https://api.fireworks.ai/inference/v1/chat/completions "HTTP/1.1 200 OK"
2026-09-05 15:08:45,356 INFO httpx2: HTTP Request: POST https://api.fireworks.ai/inference/v1/chat/completions "HTTP/1.1 200 OK"
2026-09-05 15:08:48,230 INFO httpx2: HTTP Request: POST https://api.fireworks.ai/inference/v1/chat/completions "HTTP/1.1 200 OK"
2026-09-05 15:08:48,232 INFO gen: 1000/2384 done, 1318s elapsed, $7.58 this run, 0 retries
2026-09-05 15:08:48,643 INFO httpx2: HTTP Request: POST https://api.fireworks.ai/inference/v1/chat/completions "HTTP/1.1 200 OK"
2026-09-05 15:08:48,647 INFO httpx2: HTTP Request: POST https://api.fireworks.ai/inference/v1/chat/completions "HTTP/1.1 200 OK"
2026-09-05 15:08:50,970 INFO httpx2: HTTP Request: POST https://api.fireworks.ai/inference/v1/chat/completions "HTTP/1.1 200 OK"
2026-09-05 15:08:51,069 INFO httpx2: HTTP Request: POST https://api.fireworks.ai/inference/v1/chat/completions "HTTP/1.1 200 OK"
2026-09-05 15:08:51,758 INFO httpx2: HTTP Request: POST https://api.fireworks.ai/inference/v1/chat/completions "HTTP/1.1 200 OK"
2026-09-05 15:08:51,768 INFO httpx2: HTTP Request: POST https://api.fireworks.ai/inference/v1/chat/completions "HTTP/1.1 200 OK"
2026-09-05 15:08:55,580 INFO httpx2: HTTP Request: POST https://api.fireworks.ai/inference/v1/chat/completions "HTTP/1.1 200 OK"
2026-09-05 15:08:55,584 INFO httpx2: HTTP Request: POST https://api.fireworks.ai/inference/v1/chat/completions "HTTP/1.1 200 OK"
2026-09-05 15:08:55,985 INFO httpx2: HTTP Request: POST https://api.fireworks.ai/inference/v1/chat/completions "HTTP/1.1 200 OK"
2026-09-05 15:08:57,565 INFO httpx2: HTTP Request: POST https://api.fireworks.ai/inference/v1/chat/completions "HTTP/1.1 200 OK"
2026-09-05 15:08:58,241 INFO httpx2: HTTP Request: POST https://api.fireworks.ai/inference/v1/chat/completions "HTTP/1.1 200 OK"
2026-09-05 15:08:59,227 INFO httpx2: HTTP Request: POST https://api.fireworks.ai/inference/v1/chat/completions "HTTP/1.1 200 OK"
2026-09-05 15:09:08,709 INFO httpx2: HTTP Request: POST https://api.fireworks.ai/inference/v1/chat/completions "HTTP/1.1 200 OK"
2026-09-05 15:09:13,291 INFO httpx2: HTTP Request: POST https://api.fireworks.ai/inference/v1/chat/completions "HTTP/1.1 200 OK"
2026-09-05 15:09:13,330 INFO httpx2: HTTP Request: POST https://api.fireworks.ai/inference/v1/chat/completions "HTTP/1.1 200 OK"
2026-09-05 15:09:15,267 INFO httpx2: HTTP Request: POST https://api.fireworks.ai/inference/v1/chat/completions "HTTP/1.1 200 OK"
2026-09-05 15:09:18,514 INFO httpx2: HTTP Request: POST https://api.fireworks.ai/inference/v1/chat/completions "HTTP/1.1 200 OK"
2026-09-05 15:09:18,519 INFO httpx2: HTTP Request: POST https://api.fireworks.ai/inference/v1/chat/completions "HTTP/1.1 200 OK"
2026-09-05 15:09:19,084 INFO httpx2: HTTP Request: POST https://api.fireworks.ai/inference/v1/chat/completions "HTTP/1.1 200 OK"
2026-09-05 15:09:21,995 INFO httpx2: HTTP Request: POST https://api.fireworks.ai/inference/v1/chat/completions "HTTP/1.1 200 OK"
2026-09-05 15:09:23,019 INFO httpx2: HTTP Request: POST https://api.fireworks.ai/inference/v1/chat/completions "HTTP/1.1 200 OK"
2026-09-05 15:09:23,112 INFO httpx2: HTTP Request: POST https://api.fireworks.ai/inference/v1/chat/completions "HTTP/1.1 200 OK"
2026-09-05 15:09:24,311 INFO httpx2: HTTP Request: POST https://api.fireworks.ai/inference/v1/chat/completions "HTTP/1.1 200 OK"
2026-09-05 15:09:25,214 INFO httpx2: HTTP Request: POST https://api.fireworks.ai/inference/v1/chat/completions "HTTP/1.1 200 OK"
2026-09-05 15:09:26,323 INFO httpx2: HTTP Request: POST https://api.fireworks.ai/inference/v1/chat/completions "HTTP/1.1 200 OK"
2026-09-05 15:09:26,326 INFO gen: 1025/2384 done, 1356s elapsed, $7.75 this run, 0 retries
2026-09-05 15:09:28,244 INFO httpx2: HTTP Request: POST https://api.fireworks.ai/inference/v1/chat/completions "HTTP/1.1 200 OK"
2026-09-05 15:09:28,445 INFO httpx2: HTTP Request: POST https://api.fireworks.ai/inference/v1/chat/completions "HTTP/1.1 200 OK"
2026-09-05 15:09:29,573 INFO httpx2: HTTP Request: POST https://api.fireworks.ai/inference/v1/chat/completions "HTTP/1.1 200 OK"
2026-09-05 15:09:30,275 INFO httpx2: HTTP Request: POST https://api.fireworks.ai/inference/v1/chat/completions "HTTP/1.1 200 OK"
2026-09-05 15:09:30,511 INFO httpx2: HTTP Request: POST https://api.fireworks.ai/inference/v1/chat/completions "HTTP/1.1 200 OK"
2026-09-05 15:09:31,720 INFO httpx2: HTTP Request: POST https://api.fireworks.ai/inference/v1/chat/completions "HTTP/1.1 200 OK"
2026-09-05 15:09:32,891 INFO httpx2: HTTP Request: POST https://api.fireworks.ai/inference/v1/chat/completions "HTTP/1.1 200 OK"
2026-09-05 15:09:36,943 INFO httpx2: HTTP Request: POST https://api.fireworks.ai/inference/v1/chat/completions "HTTP/1.1 200 OK"
2026-09-05 15:09:38,174 INFO httpx2: HTTP Request: POST https://api.fireworks.ai/inference/v1/chat/completions "HTTP/1.1 200 OK"
2026-09-05 15:09:41,239 INFO httpx2: HTTP Request: POST https://api.fireworks.ai/inference/v1/chat/completions "HTTP/1.1 200 OK"
2026-09-05 15:09:44,555 INFO httpx2: HTTP Request: POST https://api.fireworks.ai/inference/v1/chat/completions "HTTP/1.1 200 OK"
2026-09-05 15:09:44,802 INFO httpx2: HTTP Request: POST https://api.fireworks.ai/inference/v1/chat/completions "HTTP/1.1 200 OK"
2026-09-05 15:09:45,116 INFO httpx2: HTTP Request: POST https://api.fireworks.ai/inference/v1/chat/completions "HTTP/1.1 200 OK"
2026-09-05 15:09:45,941 INFO httpx2: HTTP Request: POST https://api.fireworks.ai/inference/v1/chat/completions "HTTP/1.1 200 OK"
2026-09-05 15:09:48,508 INFO httpx2: HTTP Request: POST https://api.fireworks.ai/inference/v1/chat/completions "HTTP/1.1 200 OK"
2026-09-05 15:09:51,759 INFO httpx2: HTTP Request: POST https://api.fireworks.ai/inference/v1/chat/completions "HTTP/1.1 200 OK"
2026-09-05 15:09:52,215 INFO httpx2: HTTP Request: POST https://api.fireworks.ai/inference/v1/chat/completions "HTTP/1.1 200 OK"
2026-09-05 15:09:52,406 INFO httpx2: HTTP Request: POST https://api.fireworks.ai/inference/v1/chat/completions "HTTP/1.1 200 OK"
2026-09-05 15:09:55,397 INFO httpx2: HTTP Request: POST https://api.fireworks.ai/inference/v1/chat/completions "HTTP/1.1 200 OK"
2026-09-05 15:09:55,786 INFO httpx2: HTTP Request: POST https://api.fireworks.ai/inference/v1/chat/completions "HTTP/1.1 200 OK"
2026-09-05 15:09:56,820 INFO httpx2: HTTP Request: POST https://api.fireworks.ai/inference/v1/chat/completions "HTTP/1.1 200 OK"
2026-09-05 15:09:57,815 INFO httpx2: HTTP Request: POST https://api.fireworks.ai/inference/v1/chat/completions "HTTP/1.1 200 OK"
2026-09-05 15:09:58,236 INFO httpx2: HTTP Request: POST https://api.fireworks.ai/inference/v1/chat/completions "HTTP/1.1 200 OK"
2026-09-05 15:10:00,034 INFO httpx2: HTTP Request: POST https://api.fireworks.ai/inference/v1/chat/completions "HTTP/1.1 200 OK"
2026-09-05 15:10:02,897 INFO httpx2: HTTP Request: POST https://api.fireworks.ai/inference/v1/chat/completions "HTTP/1.1 200 OK"
2026-09-05 15:10:02,900 INFO gen: 1050/2384 done, 1393s elapsed, $7.89 this run, 0 retries
2026-09-05 15:10:03,039 INFO httpx2: HTTP Request: POST https://api.fireworks.ai/inference/v1/chat/completions "HTTP/1.1 200 OK"
2026-09-05 15:10:04,894 INFO httpx2: HTTP Request: POST https://api.fireworks.ai/inference/v1/chat/completions "HTTP/1.1 200 OK"
2026-09-05 15:10:05,422 INFO httpx2: HTTP Request: POST https://api.fireworks.ai/inference/v1/chat/completions "HTTP/1.1 200 OK"
2026-09-05 15:10:11,399 INFO httpx2: HTTP Request: POST https://api.fireworks.ai/inference/v1/chat/completions "HTTP/1.1 200 OK"
2026-09-05 15:10:14,413 INFO httpx2: HTTP Request: POST https://api.fireworks.ai/inference/v1/chat/completions "HTTP/1.1 200 OK"
2026-09-05 15:10:15,153 INFO httpx2: HTTP Request: POST https://api.fireworks.ai/inference/v1/chat/completions "HTTP/1.1 200 OK"
2026-09-05 15:10:15,701 INFO httpx2: HTTP Request: POST https://api.fireworks.ai/inference/v1/chat/completions "HTTP/1.1 200 OK"
2026-09-05 15:10:20,743 INFO httpx2: HTTP Request: POST https://api.fireworks.ai/inference/v1/chat/completions "HTTP/1.1 200 OK"
2026-09-05 15:10:22,126 INFO httpx2: HTTP Request: POST https://api.fireworks.ai/inference/v1/chat/completions "HTTP/1.1 200 OK"
2026-09-05 15:10:22,617 INFO httpx2: HTTP Request: POST https://api.fireworks.ai/inference/v1/chat/completions "HTTP/1.1 200 OK"
2026-09-05 15:10:24,664 INFO httpx2: HTTP Request: POST https://api.fireworks.ai/inference/v1/chat/completions "HTTP/1.1 200 OK"
2026-09-05 15:10:25,783 INFO httpx2: HTTP Request: POST https://api.fireworks.ai/inference/v1/chat/completions "HTTP/1.1 200 OK"
2026-09-05 15:10:27,544 INFO httpx2: HTTP Request: POST https://api.fireworks.ai/inference/v1/chat/completions "HTTP/1.1 200 OK"
2026-09-05 15:10:28,605 INFO httpx2: HTTP Request: POST https://api.fireworks.ai/inference/v1/chat/completions "HTTP/1.1 200 OK"
2026-09-05 15:10:28,620 INFO httpx2: HTTP Request: POST https://api.fireworks.ai/inference/v1/chat/completions "HTTP/1.1 200 OK"
2026-09-05 15:10:33,650 INFO httpx2: HTTP Request: POST https://api.fireworks.ai/inference/v1/chat/completions "HTTP/1.1 200 OK"
2026-09-05 15:10:34,100 INFO httpx2: HTTP Request: POST https://api.fireworks.ai/inference/v1/chat/completions "HTTP/1.1 200 OK"
2026-09-05 15:10:34,979 INFO httpx2: HTTP Request: POST https://api.fireworks.ai/inference/v1/chat/completions "HTTP/1.1 200 OK"
2026-09-05 15:10:36,842 INFO httpx2: HTTP Request: POST https://api.fireworks.ai/inference/v1/chat/completions "HTTP/1.1 200 OK"
2026-09-05 15:10:38,552 INFO httpx2: HTTP Request: POST https://api.fireworks.ai/inference/v1/chat/completions "HTTP/1.1 200 OK"
2026-09-05 15:10:41,048 INFO httpx2: HTTP Request: POST https://api.fireworks.ai/inference/v1/chat/completions "HTTP/1.1 200 OK"
2026-09-05 15:10:41,567 INFO httpx2: HTTP Request: POST https://api.fireworks.ai/inference/v1/chat/completions "HTTP/1.1 200 OK"
2026-09-05 15:10:47,650 INFO httpx2: HTTP Request: POST https://api.fireworks.ai/inference/v1/chat/completions "HTTP/1.1 200 OK"
2026-09-05 15:10:50,477 INFO httpx2: HTTP Request: POST https://api.fireworks.ai/inference/v1/chat/completions "HTTP/1.1 200 OK"
2026-09-05 15:10:52,107 INFO httpx2: HTTP Request: POST https://api.fireworks.ai/inference/v1/chat/completions "HTTP/1.1 200 OK"
2026-09-05 15:10:52,108 INFO gen: 1075/2384 done, 1442s elapsed, $8.18 this run, 0 retries
2026-09-05 15:10:52,109 INFO httpx2: HTTP Request: POST https://api.fireworks.ai/inference/v1/chat/completions "HTTP/1.1 200 OK"
2026-09-05 15:10:53,336 INFO httpx2: HTTP Request: POST https://api.fireworks.ai/inference/v1/chat/completions "HTTP/1.1 200 OK"
2026-09-05 15:10:53,431 INFO httpx2: HTTP Request: POST https://api.fireworks.ai/inference/v1/chat/completions "HTTP/1.1 200 OK"
2026-09-05 15:10:55,746 INFO httpx2: HTTP Request: POST https://api.fireworks.ai/inference/v1/chat/completions "HTTP/1.1 200 OK"
2026-09-05 15:10:56,203 INFO httpx2: HTTP Request: POST https://api.fireworks.ai/inference/v1/chat/completions "HTTP/1.1 200 OK"
2026-09-05 15:10:56,220 INFO httpx2: HTTP Request: POST https://api.fireworks.ai/inference/v1/chat/completions "HTTP/1.1 200 OK"
2026-09-05 15:10:56,260 INFO httpx2: HTTP Request: POST https://api.fireworks.ai/inference/v1/chat/completions "HTTP/1.1 200 OK"
2026-09-05 15:10:56,930 INFO httpx2: HTTP Request: POST https://api.fireworks.ai/inference/v1/chat/completions "HTTP/1.1 200 OK"
2026-09-05 15:10:57,544 INFO httpx2: HTTP Request: POST https://api.fireworks.ai/inference/v1/chat/completions "HTTP/1.1 200 OK"
2026-09-05 15:10:58,046 INFO httpx2: HTTP Request: POST https://api.fireworks.ai/inference/v1/chat/completions "HTTP/1.1 200 OK"
2026-09-05 15:11:00,854 INFO httpx2: HTTP Request: POST https://api.fireworks.ai/inference/v1/chat/completions "HTTP/1.1 200 OK"
2026-09-05 15:11:02,725 INFO httpx2: HTTP Request: POST https://api.fireworks.ai/inference/v1/chat/completions "HTTP/1.1 200 OK"
2026-09-05 15:11:03,388 INFO httpx2: HTTP Request: POST https://api.fireworks.ai/inference/v1/chat/completions "HTTP/1.1 200 OK"
2026-09-05 15:11:10,001 INFO httpx2: HTTP Request: POST https://api.fireworks.ai/inference/v1/chat/completions "HTTP/1.1 200 OK"
2026-09-05 15:11:10,577 INFO httpx2: HTTP Request: POST https://api.fireworks.ai/inference/v1/chat/completions "HTTP/1.1 200 OK"
2026-09-05 15:11:11,120 INFO httpx2: HTTP Request: POST https://api.fireworks.ai/inference/v1/chat/completions "HTTP/1.1 200 OK"
2026-09-05 15:11:12,104 INFO httpx2: HTTP Request: POST https://api.fireworks.ai/inference/v1/chat/completions "HTTP/1.1 200 OK"
2026-09-05 15:11:14,415 INFO httpx2: HTTP Request: POST https://api.fireworks.ai/inference/v1/chat/completions "HTTP/1.1 200 OK"
2026-09-05 15:11:14,490 INFO httpx2: HTTP Request: POST https://api.fireworks.ai/inference/v1/chat/completions "HTTP/1.1 200 OK"
2026-09-05 15:11:16,034 INFO httpx2: HTTP Request: POST https://api.fireworks.ai/inference/v1/chat/completions "HTTP/1.1 200 OK"
2026-09-05 15:11:18,994 INFO httpx2: HTTP Request: POST https://api.fireworks.ai/inference/v1/chat/completions "HTTP/1.1 200 OK"
2026-09-05 15:11:19,360 INFO httpx2: HTTP Request: POST https://api.fireworks.ai/inference/v1/chat/completions "HTTP/1.1 200 OK"
2026-09-05 15:11:20,166 INFO httpx2: HTTP Request: POST https://api.fireworks.ai/inference/v1/chat/completions "HTTP/1.1 200 OK"
2026-09-05 15:11:21,367 INFO httpx2: HTTP Request: POST https://api.fireworks.ai/inference/v1/chat/completions "HTTP/1.1 200 OK"
2026-09-05 15:11:22,645 INFO httpx2: HTTP Request: POST https://api.fireworks.ai/inference/v1/chat/completions "HTTP/1.1 200 OK"
2026-09-05 15:11:22,650 INFO gen: 1100/2384 done, 1472s elapsed, $8.36 this run, 0 retries
2026-09-05 15:11:23,545 INFO httpx2: HTTP Request: POST https://api.fireworks.ai/inference/v1/chat/completions "HTTP/1.1 200 OK"
2026-09-05 15:11:25,220 INFO httpx2: HTTP Request: POST https://api.fireworks.ai/inference/v1/chat/completions "HTTP/1.1 200 OK"
2026-09-05 15:11:28,008 INFO httpx2: HTTP Request: POST https://api.fireworks.ai/inference/v1/chat/completions "HTTP/1.1 200 OK"
2026-09-05 15:11:29,513 INFO httpx2: HTTP Request: POST https://api.fireworks.ai/inference/v1/chat/completions "HTTP/1.1 200 OK"
2026-09-05 15:11:29,659 INFO httpx2: HTTP Request: POST https://api.fireworks.ai/inference/v1/chat/completions "HTTP/1.1 200 OK"
2026-09-05 15:11:30,302 INFO httpx2: HTTP Request: POST https://api.fireworks.ai/inference/v1/chat/completions "HTTP/1.1 200 OK"
2026-09-05 15:11:31,958 INFO httpx2: HTTP Request: POST https://api.fireworks.ai/inference/v1/chat/completions "HTTP/1.1 200 OK"
2026-09-05 15:11:35,402 INFO httpx2: HTTP Request: POST https://api.fireworks.ai/inference/v1/chat/completions "HTTP/1.1 200 OK"
2026-09-05 15:11:37,254 INFO httpx2: HTTP Request: POST https://api.fireworks.ai/inference/v1/chat/completions "HTTP/1.1 200 OK"
2026-09-05 15:11:38,085 INFO httpx2: HTTP Request: POST https://api.fireworks.ai/inference/v1/chat/completions "HTTP/1.1 200 OK"
2026-09-05 15:11:38,660 INFO httpx2: HTTP Request: POST https://api.fireworks.ai/inference/v1/chat/completions "HTTP/1.1 200 OK"
2026-09-05 15:11:40,765 INFO httpx2: HTTP Request: POST https://api.fireworks.ai/inference/v1/chat/completions "HTTP/1.1 200 OK"
2026-09-05 15:11:41,029 INFO httpx2: HTTP Request: POST https://api.fireworks.ai/inference/v1/chat/completions "HTTP/1.1 200 OK"
2026-09-05 15:11:41,444 INFO httpx2: HTTP Request: POST https://api.fireworks.ai/inference/v1/chat/completions "HTTP/1.1 200 OK"
2026-09-05 15:11:48,333 INFO httpx2: HTTP Request: POST https://api.fireworks.ai/inference/v1/chat/completions "HTTP/1.1 200 OK"
2026-09-05 15:11:48,821 INFO httpx2: HTTP Request: POST https://api.fireworks.ai/inference/v1/chat/completions "HTTP/1.1 200 OK"
2026-09-05 15:11:51,456 INFO httpx2: HTTP Request: POST https://api.fireworks.ai/inference/v1/chat/completions "HTTP/1.1 200 OK"
2026-09-05 15:11:54,068 INFO httpx2: HTTP Request: POST https://api.fireworks.ai/inference/v1/chat/completions "HTTP/1.1 200 OK"
2026-09-05 15:11:54,083 INFO httpx2: HTTP Request: POST https://api.fireworks.ai/inference/v1/chat/completions "HTTP/1.1 200 OK"
2026-09-05 15:11:54,542 INFO httpx2: HTTP Request: POST https://api.fireworks.ai/inference/v1/chat/completions "HTTP/1.1 200 OK"
2026-09-05 15:11:54,930 INFO httpx2: HTTP Request: POST https://api.fireworks.ai/inference/v1/chat/completions "HTTP/1.1 200 OK"
2026-09-05 15:11:56,015 INFO httpx2: HTTP Request: POST https://api.fireworks.ai/inference/v1/chat/completions "HTTP/1.1 200 OK"
2026-09-05 15:11:59,859 INFO httpx2: HTTP Request: POST https://api.fireworks.ai/inference/v1/chat/completions "HTTP/1.1 200 OK"
2026-09-05 15:12:00,828 INFO httpx2: HTTP Request: POST https://api.fireworks.ai/inference/v1/chat/completions "HTTP/1.1 200 OK"
2026-09-05 15:12:02,556 INFO httpx2: HTTP Request: POST https://api.fireworks.ai/inference/v1/chat/completions "HTTP/1.1 200 OK"
2026-09-05 15:12:02,567 INFO gen: 1125/2384 done, 1512s elapsed, $8.53 this run, 0 retries
2026-09-05 15:12:05,805 INFO httpx2: HTTP Request: POST https://api.fireworks.ai/inference/v1/chat/completions "HTTP/1.1 200 OK"
2026-09-05 15:12:06,263 INFO httpx2: HTTP Request: POST https://api.fireworks.ai/inference/v1/chat/completions "HTTP/1.1 200 OK"
2026-09-05 15:12:06,721 INFO httpx2: HTTP Request: POST https://api.fireworks.ai/inference/v1/chat/completions "HTTP/1.1 200 OK"
2026-09-05 15:12:09,208 INFO httpx2: HTTP Request: POST https://api.fireworks.ai/inference/v1/chat/completions "HTTP/1.1 200 OK"
2026-09-05 15:12:10,432 INFO httpx2: HTTP Request: POST https://api.fireworks.ai/inference/v1/chat/completions "HTTP/1.1 200 OK"
2026-09-05 15:12:12,090 INFO httpx2: HTTP Request: POST https://api.fireworks.ai/inference/v1/chat/completions "HTTP/1.1 200 OK"
2026-09-05 15:12:13,713 INFO httpx2: HTTP Request: POST https://api.fireworks.ai/inference/v1/chat/completions "HTTP/1.1 200 OK"
2026-09-05 15:12:14,992 INFO httpx2: HTTP Request: POST https://api.fireworks.ai/inference/v1/chat/completions "HTTP/1.1 200 OK"
2026-09-05 15:12:17,585 INFO httpx2: HTTP Request: POST https://api.fireworks.ai/inference/v1/chat/completions "HTTP/1.1 200 OK"
2026-09-05 15:12:17,819 INFO httpx2: HTTP Request: POST https://api.fireworks.ai/inference/v1/chat/completions "HTTP/1.1 200 OK"
2026-09-05 15:12:18,962 INFO httpx2: HTTP Request: POST https://api.fireworks.ai/inference/v1/chat/completions "HTTP/1.1 200 OK"
2026-09-05 15:12:19,882 INFO httpx2: HTTP Request: POST https://api.fireworks.ai/inference/v1/chat/completions "HTTP/1.1 200 OK"
2026-09-05 15:12:20,161 INFO httpx2: HTTP Request: POST https://api.fireworks.ai/inference/v1/chat/completions "HTTP/1.1 200 OK"
2026-09-05 15:12:22,836 INFO httpx2: HTTP Request: POST https://api.fireworks.ai/inference/v1/chat/completions "HTTP/1.1 200 OK"
2026-09-05 15:12:23,413 INFO httpx2: HTTP Request: POST https://api.fireworks.ai/inference/v1/chat/completions "HTTP/1.1 200 OK"
2026-09-05 15:12:24,883 INFO httpx2: HTTP Request: POST https://api.fireworks.ai/inference/v1/chat/completions "HTTP/1.1 200 OK"
2026-09-05 15:12:28,078 INFO httpx2: HTTP Request: POST https://api.fireworks.ai/inference/v1/chat/completions "HTTP/1.1 200 OK"
2026-09-05 15:12:29,963 INFO httpx2: HTTP Request: POST https://api.fireworks.ai/inference/v1/chat/completions "HTTP/1.1 200 OK"
2026-09-05 15:12:30,046 INFO httpx2: HTTP Request: POST https://api.fireworks.ai/inference/v1/chat/completions "HTTP/1.1 200 OK"
2026-09-05 15:12:33,561 INFO httpx2: HTTP Request: POST https://api.fireworks.ai/inference/v1/chat/completions "HTTP/1.1 200 OK"
2026-09-05 15:12:34,033 INFO httpx2: HTTP Request: POST https://api.fireworks.ai/inference/v1/chat/completions "HTTP/1.1 200 OK"
2026-09-05 15:12:35,364 INFO httpx2: HTTP Request: POST https://api.fireworks.ai/inference/v1/chat/completions "HTTP/1.1 200 OK"
2026-09-05 15:12:37,411 INFO httpx2: HTTP Request: POST https://api.fireworks.ai/inference/v1/chat/completions "HTTP/1.1 200 OK"
2026-09-05 15:12:41,601 INFO httpx2: HTTP Request: POST https://api.fireworks.ai/inference/v1/chat/completions "HTTP/1.1 200 OK"
2026-09-05 15:12:42,233 INFO httpx2: HTTP Request: POST https://api.fireworks.ai/inference/v1/chat/completions "HTTP/1.1 200 OK"
2026-09-05 15:12:42,236 INFO gen: 1150/2384 done, 1552s elapsed, $8.73 this run, 0 retries
2026-09-05 15:12:42,908 INFO httpx2: HTTP Request: POST https://api.fireworks.ai/inference/v1/chat/completions "HTTP/1.1 200 OK"
2026-09-05 15:12:46,661 INFO httpx2: HTTP Request: POST https://api.fireworks.ai/inference/v1/chat/completions "HTTP/1.1 200 OK"
2026-09-05 15:12:47,342 INFO httpx2: HTTP Request: POST https://api.fireworks.ai/inference/v1/chat/completions "HTTP/1.1 200 OK"
2026-09-05 15:12:48,025 INFO httpx2: HTTP Request: POST https://api.fireworks.ai/inference/v1/chat/completions "HTTP/1.1 200 OK"
2026-09-05 15:12:48,794 INFO httpx2: HTTP Request: POST https://api.fireworks.ai/inference/v1/chat/completions "HTTP/1.1 200 OK"
2026-09-05 15:12:50,676 INFO httpx2: HTTP Request: POST https://api.fireworks.ai/inference/v1/chat/completions "HTTP/1.1 200 OK"
2026-09-05 15:12:51,202 INFO httpx2: HTTP Request: POST https://api.fireworks.ai/inference/v1/chat/completions "HTTP/1.1 200 OK"
2026-09-05 15:12:51,878 INFO httpx2: HTTP Request: POST https://api.fireworks.ai/inference/v1/chat/completions "HTTP/1.1 200 OK"
2026-09-05 15:12:55,194 INFO httpx2: HTTP Request: POST https://api.fireworks.ai/inference/v1/chat/completions "HTTP/1.1 200 OK"
2026-09-05 15:12:55,796 INFO httpx2: HTTP Request: POST https://api.fireworks.ai/inference/v1/chat/completions "HTTP/1.1 200 OK"
2026-09-05 15:12:58,265 INFO httpx2: HTTP Request: POST https://api.fireworks.ai/inference/v1/chat/completions "HTTP/1.1 200 OK"
2026-09-05 15:13:00,313 INFO httpx2: HTTP Request: POST https://api.fireworks.ai/inference/v1/chat/completions "HTTP/1.1 200 OK"
2026-09-05 15:13:02,771 INFO httpx2: HTTP Request: POST https://api.fireworks.ai/inference/v1/chat/completions "HTTP/1.1 200 OK"
2026-09-05 15:13:03,548 INFO httpx2: HTTP Request: POST https://api.fireworks.ai/inference/v1/chat/completions "HTTP/1.1 200 OK"
2026-09-05 15:13:04,071 INFO httpx2: HTTP Request: POST https://api.fireworks.ai/inference/v1/chat/completions "HTTP/1.1 200 OK"
2026-09-05 15:13:05,531 INFO httpx2: HTTP Request: POST https://api.fireworks.ai/inference/v1/chat/completions "HTTP/1.1 200 OK"
2026-09-05 15:13:06,797 INFO httpx2: HTTP Request: POST https://api.fireworks.ai/inference/v1/chat/completions "HTTP/1.1 200 OK"
2026-09-05 15:13:07,001 INFO httpx2: HTTP Request: POST https://api.fireworks.ai/inference/v1/chat/completions "HTTP/1.1 200 OK"
2026-09-05 15:13:10,155 INFO httpx2: HTTP Request: POST https://api.fireworks.ai/inference/v1/chat/completions "HTTP/1.1 200 OK"
2026-09-05 15:13:10,663 INFO httpx2: HTTP Request: POST https://api.fireworks.ai/inference/v1/chat/completions "HTTP/1.1 200 OK"
2026-09-05 15:13:11,254 INFO httpx2: HTTP Request: POST https://api.fireworks.ai/inference/v1/chat/completions "HTTP/1.1 200 OK"
2026-09-05 15:13:13,421 INFO httpx2: HTTP Request: POST https://api.fireworks.ai/inference/v1/chat/completions "HTTP/1.1 200 OK"
2026-09-05 15:13:14,470 INFO httpx2: HTTP Request: POST https://api.fireworks.ai/inference/v1/chat/completions "HTTP/1.1 200 OK"
2026-09-05 15:13:15,499 INFO httpx2: HTTP Request: POST https://api.fireworks.ai/inference/v1/chat/completions "HTTP/1.1 200 OK"
2026-09-05 15:13:18,817 INFO httpx2: HTTP Request: POST https://api.fireworks.ai/inference/v1/chat/completions "HTTP/1.1 200 OK"
2026-09-05 15:13:18,823 INFO gen: 1175/2384 done, 1588s elapsed, $8.88 this run, 0 retries
2026-09-05 15:13:19,035 INFO httpx2: HTTP Request: POST https://api.fireworks.ai/inference/v1/chat/completions "HTTP/1.1 200 OK"
2026-09-05 15:13:19,131 INFO httpx2: HTTP Request: POST https://api.fireworks.ai/inference/v1/chat/completions "HTTP/1.1 200 OK"
2026-09-05 15:13:19,826 INFO httpx2: HTTP Request: POST https://api.fireworks.ai/inference/v1/chat/completions "HTTP/1.1 200 OK"
2026-09-05 15:13:23,847 INFO httpx2: HTTP Request: POST https://api.fireworks.ai/inference/v1/chat/completions "HTTP/1.1 200 OK"
2026-09-05 15:13:24,955 INFO httpx2: HTTP Request: POST https://api.fireworks.ai/inference/v1/chat/completions "HTTP/1.1 200 OK"
2026-09-05 15:13:25,470 INFO httpx2: HTTP Request: POST https://api.fireworks.ai/inference/v1/chat/completions "HTTP/1.1 200 OK"
2026-09-05 15:13:26,297 INFO httpx2: HTTP Request: POST https://api.fireworks.ai/inference/v1/chat/completions "HTTP/1.1 200 OK"
2026-09-05 15:13:26,357 INFO httpx2: HTTP Request: POST https://api.fireworks.ai/inference/v1/chat/completions "HTTP/1.1 200 OK"
2026-09-05 15:13:26,529 INFO httpx2: HTTP Request: POST https://api.fireworks.ai/inference/v1/chat/completions "HTTP/1.1 200 OK"
2026-09-05 15:13:27,582 INFO httpx2: HTTP Request: POST https://api.fireworks.ai/inference/v1/chat/completions "HTTP/1.1 200 OK"
2026-09-05 15:13:29,717 INFO httpx2: HTTP Request: POST https://api.fireworks.ai/inference/v1/chat/completions "HTTP/1.1 200 OK"
2026-09-05 15:13:29,720 INFO httpx2: HTTP Request: POST https://api.fireworks.ai/inference/v1/chat/completions "HTTP/1.1 200 OK"
2026-09-05 15:13:30,459 INFO httpx2: HTTP Request: POST https://api.fireworks.ai/inference/v1/chat/completions "HTTP/1.1 200 OK"
2026-09-05 15:13:31,239 INFO httpx2: HTTP Request: POST https://api.fireworks.ai/inference/v1/chat/completions "HTTP/1.1 200 OK"
2026-09-05 15:13:34,104 INFO httpx2: HTTP Request: POST https://api.fireworks.ai/inference/v1/chat/completions "HTTP/1.1 200 OK"
2026-09-05 15:13:36,482 INFO httpx2: HTTP Request: POST https://api.fireworks.ai/inference/v1/chat/completions "HTTP/1.1 200 OK"
2026-09-05 15:13:36,717 INFO httpx2: HTTP Request: POST https://api.fireworks.ai/inference/v1/chat/completions "HTTP/1.1 200 OK"
2026-09-05 15:13:39,670 INFO httpx2: HTTP Request: POST https://api.fireworks.ai/inference/v1/chat/completions "HTTP/1.1 200 OK"
2026-09-05 15:13:45,567 INFO httpx2: HTTP Request: POST https://api.fireworks.ai/inference/v1/chat/completions "HTTP/1.1 200 OK"
2026-09-05 15:13:47,659 INFO httpx2: HTTP Request: POST https://api.fireworks.ai/inference/v1/chat/completions "HTTP/1.1 200 OK"
2026-09-05 15:13:50,924 INFO httpx2: HTTP Request: POST https://api.fireworks.ai/inference/v1/chat/completions "HTTP/1.1 200 OK"
2026-09-05 15:13:51,979 INFO httpx2: HTTP Request: POST https://api.fireworks.ai/inference/v1/chat/completions "HTTP/1.1 200 OK"
2026-09-05 15:13:52,293 INFO httpx2: HTTP Request: POST https://api.fireworks.ai/inference/v1/chat/completions "HTTP/1.1 200 OK"
2026-09-05 15:13:53,340 INFO httpx2: HTTP Request: POST https://api.fireworks.ai/inference/v1/chat/completions "HTTP/1.1 200 OK"
2026-09-05 15:13:53,439 INFO httpx2: HTTP Request: POST https://api.fireworks.ai/inference/v1/chat/completions "HTTP/1.1 200 OK"
2026-09-05 15:13:53,440 INFO gen: 1200/2384 done, 1623s elapsed, $9.12 this run, 0 retries
2026-09-05 15:13:56,600 INFO httpx2: HTTP Request: POST https://api.fireworks.ai/inference/v1/chat/completions "HTTP/1.1 200 OK"
2026-09-05 15:13:57,440 INFO httpx2: HTTP Request: POST https://api.fireworks.ai/inference/v1/chat/completions "HTTP/1.1 200 OK"
2026-09-05 15:13:58,787 INFO httpx2: HTTP Request: POST https://api.fireworks.ai/inference/v1/chat/completions "HTTP/1.1 200 OK"
2026-09-05 15:13:59,194 INFO httpx2: HTTP Request: POST https://api.fireworks.ai/inference/v1/chat/completions "HTTP/1.1 200 OK"
2026-09-05 15:14:02,033 INFO httpx2: HTTP Request: POST https://api.fireworks.ai/inference/v1/chat/completions "HTTP/1.1 200 OK"
2026-09-05 15:14:03,612 INFO httpx2: HTTP Request: POST https://api.fireworks.ai/inference/v1/chat/completions "HTTP/1.1 200 OK"
2026-09-05 15:14:03,912 INFO httpx2: HTTP Request: POST https://api.fireworks.ai/inference/v1/chat/completions "HTTP/1.1 200 OK"
2026-09-05 15:14:05,353 INFO httpx2: HTTP Request: POST https://api.fireworks.ai/inference/v1/chat/completions "HTTP/1.1 200 OK"
2026-09-05 15:14:05,460 INFO httpx2: HTTP Request: POST https://api.fireworks.ai/inference/v1/chat/completions "HTTP/1.1 200 OK"
2026-09-05 15:14:06,241 INFO httpx2: HTTP Request: POST https://api.fireworks.ai/inference/v1/chat/completions "HTTP/1.1 200 OK"
2026-09-05 15:14:06,677 INFO httpx2: HTTP Request: POST https://api.fireworks.ai/inference/v1/chat/completions "HTTP/1.1 200 OK"
2026-09-05 15:14:10,078 INFO httpx2: HTTP Request: POST https://api.fireworks.ai/inference/v1/chat/completions "HTTP/1.1 200 OK"
2026-09-05 15:14:13,232 WARNING fireworks: retry 2026-09-05T15:14:13 model=accounts/fireworks/models/glm-5p3 attempt=1 delay=1.3s reason=APITimeoutError: Request timed out.
2026-09-05 15:14:14,093 INFO httpx2: HTTP Request: POST https://api.fireworks.ai/inference/v1/chat/completions "HTTP/1.1 200 OK"
2026-09-05 15:14:14,920 INFO httpx2: HTTP Request: POST https://api.fireworks.ai/inference/v1/chat/completions "HTTP/1.1 200 OK"
2026-09-05 15:14:15,902 INFO httpx2: HTTP Request: POST https://api.fireworks.ai/inference/v1/chat/completions "HTTP/1.1 200 OK"
2026-09-05 15:14:16,100 INFO httpx2: HTTP Request: POST https://api.fireworks.ai/inference/v1/chat/completions "HTTP/1.1 200 OK"
2026-09-05 15:14:19,018 INFO httpx2: HTTP Request: POST https://api.fireworks.ai/inference/v1/chat/completions "HTTP/1.1 200 OK"
2026-09-05 15:14:19,077 INFO httpx2: HTTP Request: POST https://api.fireworks.ai/inference/v1/chat/completions "HTTP/1.1 200 OK"
2026-09-05 15:14:19,162 INFO httpx2: HTTP Request: POST https://api.fireworks.ai/inference/v1/chat/completions "HTTP/1.1 200 OK"
2026-09-05 15:14:19,706 INFO httpx2: HTTP Request: POST https://api.fireworks.ai/inference/v1/chat/completions "HTTP/1.1 200 OK"
2026-09-05 15:14:19,964 INFO httpx2: HTTP Request: POST https://api.fireworks.ai/inference/v1/chat/completions "HTTP/1.1 200 OK"
2026-09-05 15:14:21,479 INFO httpx2: HTTP Request: POST https://api.fireworks.ai/inference/v1/chat/completions "HTTP/1.1 200 OK"
2026-09-05 15:14:21,769 INFO httpx2: HTTP Request: POST https://api.fireworks.ai/inference/v1/chat/completions "HTTP/1.1 200 OK"
2026-09-05 15:14:25,351 INFO httpx2: HTTP Request: POST https://api.fireworks.ai/inference/v1/chat/completions "HTTP/1.1 200 OK"
2026-09-05 15:14:26,762 INFO httpx2: HTTP Request: POST https://api.fireworks.ai/inference/v1/chat/completions "HTTP/1.1 200 OK"
2026-09-05 15:14:26,767 INFO gen: 1225/2384 done, 1656s elapsed, $9.25 this run, 1 retries
2026-09-05 15:14:28,097 INFO httpx2: HTTP Request: POST https://api.fireworks.ai/inference/v1/chat/completions "HTTP/1.1 200 OK"
2026-09-05 15:14:28,250 INFO httpx2: HTTP Request: POST https://api.fireworks.ai/inference/v1/chat/completions "HTTP/1.1 200 OK"
2026-09-05 15:14:29,516 INFO httpx2: HTTP Request: POST https://api.fireworks.ai/inference/v1/chat/completions "HTTP/1.1 200 OK"
2026-09-05 15:14:32,050 INFO httpx2: HTTP Request: POST https://api.fireworks.ai/inference/v1/chat/completions "HTTP/1.1 200 OK"
2026-09-05 15:14:32,579 INFO httpx2: HTTP Request: POST https://api.fireworks.ai/inference/v1/chat/completions "HTTP/1.1 200 OK"
2026-09-05 15:14:33,424 INFO httpx2: HTTP Request: POST https://api.fireworks.ai/inference/v1/chat/completions "HTTP/1.1 200 OK"
2026-09-05 15:14:33,630 INFO httpx2: HTTP Request: POST https://api.fireworks.ai/inference/v1/chat/completions "HTTP/1.1 200 OK"
2026-09-05 15:14:34,522 INFO httpx2: HTTP Request: POST https://api.fireworks.ai/inference/v1/chat/completions "HTTP/1.1 200 OK"
2026-09-05 15:14:35,737 INFO httpx2: HTTP Request: POST https://api.fireworks.ai/inference/v1/chat/completions "HTTP/1.1 200 OK"
2026-09-05 15:14:35,795 INFO httpx2: HTTP Request: POST https://api.fireworks.ai/inference/v1/chat/completions "HTTP/1.1 200 OK"
2026-09-05 15:14:38,479 INFO httpx2: HTTP Request: POST https://api.fireworks.ai/inference/v1/chat/completions "HTTP/1.1 200 OK"
2026-09-05 15:14:39,111 INFO httpx2: HTTP Request: POST https://api.fireworks.ai/inference/v1/chat/completions "HTTP/1.1 200 OK"
2026-09-05 15:14:39,464 INFO httpx2: HTTP Request: POST https://api.fireworks.ai/inference/v1/chat/completions "HTTP/1.1 200 OK"
2026-09-05 15:14:39,765 INFO httpx2: HTTP Request: POST https://api.fireworks.ai/inference/v1/chat/completions "HTTP/1.1 200 OK"
2026-09-05 15:14:40,109 INFO httpx2: HTTP Request: POST https://api.fireworks.ai/inference/v1/chat/completions "HTTP/1.1 200 OK"
2026-09-05 15:14:41,855 INFO httpx2: HTTP Request: POST https://api.fireworks.ai/inference/v1/chat/completions "HTTP/1.1 200 OK"
2026-09-05 15:14:41,962 INFO httpx2: HTTP Request: POST https://api.fireworks.ai/inference/v1/chat/completions "HTTP/1.1 200 OK"
2026-09-05 15:14:43,339 INFO httpx2: HTTP Request: POST https://api.fireworks.ai/inference/v1/chat/completions "HTTP/1.1 200 OK"
2026-09-05 15:14:45,717 INFO httpx2: HTTP Request: POST https://api.fireworks.ai/inference/v1/chat/completions "HTTP/1.1 200 OK"
2026-09-05 15:14:46,693 INFO httpx2: HTTP Request: POST https://api.fireworks.ai/inference/v1/chat/completions "HTTP/1.1 200 OK"
2026-09-05 15:14:51,048 INFO httpx2: HTTP Request: POST https://api.fireworks.ai/inference/v1/chat/completions "HTTP/1.1 200 OK"
2026-09-05 15:14:52,189 INFO httpx2: HTTP Request: POST https://api.fireworks.ai/inference/v1/chat/completions "HTTP/1.1 200 OK"
2026-09-05 15:14:54,112 INFO httpx2: HTTP Request: POST https://api.fireworks.ai/inference/v1/chat/completions "HTTP/1.1 200 OK"
2026-09-05 15:14:54,225 INFO httpx2: HTTP Request: POST https://api.fireworks.ai/inference/v1/chat/completions "HTTP/1.1 200 OK"
2026-09-05 15:14:55,469 INFO httpx2: HTTP Request: POST https://api.fireworks.ai/inference/v1/chat/completions "HTTP/1.1 200 OK"
2026-09-05 15:14:55,471 INFO gen: 1250/2384 done, 1685s elapsed, $9.44 this run, 1 retries
2026-09-05 15:14:57,778 INFO httpx2: HTTP Request: POST https://api.fireworks.ai/inference/v1/chat/completions "HTTP/1.1 200 OK"
2026-09-05 15:14:57,829 INFO httpx2: HTTP Request: POST https://api.fireworks.ai/inference/v1/chat/completions "HTTP/1.1 200 OK"
2026-09-05 15:15:00,096 INFO httpx2: HTTP Request: POST https://api.fireworks.ai/inference/v1/chat/completions "HTTP/1.1 200 OK"
2026-09-05 15:15:01,128 INFO httpx2: HTTP Request: POST https://api.fireworks.ai/inference/v1/chat/completions "HTTP/1.1 200 OK"
2026-09-05 15:15:01,211 INFO httpx2: HTTP Request: POST https://api.fireworks.ai/inference/v1/chat/completions "HTTP/1.1 200 OK"
2026-09-05 15:15:02,590 INFO httpx2: HTTP Request: POST https://api.fireworks.ai/inference/v1/chat/completions "HTTP/1.1 200 OK"
2026-09-05 15:15:03,329 INFO httpx2: HTTP Request: POST https://api.fireworks.ai/inference/v1/chat/completions "HTTP/1.1 200 OK"
2026-09-05 15:15:04,014 INFO httpx2: HTTP Request: POST https://api.fireworks.ai/inference/v1/chat/completions "HTTP/1.1 200 OK"
2026-09-05 15:15:07,187 INFO httpx2: HTTP Request: POST https://api.fireworks.ai/inference/v1/chat/completions "HTTP/1.1 200 OK"
2026-09-05 15:15:07,189 INFO httpx2: HTTP Request: POST https://api.fireworks.ai/inference/v1/chat/completions "HTTP/1.1 200 OK"
2026-09-05 15:15:07,707 INFO httpx2: HTTP Request: POST https://api.fireworks.ai/inference/v1/chat/completions "HTTP/1.1 200 OK"
2026-09-05 15:15:08,801 INFO httpx2: HTTP Request: POST https://api.fireworks.ai/inference/v1/chat/completions "HTTP/1.1 200 OK"
2026-09-05 15:15:09,248 INFO httpx2: HTTP Request: POST https://api.fireworks.ai/inference/v1/chat/completions "HTTP/1.1 200 OK"
2026-09-05 15:15:09,376 INFO httpx2: HTTP Request: POST https://api.fireworks.ai/inference/v1/chat/completions "HTTP/1.1 200 OK"
2026-09-05 15:15:09,703 INFO httpx2: HTTP Request: POST https://api.fireworks.ai/inference/v1/chat/completions "HTTP/1.1 200 OK"
2026-09-05 15:15:09,981 INFO httpx2: HTTP Request: POST https://api.fireworks.ai/inference/v1/chat/completions "HTTP/1.1 200 OK"
2026-09-05 15:15:11,265 INFO httpx2: HTTP Request: POST https://api.fireworks.ai/inference/v1/chat/completions "HTTP/1.1 200 OK"
2026-09-05 15:15:13,344 INFO httpx2: HTTP Request: POST https://api.fireworks.ai/inference/v1/chat/completions "HTTP/1.1 200 OK"
2026-09-05 15:15:13,466 INFO httpx2: HTTP Request: POST https://api.fireworks.ai/inference/v1/chat/completions "HTTP/1.1 200 OK"
2026-09-05 15:15:13,743 INFO httpx2: HTTP Request: POST https://api.fireworks.ai/inference/v1/chat/completions "HTTP/1.1 200 OK"
2026-09-05 15:15:13,964 INFO httpx2: HTTP Request: POST https://api.fireworks.ai/inference/v1/chat/completions "HTTP/1.1 200 OK"
2026-09-05 15:15:14,119 INFO httpx2: HTTP Request: POST https://api.fireworks.ai/inference/v1/chat/completions "HTTP/1.1 200 OK"
2026-09-05 15:15:14,269 INFO httpx2: HTTP Request: POST https://api.fireworks.ai/inference/v1/chat/completions "HTTP/1.1 200 OK"
2026-09-05 15:15:19,501 INFO httpx2: HTTP Request: POST https://api.fireworks.ai/inference/v1/chat/completions "HTTP/1.1 200 OK"
2026-09-05 15:15:20,193 INFO httpx2: HTTP Request: POST https://api.fireworks.ai/inference/v1/chat/completions "HTTP/1.1 200 OK"
2026-09-05 15:15:20,196 INFO gen: 1275/2384 done, 1710s elapsed, $9.61 this run, 1 retries
2026-09-05 15:15:23,073 INFO httpx2: HTTP Request: POST https://api.fireworks.ai/inference/v1/chat/completions "HTTP/1.1 200 OK"
2026-09-05 15:15:24,642 INFO httpx2: HTTP Request: POST https://api.fireworks.ai/inference/v1/chat/completions "HTTP/1.1 200 OK"
2026-09-05 15:15:29,502 INFO httpx2: HTTP Request: POST https://api.fireworks.ai/inference/v1/chat/completions "HTTP/1.1 200 OK"
2026-09-05 15:15:29,515 INFO httpx2: HTTP Request: POST https://api.fireworks.ai/inference/v1/chat/completions "HTTP/1.1 200 OK"
2026-09-05 15:15:30,433 INFO httpx2: HTTP Request: POST https://api.fireworks.ai/inference/v1/chat/completions "HTTP/1.1 200 OK"
2026-09-05 15:15:31,460 INFO httpx2: HTTP Request: POST https://api.fireworks.ai/inference/v1/chat/completions "HTTP/1.1 200 OK"
2026-09-05 15:15:31,809 INFO httpx2: HTTP Request: POST https://api.fireworks.ai/inference/v1/chat/completions "HTTP/1.1 200 OK"
2026-09-05 15:15:32,127 INFO httpx2: HTTP Request: POST https://api.fireworks.ai/inference/v1/chat/completions "HTTP/1.1 200 OK"
2026-09-05 15:15:33,888 INFO httpx2: HTTP Request: POST https://api.fireworks.ai/inference/v1/chat/completions "HTTP/1.1 200 OK"
2026-09-05 15:15:34,735 INFO httpx2: HTTP Request: POST https://api.fireworks.ai/inference/v1/chat/completions "HTTP/1.1 200 OK"
2026-09-05 15:15:35,447 INFO httpx2: HTTP Request: POST https://api.fireworks.ai/inference/v1/chat/completions "HTTP/1.1 200 OK"
2026-09-05 15:15:36,131 INFO httpx2: HTTP Request: POST https://api.fireworks.ai/inference/v1/chat/completions "HTTP/1.1 200 OK"
2026-09-05 15:15:36,213 INFO httpx2: HTTP Request: POST https://api.fireworks.ai/inference/v1/chat/completions "HTTP/1.1 200 OK"
2026-09-05 15:15:36,576 INFO httpx2: HTTP Request: POST https://api.fireworks.ai/inference/v1/chat/completions "HTTP/1.1 200 OK"
2026-09-05 15:15:38,822 INFO httpx2: HTTP Request: POST https://api.fireworks.ai/inference/v1/chat/completions "HTTP/1.1 200 OK"
2026-09-05 15:15:41,288 INFO httpx2: HTTP Request: POST https://api.fireworks.ai/inference/v1/chat/completions "HTTP/1.1 200 OK"
2026-09-05 15:15:41,581 INFO httpx2: HTTP Request: POST https://api.fireworks.ai/inference/v1/chat/completions "HTTP/1.1 200 OK"
2026-09-05 15:15:41,729 INFO httpx2: HTTP Request: POST https://api.fireworks.ai/inference/v1/chat/completions "HTTP/1.1 200 OK"
2026-09-05 15:15:41,990 INFO httpx2: HTTP Request: POST https://api.fireworks.ai/inference/v1/chat/completions "HTTP/1.1 200 OK"
2026-09-05 15:15:43,865 INFO httpx2: HTTP Request: POST https://api.fireworks.ai/inference/v1/chat/completions "HTTP/1.1 200 OK"
2026-09-05 15:15:44,495 INFO httpx2: HTTP Request: POST https://api.fireworks.ai/inference/v1/chat/completions "HTTP/1.1 200 OK"
2026-09-05 15:15:48,832 INFO httpx2: HTTP Request: POST https://api.fireworks.ai/inference/v1/chat/completions "HTTP/1.1 200 OK"
2026-09-05 15:15:48,833 INFO httpx2: HTTP Request: POST https://api.fireworks.ai/inference/v1/chat/completions "HTTP/1.1 200 OK"
2026-09-05 15:15:49,419 INFO httpx2: HTTP Request: POST https://api.fireworks.ai/inference/v1/chat/completions "HTTP/1.1 200 OK"
2026-09-05 15:15:52,724 INFO httpx2: HTTP Request: POST https://api.fireworks.ai/inference/v1/chat/completions "HTTP/1.1 200 OK"
2026-09-05 15:15:52,726 INFO gen: 1300/2384 done, 1742s elapsed, $9.77 this run, 1 retries
2026-09-05 15:15:53,725 INFO httpx2: HTTP Request: POST https://api.fireworks.ai/inference/v1/chat/completions "HTTP/1.1 200 OK"
2026-09-05 15:15:54,149 INFO httpx2: HTTP Request: POST https://api.fireworks.ai/inference/v1/chat/completions "HTTP/1.1 200 OK"
2026-09-05 15:15:56,183 INFO httpx2: HTTP Request: POST https://api.fireworks.ai/inference/v1/chat/completions "HTTP/1.1 200 OK"
2026-09-05 15:15:56,822 INFO httpx2: HTTP Request: POST https://api.fireworks.ai/inference/v1/chat/completions "HTTP/1.1 200 OK"
2026-09-05 15:15:59,019 INFO httpx2: HTTP Request: POST https://api.fireworks.ai/inference/v1/chat/completions "HTTP/1.1 200 OK"
2026-09-05 15:16:00,161 INFO httpx2: HTTP Request: POST https://api.fireworks.ai/inference/v1/chat/completions "HTTP/1.1 200 OK"
2026-09-05 15:16:00,846 INFO httpx2: HTTP Request: POST https://api.fireworks.ai/inference/v1/chat/completions "HTTP/1.1 200 OK"
2026-09-05 15:16:03,335 INFO httpx2: HTTP Request: POST https://api.fireworks.ai/inference/v1/chat/completions "HTTP/1.1 200 OK"
2026-09-05 15:16:03,918 INFO httpx2: HTTP Request: POST https://api.fireworks.ai/inference/v1/chat/completions "HTTP/1.1 200 OK"
2026-09-05 15:16:09,269 INFO httpx2: HTTP Request: POST https://api.fireworks.ai/inference/v1/chat/completions "HTTP/1.1 200 OK"
2026-09-05 15:16:10,183 INFO httpx2: HTTP Request: POST https://api.fireworks.ai/inference/v1/chat/completions "HTTP/1.1 200 OK"
2026-09-05 15:16:10,780 INFO httpx2: HTTP Request: POST https://api.fireworks.ai/inference/v1/chat/completions "HTTP/1.1 200 OK"
2026-09-05 15:16:11,290 INFO httpx2: HTTP Request: POST https://api.fireworks.ai/inference/v1/chat/completions "HTTP/1.1 200 OK"
2026-09-05 15:16:11,701 INFO httpx2: HTTP Request: POST https://api.fireworks.ai/inference/v1/chat/completions "HTTP/1.1 200 OK"
2026-09-05 15:16:12,051 INFO httpx2: HTTP Request: POST https://api.fireworks.ai/inference/v1/chat/completions "HTTP/1.1 200 OK"
2026-09-05 15:16:13,949 INFO httpx2: HTTP Request: POST https://api.fireworks.ai/inference/v1/chat/completions "HTTP/1.1 200 OK"
2026-09-05 15:16:14,729 INFO httpx2: HTTP Request: POST https://api.fireworks.ai/inference/v1/chat/completions "HTTP/1.1 200 OK"
2026-09-05 15:16:15,370 INFO httpx2: HTTP Request: POST https://api.fireworks.ai/inference/v1/chat/completions "HTTP/1.1 200 OK"
2026-09-05 15:16:16,789 INFO httpx2: HTTP Request: POST https://api.fireworks.ai/inference/v1/chat/completions "HTTP/1.1 200 OK"
2026-09-05 15:16:20,072 INFO httpx2: HTTP Request: POST https://api.fireworks.ai/inference/v1/chat/completions "HTTP/1.1 200 OK"
2026-09-05 15:16:21,350 INFO httpx2: HTTP Request: POST https://api.fireworks.ai/inference/v1/chat/completions "HTTP/1.1 200 OK"
2026-09-05 15:16:22,248 INFO httpx2: HTTP Request: POST https://api.fireworks.ai/inference/v1/chat/completions "HTTP/1.1 200 OK"
2026-09-05 15:16:24,834 INFO httpx2: HTTP Request: POST https://api.fireworks.ai/inference/v1/chat/completions "HTTP/1.1 200 OK"
2026-09-05 15:16:25,998 INFO httpx2: HTTP Request: POST https://api.fireworks.ai/inference/v1/chat/completions "HTTP/1.1 200 OK"
2026-09-05 15:16:26,725 INFO httpx2: HTTP Request: POST https://api.fireworks.ai/inference/v1/chat/completions "HTTP/1.1 200 OK"
2026-09-05 15:16:26,728 INFO gen: 1325/2384 done, 1776s elapsed, $9.99 this run, 1 retries
2026-09-05 15:16:27,070 INFO httpx2: HTTP Request: POST https://api.fireworks.ai/inference/v1/chat/completions "HTTP/1.1 200 OK"
2026-09-05 15:16:32,897 INFO httpx2: HTTP Request: POST https://api.fireworks.ai/inference/v1/chat/completions "HTTP/1.1 200 OK"
2026-09-05 15:16:33,208 INFO httpx2: HTTP Request: POST https://api.fireworks.ai/inference/v1/chat/completions "HTTP/1.1 200 OK"
2026-09-05 15:16:35,035 INFO httpx2: HTTP Request: POST https://api.fireworks.ai/inference/v1/chat/completions "HTTP/1.1 200 OK"
2026-09-05 15:16:37,301 INFO httpx2: HTTP Request: POST https://api.fireworks.ai/inference/v1/chat/completions "HTTP/1.1 200 OK"
2026-09-05 15:16:37,308 INFO httpx2: HTTP Request: POST https://api.fireworks.ai/inference/v1/chat/completions "HTTP/1.1 200 OK"
2026-09-05 15:16:37,316 INFO httpx2: HTTP Request: POST https://api.fireworks.ai/inference/v1/chat/completions "HTTP/1.1 200 OK"
2026-09-05 15:16:37,451 INFO httpx2: HTTP Request: POST https://api.fireworks.ai/inference/v1/chat/completions "HTTP/1.1 200 OK"
2026-09-05 15:16:39,809 INFO httpx2: HTTP Request: POST https://api.fireworks.ai/inference/v1/chat/completions "HTTP/1.1 200 OK"
2026-09-05 15:16:40,103 INFO httpx2: HTTP Request: POST https://api.fireworks.ai/inference/v1/chat/completions "HTTP/1.1 200 OK"
2026-09-05 15:16:41,308 INFO httpx2: HTTP Request: POST https://api.fireworks.ai/inference/v1/chat/completions "HTTP/1.1 200 OK"
2026-09-05 15:16:42,750 INFO httpx2: HTTP Request: POST https://api.fireworks.ai/inference/v1/chat/completions "HTTP/1.1 200 OK"
2026-09-05 15:16:47,070 INFO httpx2: HTTP Request: POST https://api.fireworks.ai/inference/v1/chat/completions "HTTP/1.1 200 OK"
2026-09-05 15:16:47,375 INFO httpx2: HTTP Request: POST https://api.fireworks.ai/inference/v1/chat/completions "HTTP/1.1 200 OK"
2026-09-05 15:16:47,568 INFO httpx2: HTTP Request: POST https://api.fireworks.ai/inference/v1/chat/completions "HTTP/1.1 200 OK"
2026-09-05 15:16:49,577 INFO httpx2: HTTP Request: POST https://api.fireworks.ai/inference/v1/chat/completions "HTTP/1.1 200 OK"
2026-09-05 15:16:49,838 INFO httpx2: HTTP Request: POST https://api.fireworks.ai/inference/v1/chat/completions "HTTP/1.1 200 OK"
2026-09-05 15:16:50,275 INFO httpx2: HTTP Request: POST https://api.fireworks.ai/inference/v1/chat/completions "HTTP/1.1 200 OK"
2026-09-05 15:16:52,402 INFO httpx2: HTTP Request: POST https://api.fireworks.ai/inference/v1/chat/completions "HTTP/1.1 200 OK"
2026-09-05 15:16:52,866 INFO httpx2: HTTP Request: POST https://api.fireworks.ai/inference/v1/chat/completions "HTTP/1.1 200 OK"
2026-09-05 15:16:52,872 INFO httpx2: HTTP Request: POST https://api.fireworks.ai/inference/v1/chat/completions "HTTP/1.1 200 OK"
2026-09-05 15:16:53,585 INFO httpx2: HTTP Request: POST https://api.fireworks.ai/inference/v1/chat/completions "HTTP/1.1 200 OK"
2026-09-05 15:16:53,682 INFO httpx2: HTTP Request: POST https://api.fireworks.ai/inference/v1/chat/completions "HTTP/1.1 200 OK"
2026-09-05 15:16:57,148 INFO httpx2: HTTP Request: POST https://api.fireworks.ai/inference/v1/chat/completions "HTTP/1.1 200 OK"
2026-09-05 15:16:57,193 INFO httpx2: HTTP Request: POST https://api.fireworks.ai/inference/v1/chat/completions "HTTP/1.1 200 OK"
2026-09-05 15:16:57,195 INFO gen: 1350/2384 done, 1807s elapsed, $10.20 this run, 1 retries
2026-09-05 15:16:59,871 INFO httpx2: HTTP Request: POST https://api.fireworks.ai/inference/v1/chat/completions "HTTP/1.1 200 OK"
2026-09-05 15:17:04,184 INFO httpx2: HTTP Request: POST https://api.fireworks.ai/inference/v1/chat/completions "HTTP/1.1 200 OK"
2026-09-05 15:17:06,674 INFO httpx2: HTTP Request: POST https://api.fireworks.ai/inference/v1/chat/completions "HTTP/1.1 200 OK"
2026-09-05 15:17:07,109 INFO httpx2: HTTP Request: POST https://api.fireworks.ai/inference/v1/chat/completions "HTTP/1.1 200 OK"
2026-09-05 15:17:08,798 INFO httpx2: HTTP Request: POST https://api.fireworks.ai/inference/v1/chat/completions "HTTP/1.1 200 OK"
2026-09-05 15:17:09,107 INFO httpx2: HTTP Request: POST https://api.fireworks.ai/inference/v1/chat/completions "HTTP/1.1 200 OK"
2026-09-05 15:17:11,342 INFO httpx2: HTTP Request: POST https://api.fireworks.ai/inference/v1/chat/completions "HTTP/1.1 200 OK"
2026-09-05 15:17:12,264 INFO httpx2: HTTP Request: POST https://api.fireworks.ai/inference/v1/chat/completions "HTTP/1.1 200 OK"
2026-09-05 15:17:12,671 INFO httpx2: HTTP Request: POST https://api.fireworks.ai/inference/v1/chat/completions "HTTP/1.1 200 OK"
2026-09-05 15:17:14,982 INFO httpx2: HTTP Request: POST https://api.fireworks.ai/inference/v1/chat/completions "HTTP/1.1 200 OK"
2026-09-05 15:17:15,630 INFO httpx2: HTTP Request: POST https://api.fireworks.ai/inference/v1/chat/completions "HTTP/1.1 200 OK"
2026-09-05 15:17:15,864 INFO httpx2: HTTP Request: POST https://api.fireworks.ai/inference/v1/chat/completions "HTTP/1.1 200 OK"
2026-09-05 15:17:16,190 INFO httpx2: HTTP Request: POST https://api.fireworks.ai/inference/v1/chat/completions "HTTP/1.1 200 OK"
2026-09-05 15:17:16,610 INFO httpx2: HTTP Request: POST https://api.fireworks.ai/inference/v1/chat/completions "HTTP/1.1 200 OK"
2026-09-05 15:17:16,808 INFO httpx2: HTTP Request: POST https://api.fireworks.ai/inference/v1/chat/completions "HTTP/1.1 200 OK"
2026-09-05 15:17:17,600 INFO httpx2: HTTP Request: POST https://api.fireworks.ai/inference/v1/chat/completions "HTTP/1.1 200 OK"
2026-09-05 15:17:18,279 INFO httpx2: HTTP Request: POST https://api.fireworks.ai/inference/v1/chat/completions "HTTP/1.1 200 OK"
2026-09-05 15:17:19,809 INFO httpx2: HTTP Request: POST https://api.fireworks.ai/inference/v1/chat/completions "HTTP/1.1 200 OK"
2026-09-05 15:17:19,980 INFO httpx2: HTTP Request: POST https://api.fireworks.ai/inference/v1/chat/completions "HTTP/1.1 200 OK"
2026-09-05 15:17:23,483 INFO httpx2: HTTP Request: POST https://api.fireworks.ai/inference/v1/chat/completions "HTTP/1.1 200 OK"
2026-09-05 15:17:25,210 INFO httpx2: HTTP Request: POST https://api.fireworks.ai/inference/v1/chat/completions "HTTP/1.1 200 OK"
2026-09-05 15:17:25,790 INFO httpx2: HTTP Request: POST https://api.fireworks.ai/inference/v1/chat/completions "HTTP/1.1 200 OK"
2026-09-05 15:17:26,167 INFO httpx2: HTTP Request: POST https://api.fireworks.ai/inference/v1/chat/completions "HTTP/1.1 200 OK"
2026-09-05 15:17:27,685 INFO httpx2: HTTP Request: POST https://api.fireworks.ai/inference/v1/chat/completions "HTTP/1.1 200 OK"
2026-09-05 15:17:27,787 INFO httpx2: HTTP Request: POST https://api.fireworks.ai/inference/v1/chat/completions "HTTP/1.1 200 OK"
2026-09-05 15:17:27,789 INFO gen: 1375/2384 done, 1837s elapsed, $10.40 this run, 1 retries
2026-09-05 15:17:29,352 INFO httpx2: HTTP Request: POST https://api.fireworks.ai/inference/v1/chat/completions "HTTP/1.1 200 OK"
2026-09-05 15:17:31,452 INFO httpx2: HTTP Request: POST https://api.fireworks.ai/inference/v1/chat/completions "HTTP/1.1 200 OK"
2026-09-05 15:17:32,178 INFO httpx2: HTTP Request: POST https://api.fireworks.ai/inference/v1/chat/completions "HTTP/1.1 200 OK"
2026-09-05 15:17:33,380 INFO httpx2: HTTP Request: POST https://api.fireworks.ai/inference/v1/chat/completions "HTTP/1.1 200 OK"
2026-09-05 15:17:34,213 INFO httpx2: HTTP Request: POST https://api.fireworks.ai/inference/v1/chat/completions "HTTP/1.1 200 OK"
2026-09-05 15:17:34,282 INFO httpx2: HTTP Request: POST https://api.fireworks.ai/inference/v1/chat/completions "HTTP/1.1 200 OK"
2026-09-05 15:17:36,041 INFO httpx2: HTTP Request: POST https://api.fireworks.ai/inference/v1/chat/completions "HTTP/1.1 200 OK"
2026-09-05 15:17:38,078 INFO httpx2: HTTP Request: POST https://api.fireworks.ai/inference/v1/chat/completions "HTTP/1.1 200 OK"
2026-09-05 15:17:38,804 INFO httpx2: HTTP Request: POST https://api.fireworks.ai/inference/v1/chat/completions "HTTP/1.1 200 OK"
2026-09-05 15:17:38,854 INFO httpx2: HTTP Request: POST https://api.fireworks.ai/inference/v1/chat/completions "HTTP/1.1 200 OK"
2026-09-05 15:17:39,082 INFO httpx2: HTTP Request: POST https://api.fireworks.ai/inference/v1/chat/completions "HTTP/1.1 200 OK"
2026-09-05 15:17:39,653 INFO httpx2: HTTP Request: POST https://api.fireworks.ai/inference/v1/chat/completions "HTTP/1.1 200 OK"
2026-09-05 15:17:42,948 INFO httpx2: HTTP Request: POST https://api.fireworks.ai/inference/v1/chat/completions "HTTP/1.1 200 OK"
2026-09-05 15:17:43,681 INFO httpx2: HTTP Request: POST https://api.fireworks.ai/inference/v1/chat/completions "HTTP/1.1 200 OK"
2026-09-05 15:17:45,442 INFO httpx2: HTTP Request: POST https://api.fireworks.ai/inference/v1/chat/completions "HTTP/1.1 200 OK"
2026-09-05 15:17:45,646 INFO httpx2: HTTP Request: POST https://api.fireworks.ai/inference/v1/chat/completions "HTTP/1.1 200 OK"
2026-09-05 15:17:45,979 INFO httpx2: HTTP Request: POST https://api.fireworks.ai/inference/v1/chat/completions "HTTP/1.1 200 OK"
2026-09-05 15:17:50,154 INFO httpx2: HTTP Request: POST https://api.fireworks.ai/inference/v1/chat/completions "HTTP/1.1 200 OK"
2026-09-05 15:17:50,742 INFO httpx2: HTTP Request: POST https://api.fireworks.ai/inference/v1/chat/completions "HTTP/1.1 200 OK"
2026-09-05 15:17:52,328 INFO httpx2: HTTP Request: POST https://api.fireworks.ai/inference/v1/chat/completions "HTTP/1.1 200 OK"
2026-09-05 15:17:52,740 INFO httpx2: HTTP Request: POST https://api.fireworks.ai/inference/v1/chat/completions "HTTP/1.1 200 OK"
2026-09-05 15:17:56,354 INFO httpx2: HTTP Request: POST https://api.fireworks.ai/inference/v1/chat/completions "HTTP/1.1 200 OK"
2026-09-05 15:17:56,910 INFO httpx2: HTTP Request: POST https://api.fireworks.ai/inference/v1/chat/completions "HTTP/1.1 200 OK"
2026-09-05 15:17:57,898 INFO httpx2: HTTP Request: POST https://api.fireworks.ai/inference/v1/chat/completions "HTTP/1.1 200 OK"
2026-09-05 15:18:01,256 INFO httpx2: HTTP Request: POST https://api.fireworks.ai/inference/v1/chat/completions "HTTP/1.1 200 OK"
2026-09-05 15:18:01,259 INFO gen: 1400/2384 done, 1871s elapsed, $10.55 this run, 1 retries
2026-09-05 15:18:01,330 INFO httpx2: HTTP Request: POST https://api.fireworks.ai/inference/v1/chat/completions "HTTP/1.1 200 OK"
2026-09-05 15:18:02,029 INFO httpx2: HTTP Request: POST https://api.fireworks.ai/inference/v1/chat/completions "HTTP/1.1 200 OK"
2026-09-05 15:18:03,214 INFO httpx2: HTTP Request: POST https://api.fireworks.ai/inference/v1/chat/completions "HTTP/1.1 200 OK"
2026-09-05 15:18:03,624 INFO httpx2: HTTP Request: POST https://api.fireworks.ai/inference/v1/chat/completions "HTTP/1.1 200 OK"
2026-09-05 15:18:03,964 INFO httpx2: HTTP Request: POST https://api.fireworks.ai/inference/v1/chat/completions "HTTP/1.1 200 OK"
2026-09-05 15:18:04,936 INFO httpx2: HTTP Request: POST https://api.fireworks.ai/inference/v1/chat/completions "HTTP/1.1 200 OK"
2026-09-05 15:18:05,176 INFO httpx2: HTTP Request: POST https://api.fireworks.ai/inference/v1/chat/completions "HTTP/1.1 200 OK"
2026-09-05 15:18:07,035 INFO httpx2: HTTP Request: POST https://api.fireworks.ai/inference/v1/chat/completions "HTTP/1.1 200 OK"
2026-09-05 15:18:07,146 INFO httpx2: HTTP Request: POST https://api.fireworks.ai/inference/v1/chat/completions "HTTP/1.1 200 OK"
2026-09-05 15:18:08,489 INFO httpx2: HTTP Request: POST https://api.fireworks.ai/inference/v1/chat/completions "HTTP/1.1 200 OK"
2026-09-05 15:18:09,399 INFO httpx2: HTTP Request: POST https://api.fireworks.ai/inference/v1/chat/completions "HTTP/1.1 200 OK"
2026-09-05 15:18:09,788 INFO httpx2: HTTP Request: POST https://api.fireworks.ai/inference/v1/chat/completions "HTTP/1.1 200 OK"
2026-09-05 15:18:11,117 INFO httpx2: HTTP Request: POST https://api.fireworks.ai/inference/v1/chat/completions "HTTP/1.1 200 OK"
2026-09-05 15:18:13,176 INFO httpx2: HTTP Request: POST https://api.fireworks.ai/inference/v1/chat/completions "HTTP/1.1 200 OK"
2026-09-05 15:18:13,301 INFO httpx2: HTTP Request: POST https://api.fireworks.ai/inference/v1/chat/completions "HTTP/1.1 200 OK"
2026-09-05 15:18:15,436 INFO httpx2: HTTP Request: POST https://api.fireworks.ai/inference/v1/chat/completions "HTTP/1.1 200 OK"
2026-09-05 15:18:15,754 INFO httpx2: HTTP Request: POST https://api.fireworks.ai/inference/v1/chat/completions "HTTP/1.1 200 OK"
2026-09-05 15:18:16,493 INFO httpx2: HTTP Request: POST https://api.fireworks.ai/inference/v1/chat/completions "HTTP/1.1 200 OK"
2026-09-05 15:18:19,531 INFO httpx2: HTTP Request: POST https://api.fireworks.ai/inference/v1/chat/completions "HTTP/1.1 200 OK"
2026-09-05 15:18:22,560 INFO httpx2: HTTP Request: POST https://api.fireworks.ai/inference/v1/chat/completions "HTTP/1.1 200 OK"
2026-09-05 15:18:22,975 INFO httpx2: HTTP Request: POST https://api.fireworks.ai/inference/v1/chat/completions "HTTP/1.1 200 OK"
2026-09-05 15:18:23,787 INFO httpx2: HTTP Request: POST https://api.fireworks.ai/inference/v1/chat/completions "HTTP/1.1 200 OK"
2026-09-05 15:18:24,113 INFO httpx2: HTTP Request: POST https://api.fireworks.ai/inference/v1/chat/completions "HTTP/1.1 200 OK"
2026-09-05 15:18:26,420 INFO httpx2: HTTP Request: POST https://api.fireworks.ai/inference/v1/chat/completions "HTTP/1.1 200 OK"
2026-09-05 15:18:26,824 INFO httpx2: HTTP Request: POST https://api.fireworks.ai/inference/v1/chat/completions "HTTP/1.1 200 OK"
2026-09-05 15:18:26,826 INFO gen: 1425/2384 done, 1896s elapsed, $10.76 this run, 1 retries
2026-09-05 15:18:27,191 INFO httpx2: HTTP Request: POST https://api.fireworks.ai/inference/v1/chat/completions "HTTP/1.1 200 OK"
2026-09-05 15:18:27,470 INFO httpx2: HTTP Request: POST https://api.fireworks.ai/inference/v1/chat/completions "HTTP/1.1 200 OK"
2026-09-05 15:18:28,305 INFO httpx2: HTTP Request: POST https://api.fireworks.ai/inference/v1/chat/completions "HTTP/1.1 200 OK"
2026-09-05 15:18:29,878 INFO httpx2: HTTP Request: POST https://api.fireworks.ai/inference/v1/chat/completions "HTTP/1.1 200 OK"
2026-09-05 15:18:30,482 INFO httpx2: HTTP Request: POST https://api.fireworks.ai/inference/v1/chat/completions "HTTP/1.1 200 OK"
2026-09-05 15:18:31,462 INFO httpx2: HTTP Request: POST https://api.fireworks.ai/inference/v1/chat/completions "HTTP/1.1 200 OK"
2026-09-05 15:18:31,793 INFO httpx2: HTTP Request: POST https://api.fireworks.ai/inference/v1/chat/completions "HTTP/1.1 200 OK"
2026-09-05 15:18:32,362 INFO httpx2: HTTP Request: POST https://api.fireworks.ai/inference/v1/chat/completions "HTTP/1.1 200 OK"
2026-09-05 15:18:32,794 INFO httpx2: HTTP Request: POST https://api.fireworks.ai/inference/v1/chat/completions "HTTP/1.1 200 OK"
2026-09-05 15:18:33,596 INFO httpx2: HTTP Request: POST https://api.fireworks.ai/inference/v1/chat/completions "HTTP/1.1 200 OK"
2026-09-05 15:18:34,967 INFO httpx2: HTTP Request: POST https://api.fireworks.ai/inference/v1/chat/completions "HTTP/1.1 200 OK"
2026-09-05 15:18:37,773 INFO httpx2: HTTP Request: POST https://api.fireworks.ai/inference/v1/chat/completions "HTTP/1.1 200 OK"
2026-09-05 15:18:39,064 INFO httpx2: HTTP Request: POST https://api.fireworks.ai/inference/v1/chat/completions "HTTP/1.1 200 OK"
2026-09-05 15:18:40,912 INFO httpx2: HTTP Request: POST https://api.fireworks.ai/inference/v1/chat/completions "HTTP/1.1 200 OK"
2026-09-05 15:18:41,386 INFO httpx2: HTTP Request: POST https://api.fireworks.ai/inference/v1/chat/completions "HTTP/1.1 200 OK"
2026-09-05 15:18:41,838 INFO httpx2: HTTP Request: POST https://api.fireworks.ai/inference/v1/chat/completions "HTTP/1.1 200 OK"
2026-09-05 15:18:42,694 INFO httpx2: HTTP Request: POST https://api.fireworks.ai/inference/v1/chat/completions "HTTP/1.1 200 OK"
2026-09-05 15:18:44,058 INFO httpx2: HTTP Request: POST https://api.fireworks.ai/inference/v1/chat/completions "HTTP/1.1 200 OK"
2026-09-05 15:18:44,655 INFO httpx2: HTTP Request: POST https://api.fireworks.ai/inference/v1/chat/completions "HTTP/1.1 200 OK"
2026-09-05 15:18:45,764 INFO httpx2: HTTP Request: POST https://api.fireworks.ai/inference/v1/chat/completions "HTTP/1.1 200 OK"
2026-09-05 15:18:46,852 INFO httpx2: HTTP Request: POST https://api.fireworks.ai/inference/v1/chat/completions "HTTP/1.1 200 OK"
2026-09-05 15:18:48,474 INFO httpx2: HTTP Request: POST https://api.fireworks.ai/inference/v1/chat/completions "HTTP/1.1 200 OK"
2026-09-05 15:18:49,247 INFO httpx2: HTTP Request: POST https://api.fireworks.ai/inference/v1/chat/completions "HTTP/1.1 200 OK"
2026-09-05 15:18:52,435 INFO httpx2: HTTP Request: POST https://api.fireworks.ai/inference/v1/chat/completions "HTTP/1.1 200 OK"
2026-09-05 15:18:54,621 INFO httpx2: HTTP Request: POST https://api.fireworks.ai/inference/v1/chat/completions "HTTP/1.1 200 OK"
2026-09-05 15:18:54,623 INFO httpx2: HTTP Request: POST https://api.fireworks.ai/inference/v1/chat/completions "HTTP/1.1 200 OK"
2026-09-05 15:18:54,626 INFO gen: 1450/2384 done, 1924s elapsed, $10.92 this run, 1 retries
2026-09-05 15:18:57,302 INFO httpx2: HTTP Request: POST https://api.fireworks.ai/inference/v1/chat/completions "HTTP/1.1 200 OK"
2026-09-05 15:18:57,472 INFO httpx2: HTTP Request: POST https://api.fireworks.ai/inference/v1/chat/completions "HTTP/1.1 200 OK"
2026-09-05 15:18:57,854 INFO httpx2: HTTP Request: POST https://api.fireworks.ai/inference/v1/chat/completions "HTTP/1.1 200 OK"
2026-09-05 15:18:58,040 INFO httpx2: HTTP Request: POST https://api.fireworks.ai/inference/v1/chat/completions "HTTP/1.1 200 OK"
2026-09-05 15:19:00,354 INFO httpx2: HTTP Request: POST https://api.fireworks.ai/inference/v1/chat/completions "HTTP/1.1 200 OK"
2026-09-05 15:19:01,184 INFO httpx2: HTTP Request: POST https://api.fireworks.ai/inference/v1/chat/completions "HTTP/1.1 200 OK"
2026-09-05 15:19:01,303 INFO httpx2: HTTP Request: POST https://api.fireworks.ai/inference/v1/chat/completions "HTTP/1.1 200 OK"
2026-09-05 15:19:03,836 INFO httpx2: HTTP Request: POST https://api.fireworks.ai/inference/v1/chat/completions "HTTP/1.1 200 OK"
2026-09-05 15:19:04,963 INFO httpx2: HTTP Request: POST https://api.fireworks.ai/inference/v1/chat/completions "HTTP/1.1 200 OK"
2026-09-05 15:19:05,321 INFO httpx2: HTTP Request: POST https://api.fireworks.ai/inference/v1/chat/completions "HTTP/1.1 200 OK"
2026-09-05 15:19:06,338 INFO httpx2: HTTP Request: POST https://api.fireworks.ai/inference/v1/chat/completions "HTTP/1.1 200 OK"
2026-09-05 15:19:06,532 INFO httpx2: HTTP Request: POST https://api.fireworks.ai/inference/v1/chat/completions "HTTP/1.1 200 OK"
2026-09-05 15:19:06,688 INFO httpx2: HTTP Request: POST https://api.fireworks.ai/inference/v1/chat/completions "HTTP/1.1 200 OK"
2026-09-05 15:19:09,208 INFO httpx2: HTTP Request: POST https://api.fireworks.ai/inference/v1/chat/completions "HTTP/1.1 200 OK"
2026-09-05 15:19:09,804 INFO httpx2: HTTP Request: POST https://api.fireworks.ai/inference/v1/chat/completions "HTTP/1.1 200 OK"
2026-09-05 15:19:11,798 INFO httpx2: HTTP Request: POST https://api.fireworks.ai/inference/v1/chat/completions "HTTP/1.1 200 OK"
2026-09-05 15:19:12,642 INFO httpx2: HTTP Request: POST https://api.fireworks.ai/inference/v1/chat/completions "HTTP/1.1 200 OK"
2026-09-05 15:19:15,487 INFO httpx2: HTTP Request: POST https://api.fireworks.ai/inference/v1/chat/completions "HTTP/1.1 200 OK"
2026-09-05 15:19:15,969 INFO httpx2: HTTP Request: POST https://api.fireworks.ai/inference/v1/chat/completions "HTTP/1.1 200 OK"
2026-09-05 15:19:17,559 INFO httpx2: HTTP Request: POST https://api.fireworks.ai/inference/v1/chat/completions "HTTP/1.1 200 OK"
2026-09-05 15:19:19,105 INFO httpx2: HTTP Request: POST https://api.fireworks.ai/inference/v1/chat/completions "HTTP/1.1 200 OK"
2026-09-05 15:19:22,268 INFO httpx2: HTTP Request: POST https://api.fireworks.ai/inference/v1/chat/completions "HTTP/1.1 200 OK"
2026-09-05 15:19:25,007 INFO httpx2: HTTP Request: POST https://api.fireworks.ai/inference/v1/chat/completions "HTTP/1.1 200 OK"
2026-09-05 15:19:25,911 INFO httpx2: HTTP Request: POST https://api.fireworks.ai/inference/v1/chat/completions "HTTP/1.1 200 OK"
2026-09-05 15:19:25,913 INFO gen: 1475/2384 done, 1956s elapsed, $11.06 this run, 1 retries
2026-09-05 15:19:28,284 INFO httpx2: HTTP Request: POST https://api.fireworks.ai/inference/v1/chat/completions "HTTP/1.1 200 OK"
2026-09-05 15:19:29,132 INFO httpx2: HTTP Request: POST https://api.fireworks.ai/inference/v1/chat/completions "HTTP/1.1 200 OK"
2026-09-05 15:19:30,051 INFO httpx2: HTTP Request: POST https://api.fireworks.ai/inference/v1/chat/completions "HTTP/1.1 200 OK"
2026-09-05 15:19:33,619 INFO httpx2: HTTP Request: POST https://api.fireworks.ai/inference/v1/chat/completions "HTTP/1.1 200 OK"
2026-09-05 15:19:35,929 INFO httpx2: HTTP Request: POST https://api.fireworks.ai/inference/v1/chat/completions "HTTP/1.1 200 OK"
2026-09-05 15:19:36,306 INFO httpx2: HTTP Request: POST https://api.fireworks.ai/inference/v1/chat/completions "HTTP/1.1 200 OK"
2026-09-05 15:19:37,584 INFO httpx2: HTTP Request: POST https://api.fireworks.ai/inference/v1/chat/completions "HTTP/1.1 200 OK"
2026-09-05 15:19:38,140 INFO httpx2: HTTP Request: POST https://api.fireworks.ai/inference/v1/chat/completions "HTTP/1.1 200 OK"
2026-09-05 15:19:40,037 INFO httpx2: HTTP Request: POST https://api.fireworks.ai/inference/v1/chat/completions "HTTP/1.1 200 OK"
2026-09-05 15:19:40,234 INFO httpx2: HTTP Request: POST https://api.fireworks.ai/inference/v1/chat/completions "HTTP/1.1 200 OK"
2026-09-05 15:19:42,025 INFO httpx2: HTTP Request: POST https://api.fireworks.ai/inference/v1/chat/completions "HTTP/1.1 200 OK"
2026-09-05 15:19:42,193 INFO httpx2: HTTP Request: POST https://api.fireworks.ai/inference/v1/chat/completions "HTTP/1.1 200 OK"
2026-09-05 15:19:42,496 INFO httpx2: HTTP Request: POST https://api.fireworks.ai/inference/v1/chat/completions "HTTP/1.1 200 OK"
2026-09-05 15:19:43,031 INFO httpx2: HTTP Request: POST https://api.fireworks.ai/inference/v1/chat/completions "HTTP/1.1 200 OK"
2026-09-05 15:19:43,905 INFO httpx2: HTTP Request: POST https://api.fireworks.ai/inference/v1/chat/completions "HTTP/1.1 200 OK"
2026-09-05 15:19:46,160 INFO httpx2: HTTP Request: POST https://api.fireworks.ai/inference/v1/chat/completions "HTTP/1.1 200 OK"
2026-09-05 15:19:46,419 INFO httpx2: HTTP Request: POST https://api.fireworks.ai/inference/v1/chat/completions "HTTP/1.1 200 OK"
2026-09-05 15:19:47,032 INFO httpx2: HTTP Request: POST https://api.fireworks.ai/inference/v1/chat/completions "HTTP/1.1 200 OK"
2026-09-05 15:19:47,106 INFO httpx2: HTTP Request: POST https://api.fireworks.ai/inference/v1/chat/completions "HTTP/1.1 200 OK"
2026-09-05 15:19:49,909 INFO httpx2: HTTP Request: POST https://api.fireworks.ai/inference/v1/chat/completions "HTTP/1.1 200 OK"
2026-09-05 15:19:50,346 INFO httpx2: HTTP Request: POST https://api.fireworks.ai/inference/v1/chat/completions "HTTP/1.1 200 OK"
2026-09-05 15:19:51,218 INFO httpx2: HTTP Request: POST https://api.fireworks.ai/inference/v1/chat/completions "HTTP/1.1 200 OK"
2026-09-05 15:19:51,430 INFO httpx2: HTTP Request: POST https://api.fireworks.ai/inference/v1/chat/completions "HTTP/1.1 200 OK"
2026-09-05 15:19:51,484 INFO httpx2: HTTP Request: POST https://api.fireworks.ai/inference/v1/chat/completions "HTTP/1.1 200 OK"
2026-09-05 15:19:51,646 INFO httpx2: HTTP Request: POST https://api.fireworks.ai/inference/v1/chat/completions "HTTP/1.1 200 OK"
2026-09-05 15:19:51,648 INFO gen: 1500/2384 done, 1981s elapsed, $11.23 this run, 1 retries
2026-09-05 15:19:53,178 INFO httpx2: HTTP Request: POST https://api.fireworks.ai/inference/v1/chat/completions "HTTP/1.1 200 OK"
2026-09-05 15:19:54,474 INFO httpx2: HTTP Request: POST https://api.fireworks.ai/inference/v1/chat/completions "HTTP/1.1 200 OK"
2026-09-05 15:19:58,186 INFO httpx2: HTTP Request: POST https://api.fireworks.ai/inference/v1/chat/completions "HTTP/1.1 200 OK"
2026-09-05 15:20:00,358 INFO httpx2: HTTP Request: POST https://api.fireworks.ai/inference/v1/chat/completions "HTTP/1.1 200 OK"
2026-09-05 15:20:05,784 INFO httpx2: HTTP Request: POST https://api.fireworks.ai/inference/v1/chat/completions "HTTP/1.1 200 OK"
2026-09-05 15:20:08,082 INFO httpx2: HTTP Request: POST https://api.fireworks.ai/inference/v1/chat/completions "HTTP/1.1 200 OK"
2026-09-05 15:20:08,647 INFO httpx2: HTTP Request: POST https://api.fireworks.ai/inference/v1/chat/completions "HTTP/1.1 200 OK"
2026-09-05 15:20:09,346 INFO httpx2: HTTP Request: POST https://api.fireworks.ai/inference/v1/chat/completions "HTTP/1.1 200 OK"
2026-09-05 15:20:10,989 INFO httpx2: HTTP Request: POST https://api.fireworks.ai/inference/v1/chat/completions "HTTP/1.1 200 OK"
2026-09-05 15:20:11,433 INFO httpx2: HTTP Request: POST https://api.fireworks.ai/inference/v1/chat/completions "HTTP/1.1 200 OK"
2026-09-05 15:20:14,768 INFO httpx2: HTTP Request: POST https://api.fireworks.ai/inference/v1/chat/completions "HTTP/1.1 200 OK"
2026-09-05 15:20:15,268 INFO httpx2: HTTP Request: POST https://api.fireworks.ai/inference/v1/chat/completions "HTTP/1.1 200 OK"
2026-09-05 15:20:15,763 INFO httpx2: HTTP Request: POST https://api.fireworks.ai/inference/v1/chat/completions "HTTP/1.1 200 OK"
2026-09-05 15:20:16,053 INFO httpx2: HTTP Request: POST https://api.fireworks.ai/inference/v1/chat/completions "HTTP/1.1 200 OK"
2026-09-05 15:20:16,878 INFO httpx2: HTTP Request: POST https://api.fireworks.ai/inference/v1/chat/completions "HTTP/1.1 200 OK"
2026-09-05 15:20:17,565 INFO httpx2: HTTP Request: POST https://api.fireworks.ai/inference/v1/chat/completions "HTTP/1.1 200 OK"
2026-09-05 15:20:19,712 INFO httpx2: HTTP Request: POST https://api.fireworks.ai/inference/v1/chat/completions "HTTP/1.1 200 OK"
2026-09-05 15:20:20,473 INFO httpx2: HTTP Request: POST https://api.fireworks.ai/inference/v1/chat/completions "HTTP/1.1 200 OK"
2026-09-05 15:20:21,631 INFO httpx2: HTTP Request: POST https://api.fireworks.ai/inference/v1/chat/completions "HTTP/1.1 200 OK"
2026-09-05 15:20:22,156 INFO httpx2: HTTP Request: POST https://api.fireworks.ai/inference/v1/chat/completions "HTTP/1.1 200 OK"
2026-09-05 15:20:24,076 INFO httpx2: HTTP Request: POST https://api.fireworks.ai/inference/v1/chat/completions "HTTP/1.1 200 OK"
2026-09-05 15:20:24,914 INFO httpx2: HTTP Request: POST https://api.fireworks.ai/inference/v1/chat/completions "HTTP/1.1 200 OK"
2026-09-05 15:20:29,315 INFO httpx2: HTTP Request: POST https://api.fireworks.ai/inference/v1/chat/completions "HTTP/1.1 200 OK"
2026-09-05 15:20:30,786 INFO httpx2: HTTP Request: POST https://api.fireworks.ai/inference/v1/chat/completions "HTTP/1.1 200 OK"
2026-09-05 15:20:32,521 INFO httpx2: HTTP Request: POST https://api.fireworks.ai/inference/v1/chat/completions "HTTP/1.1 200 OK"
2026-09-05 15:20:32,530 INFO gen: 1525/2384 done, 2022s elapsed, $11.49 this run, 1 retries
2026-09-05 15:20:34,120 INFO httpx2: HTTP Request: POST https://api.fireworks.ai/inference/v1/chat/completions "HTTP/1.1 200 OK"
2026-09-05 15:20:34,675 INFO httpx2: HTTP Request: POST https://api.fireworks.ai/inference/v1/chat/completions "HTTP/1.1 200 OK"
2026-09-05 15:20:35,076 INFO httpx2: HTTP Request: POST https://api.fireworks.ai/inference/v1/chat/completions "HTTP/1.1 200 OK"
2026-09-05 15:20:35,297 INFO httpx2: HTTP Request: POST https://api.fireworks.ai/inference/v1/chat/completions "HTTP/1.1 200 OK"
2026-09-05 15:20:36,237 INFO httpx2: HTTP Request: POST https://api.fireworks.ai/inference/v1/chat/completions "HTTP/1.1 200 OK"
2026-09-05 15:20:38,022 INFO httpx2: HTTP Request: POST https://api.fireworks.ai/inference/v1/chat/completions "HTTP/1.1 200 OK"
2026-09-05 15:20:38,862 INFO httpx2: HTTP Request: POST https://api.fireworks.ai/inference/v1/chat/completions "HTTP/1.1 200 OK"
2026-09-05 15:20:39,714 INFO httpx2: HTTP Request: POST https://api.fireworks.ai/inference/v1/chat/completions "HTTP/1.1 200 OK"
2026-09-05 15:20:40,885 INFO httpx2: HTTP Request: POST https://api.fireworks.ai/inference/v1/chat/completions "HTTP/1.1 200 OK"
2026-09-05 15:20:41,218 INFO httpx2: HTTP Request: POST https://api.fireworks.ai/inference/v1/chat/completions "HTTP/1.1 200 OK"
2026-09-05 15:20:42,664 INFO httpx2: HTTP Request: POST https://api.fireworks.ai/inference/v1/chat/completions "HTTP/1.1 200 OK"
2026-09-05 15:20:43,475 INFO httpx2: HTTP Request: POST https://api.fireworks.ai/inference/v1/chat/completions "HTTP/1.1 200 OK"
2026-09-05 15:20:43,687 INFO httpx2: HTTP Request: POST https://api.fireworks.ai/inference/v1/chat/completions "HTTP/1.1 200 OK"
2026-09-05 15:20:43,696 INFO httpx2: HTTP Request: POST https://api.fireworks.ai/inference/v1/chat/completions "HTTP/1.1 200 OK"
2026-09-05 15:20:44,322 INFO httpx2: HTTP Request: POST https://api.fireworks.ai/inference/v1/chat/completions "HTTP/1.1 200 OK"
2026-09-05 15:20:45,872 INFO httpx2: HTTP Request: POST https://api.fireworks.ai/inference/v1/chat/completions "HTTP/1.1 200 OK"
2026-09-05 15:20:45,951 INFO httpx2: HTTP Request: POST https://api.fireworks.ai/inference/v1/chat/completions "HTTP/1.1 200 OK"
2026-09-05 15:20:49,210 INFO httpx2: HTTP Request: POST https://api.fireworks.ai/inference/v1/chat/completions "HTTP/1.1 200 OK"
2026-09-05 15:20:50,103 INFO httpx2: HTTP Request: POST https://api.fireworks.ai/inference/v1/chat/completions "HTTP/1.1 200 OK"
2026-09-05 15:20:50,205 INFO httpx2: HTTP Request: POST https://api.fireworks.ai/inference/v1/chat/completions "HTTP/1.1 200 OK"
2026-09-05 15:20:51,973 INFO httpx2: HTTP Request: POST https://api.fireworks.ai/inference/v1/chat/completions "HTTP/1.1 200 OK"
2026-09-05 15:20:52,551 INFO httpx2: HTTP Request: POST https://api.fireworks.ai/inference/v1/chat/completions "HTTP/1.1 200 OK"
2026-09-05 15:20:53,890 INFO httpx2: HTTP Request: POST https://api.fireworks.ai/inference/v1/chat/completions "HTTP/1.1 200 OK"
2026-09-05 15:20:54,496 INFO httpx2: HTTP Request: POST https://api.fireworks.ai/inference/v1/chat/completions "HTTP/1.1 200 OK"
2026-09-05 15:20:54,856 INFO httpx2: HTTP Request: POST https://api.fireworks.ai/inference/v1/chat/completions "HTTP/1.1 200 OK"
2026-09-05 15:20:54,857 INFO gen: 1550/2384 done, 2045s elapsed, $11.69 this run, 1 retries
2026-09-05 15:20:56,302 INFO httpx2: HTTP Request: POST https://api.fireworks.ai/inference/v1/chat/completions "HTTP/1.1 200 OK"
2026-09-05 15:20:56,701 INFO httpx2: HTTP Request: POST https://api.fireworks.ai/inference/v1/chat/completions "HTTP/1.1 200 OK"
2026-09-05 15:20:57,111 INFO httpx2: HTTP Request: POST https://api.fireworks.ai/inference/v1/chat/completions "HTTP/1.1 200 OK"
2026-09-05 15:21:02,321 INFO httpx2: HTTP Request: POST https://api.fireworks.ai/inference/v1/chat/completions "HTTP/1.1 200 OK"
2026-09-05 15:21:02,337 INFO httpx2: HTTP Request: POST https://api.fireworks.ai/inference/v1/chat/completions "HTTP/1.1 200 OK"
2026-09-05 15:21:05,200 INFO httpx2: HTTP Request: POST https://api.fireworks.ai/inference/v1/chat/completions "HTTP/1.1 200 OK"
2026-09-05 15:21:05,363 INFO httpx2: HTTP Request: POST https://api.fireworks.ai/inference/v1/chat/completions "HTTP/1.1 200 OK"
2026-09-05 15:21:06,472 INFO httpx2: HTTP Request: POST https://api.fireworks.ai/inference/v1/chat/completions "HTTP/1.1 200 OK"
2026-09-05 15:21:09,005 INFO httpx2: HTTP Request: POST https://api.fireworks.ai/inference/v1/chat/completions "HTTP/1.1 200 OK"
2026-09-05 15:21:11,967 INFO httpx2: HTTP Request: POST https://api.fireworks.ai/inference/v1/chat/completions "HTTP/1.1 200 OK"
2026-09-05 15:21:12,151 INFO httpx2: HTTP Request: POST https://api.fireworks.ai/inference/v1/chat/completions "HTTP/1.1 200 OK"
2026-09-05 15:21:14,172 INFO httpx2: HTTP Request: POST https://api.fireworks.ai/inference/v1/chat/completions "HTTP/1.1 200 OK"
2026-09-05 15:21:14,836 INFO httpx2: HTTP Request: POST https://api.fireworks.ai/inference/v1/chat/completions "HTTP/1.1 200 OK"
2026-09-05 15:21:15,182 INFO httpx2: HTTP Request: POST https://api.fireworks.ai/inference/v1/chat/completions "HTTP/1.1 200 OK"
2026-09-05 15:21:18,306 INFO httpx2: HTTP Request: POST https://api.fireworks.ai/inference/v1/chat/completions "HTTP/1.1 200 OK"
2026-09-05 15:21:19,627 INFO httpx2: HTTP Request: POST https://api.fireworks.ai/inference/v1/chat/completions "HTTP/1.1 200 OK"
2026-09-05 15:21:21,425 INFO httpx2: HTTP Request: POST https://api.fireworks.ai/inference/v1/chat/completions "HTTP/1.1 200 OK"
2026-09-05 15:21:21,504 INFO httpx2: HTTP Request: POST https://api.fireworks.ai/inference/v1/chat/completions "HTTP/1.1 200 OK"
2026-09-05 15:21:23,041 INFO httpx2: HTTP Request: POST https://api.fireworks.ai/inference/v1/chat/completions "HTTP/1.1 200 OK"
2026-09-05 15:21:24,911 INFO httpx2: HTTP Request: POST https://api.fireworks.ai/inference/v1/chat/completions "HTTP/1.1 200 OK"
2026-09-05 15:21:27,687 INFO httpx2: HTTP Request: POST https://api.fireworks.ai/inference/v1/chat/completions "HTTP/1.1 200 OK"
2026-09-05 15:21:27,728 INFO httpx2: HTTP Request: POST https://api.fireworks.ai/inference/v1/chat/completions "HTTP/1.1 200 OK"
2026-09-05 15:21:27,887 INFO httpx2: HTTP Request: POST https://api.fireworks.ai/inference/v1/chat/completions "HTTP/1.1 200 OK"
2026-09-05 15:21:28,852 INFO httpx2: HTTP Request: POST https://api.fireworks.ai/inference/v1/chat/completions "HTTP/1.1 200 OK"
2026-09-05 15:21:30,980 INFO httpx2: HTTP Request: POST https://api.fireworks.ai/inference/v1/chat/completions "HTTP/1.1 200 OK"
2026-09-05 15:21:30,984 INFO gen: 1575/2384 done, 2081s elapsed, $11.87 this run, 1 retries
2026-09-05 15:21:34,133 INFO httpx2: HTTP Request: POST https://api.fireworks.ai/inference/v1/chat/completions "HTTP/1.1 200 OK"
2026-09-05 15:21:34,262 INFO httpx2: HTTP Request: POST https://api.fireworks.ai/inference/v1/chat/completions "HTTP/1.1 200 OK"
2026-09-05 15:21:35,101 INFO httpx2: HTTP Request: POST https://api.fireworks.ai/inference/v1/chat/completions "HTTP/1.1 200 OK"
2026-09-05 15:21:36,729 INFO httpx2: HTTP Request: POST https://api.fireworks.ai/inference/v1/chat/completions "HTTP/1.1 200 OK"
2026-09-05 15:21:37,129 INFO httpx2: HTTP Request: POST https://api.fireworks.ai/inference/v1/chat/completions "HTTP/1.1 200 OK"
2026-09-05 15:21:37,343 INFO httpx2: HTTP Request: POST https://api.fireworks.ai/inference/v1/chat/completions "HTTP/1.1 200 OK"
2026-09-05 15:21:39,587 INFO httpx2: HTTP Request: POST https://api.fireworks.ai/inference/v1/chat/completions "HTTP/1.1 200 OK"
2026-09-05 15:21:41,703 INFO httpx2: HTTP Request: POST https://api.fireworks.ai/inference/v1/chat/completions "HTTP/1.1 200 OK"
2026-09-05 15:21:42,606 INFO httpx2: HTTP Request: POST https://api.fireworks.ai/inference/v1/chat/completions "HTTP/1.1 200 OK"
2026-09-05 15:21:43,580 INFO httpx2: HTTP Request: POST https://api.fireworks.ai/inference/v1/chat/completions "HTTP/1.1 200 OK"
2026-09-05 15:21:44,374 INFO httpx2: HTTP Request: POST https://api.fireworks.ai/inference/v1/chat/completions "HTTP/1.1 200 OK"
2026-09-05 15:21:46,766 INFO httpx2: HTTP Request: POST https://api.fireworks.ai/inference/v1/chat/completions "HTTP/1.1 200 OK"
2026-09-05 15:21:48,777 INFO httpx2: HTTP Request: POST https://api.fireworks.ai/inference/v1/chat/completions "HTTP/1.1 200 OK"
2026-09-05 15:21:49,243 INFO httpx2: HTTP Request: POST https://api.fireworks.ai/inference/v1/chat/completions "HTTP/1.1 200 OK"
2026-09-05 15:21:49,654 INFO httpx2: HTTP Request: POST https://api.fireworks.ai/inference/v1/chat/completions "HTTP/1.1 200 OK"
2026-09-05 15:21:49,793 INFO httpx2: HTTP Request: POST https://api.fireworks.ai/inference/v1/chat/completions "HTTP/1.1 200 OK"
2026-09-05 15:21:50,749 INFO httpx2: HTTP Request: POST https://api.fireworks.ai/inference/v1/chat/completions "HTTP/1.1 200 OK"
2026-09-05 15:21:51,581 INFO httpx2: HTTP Request: POST https://api.fireworks.ai/inference/v1/chat/completions "HTTP/1.1 200 OK"
2026-09-05 15:21:51,721 INFO httpx2: HTTP Request: POST https://api.fireworks.ai/inference/v1/chat/completions "HTTP/1.1 200 OK"
2026-09-05 15:21:54,400 INFO httpx2: HTTP Request: POST https://api.fireworks.ai/inference/v1/chat/completions "HTTP/1.1 200 OK"
2026-09-05 15:21:54,757 INFO httpx2: HTTP Request: POST https://api.fireworks.ai/inference/v1/chat/completions "HTTP/1.1 200 OK"
2026-09-05 15:21:57,295 INFO httpx2: HTTP Request: POST https://api.fireworks.ai/inference/v1/chat/completions "HTTP/1.1 200 OK"
2026-09-05 15:21:58,388 INFO httpx2: HTTP Request: POST https://api.fireworks.ai/inference/v1/chat/completions "HTTP/1.1 200 OK"
2026-09-05 15:21:59,626 INFO httpx2: HTTP Request: POST https://api.fireworks.ai/inference/v1/chat/completions "HTTP/1.1 200 OK"
2026-09-05 15:22:02,602 INFO httpx2: HTTP Request: POST https://api.fireworks.ai/inference/v1/chat/completions "HTTP/1.1 200 OK"
2026-09-05 15:22:02,605 INFO gen: 1600/2384 done, 2112s elapsed, $12.01 this run, 1 retries
2026-09-05 15:22:03,840 INFO httpx2: HTTP Request: POST https://api.fireworks.ai/inference/v1/chat/completions "HTTP/1.1 200 OK"
2026-09-05 15:22:04,267 INFO httpx2: HTTP Request: POST https://api.fireworks.ai/inference/v1/chat/completions "HTTP/1.1 200 OK"
2026-09-05 15:22:09,798 INFO httpx2: HTTP Request: POST https://api.fireworks.ai/inference/v1/chat/completions "HTTP/1.1 200 OK"
2026-09-05 15:22:10,045 INFO httpx2: HTTP Request: POST https://api.fireworks.ai/inference/v1/chat/completions "HTTP/1.1 200 OK"
2026-09-05 15:22:11,709 INFO httpx2: HTTP Request: POST https://api.fireworks.ai/inference/v1/chat/completions "HTTP/1.1 200 OK"
2026-09-05 15:22:14,829 INFO httpx2: HTTP Request: POST https://api.fireworks.ai/inference/v1/chat/completions "HTTP/1.1 200 OK"
2026-09-05 15:22:15,045 INFO httpx2: HTTP Request: POST https://api.fireworks.ai/inference/v1/chat/completions "HTTP/1.1 200 OK"
2026-09-05 15:22:15,128 INFO httpx2: HTTP Request: POST https://api.fireworks.ai/inference/v1/chat/completions "HTTP/1.1 200 OK"
2026-09-05 15:22:15,879 INFO httpx2: HTTP Request: POST https://api.fireworks.ai/inference/v1/chat/completions "HTTP/1.1 200 OK"
2026-09-05 15:22:16,508 INFO httpx2: HTTP Request: POST https://api.fireworks.ai/inference/v1/chat/completions "HTTP/1.1 200 OK"
2026-09-05 15:22:18,295 INFO httpx2: HTTP Request: POST https://api.fireworks.ai/inference/v1/chat/completions "HTTP/1.1 200 OK"
2026-09-05 15:22:19,991 INFO httpx2: HTTP Request: POST https://api.fireworks.ai/inference/v1/chat/completions "HTTP/1.1 200 OK"
2026-09-05 15:22:20,756 INFO httpx2: HTTP Request: POST https://api.fireworks.ai/inference/v1/chat/completions "HTTP/1.1 200 OK"
2026-09-05 15:22:22,324 INFO httpx2: HTTP Request: POST https://api.fireworks.ai/inference/v1/chat/completions "HTTP/1.1 200 OK"
2026-09-05 15:22:23,708 INFO httpx2: HTTP Request: POST https://api.fireworks.ai/inference/v1/chat/completions "HTTP/1.1 200 OK"
2026-09-05 15:22:29,016 INFO httpx2: HTTP Request: POST https://api.fireworks.ai/inference/v1/chat/completions "HTTP/1.1 200 OK"
2026-09-05 15:22:31,067 INFO httpx2: HTTP Request: POST https://api.fireworks.ai/inference/v1/chat/completions "HTTP/1.1 200 OK"
2026-09-05 15:22:31,941 INFO httpx2: HTTP Request: POST https://api.fireworks.ai/inference/v1/chat/completions "HTTP/1.1 200 OK"
2026-09-05 15:22:32,163 INFO httpx2: HTTP Request: POST https://api.fireworks.ai/inference/v1/chat/completions "HTTP/1.1 200 OK"
2026-09-05 15:22:32,844 INFO httpx2: HTTP Request: POST https://api.fireworks.ai/inference/v1/chat/completions "HTTP/1.1 200 OK"
2026-09-05 15:22:33,962 INFO httpx2: HTTP Request: POST https://api.fireworks.ai/inference/v1/chat/completions "HTTP/1.1 200 OK"
2026-09-05 15:22:42,189 INFO httpx2: HTTP Request: POST https://api.fireworks.ai/inference/v1/chat/completions "HTTP/1.1 200 OK"
2026-09-05 15:22:42,208 INFO httpx2: HTTP Request: POST https://api.fireworks.ai/inference/v1/chat/completions "HTTP/1.1 200 OK"
2026-09-05 15:22:42,565 INFO httpx2: HTTP Request: POST https://api.fireworks.ai/inference/v1/chat/completions "HTTP/1.1 200 OK"
2026-09-05 15:22:43,777 INFO httpx2: HTTP Request: POST https://api.fireworks.ai/inference/v1/chat/completions "HTTP/1.1 200 OK"
2026-09-05 15:22:43,780 INFO gen: 1625/2384 done, 2153s elapsed, $12.26 this run, 1 retries
2026-09-05 15:22:46,821 INFO httpx2: HTTP Request: POST https://api.fireworks.ai/inference/v1/chat/completions "HTTP/1.1 200 OK"
2026-09-05 15:22:49,025 INFO httpx2: HTTP Request: POST https://api.fireworks.ai/inference/v1/chat/completions "HTTP/1.1 200 OK"
2026-09-05 15:22:52,465 INFO httpx2: HTTP Request: POST https://api.fireworks.ai/inference/v1/chat/completions "HTTP/1.1 200 OK"
2026-09-05 15:22:52,560 INFO httpx2: HTTP Request: POST https://api.fireworks.ai/inference/v1/chat/completions "HTTP/1.1 200 OK"
2026-09-05 15:22:54,368 INFO httpx2: HTTP Request: POST https://api.fireworks.ai/inference/v1/chat/completions "HTTP/1.1 200 OK"
2026-09-05 15:22:54,930 INFO httpx2: HTTP Request: POST https://api.fireworks.ai/inference/v1/chat/completions "HTTP/1.1 200 OK"
2026-09-05 15:22:59,543 INFO httpx2: HTTP Request: POST https://api.fireworks.ai/inference/v1/chat/completions "HTTP/1.1 200 OK"
2026-09-05 15:23:00,798 INFO httpx2: HTTP Request: POST https://api.fireworks.ai/inference/v1/chat/completions "HTTP/1.1 200 OK"
2026-09-05 15:23:08,190 INFO httpx2: HTTP Request: POST https://api.fireworks.ai/inference/v1/chat/completions "HTTP/1.1 200 OK"
2026-09-05 15:23:08,203 INFO httpx2: HTTP Request: POST https://api.fireworks.ai/inference/v1/chat/completions "HTTP/1.1 200 OK"
2026-09-05 15:23:09,443 INFO httpx2: HTTP Request: POST https://api.fireworks.ai/inference/v1/chat/completions "HTTP/1.1 200 OK"
2026-09-05 15:23:09,580 INFO httpx2: HTTP Request: POST https://api.fireworks.ai/inference/v1/chat/completions "HTTP/1.1 200 OK"
2026-09-05 15:23:10,520 INFO httpx2: HTTP Request: POST https://api.fireworks.ai/inference/v1/chat/completions "HTTP/1.1 200 OK"
2026-09-05 15:23:12,324 INFO httpx2: HTTP Request: POST https://api.fireworks.ai/inference/v1/chat/completions "HTTP/1.1 200 OK"
2026-09-05 15:23:12,671 INFO httpx2: HTTP Request: POST https://api.fireworks.ai/inference/v1/chat/completions "HTTP/1.1 200 OK"
2026-09-05 15:23:13,591 INFO httpx2: HTTP Request: POST https://api.fireworks.ai/inference/v1/chat/completions "HTTP/1.1 200 OK"
2026-09-05 15:23:14,685 INFO httpx2: HTTP Request: POST https://api.fireworks.ai/inference/v1/chat/completions "HTTP/1.1 200 OK"
2026-09-05 15:23:16,451 INFO httpx2: HTTP Request: POST https://api.fireworks.ai/inference/v1/chat/completions "HTTP/1.1 200 OK"
2026-09-05 15:23:17,628 INFO httpx2: HTTP Request: POST https://api.fireworks.ai/inference/v1/chat/completions "HTTP/1.1 200 OK"
2026-09-05 15:23:17,727 INFO httpx2: HTTP Request: POST https://api.fireworks.ai/inference/v1/chat/completions "HTTP/1.1 200 OK"
2026-09-05 15:23:19,623 INFO httpx2: HTTP Request: POST https://api.fireworks.ai/inference/v1/chat/completions "HTTP/1.1 200 OK"
2026-09-05 15:23:21,477 INFO httpx2: HTTP Request: POST https://api.fireworks.ai/inference/v1/chat/completions "HTTP/1.1 200 OK"
2026-09-05 15:23:22,448 INFO httpx2: HTTP Request: POST https://api.fireworks.ai/inference/v1/chat/completions "HTTP/1.1 200 OK"
2026-09-05 15:23:26,241 INFO httpx2: HTTP Request: POST https://api.fireworks.ai/inference/v1/chat/completions "HTTP/1.1 200 OK"
2026-09-05 15:23:27,049 INFO httpx2: HTTP Request: POST https://api.fireworks.ai/inference/v1/chat/completions "HTTP/1.1 200 OK"
2026-09-05 15:23:27,052 INFO gen: 1650/2384 done, 2197s elapsed, $12.49 this run, 1 retries
2026-09-05 15:23:33,356 INFO httpx2: HTTP Request: POST https://api.fireworks.ai/inference/v1/chat/completions "HTTP/1.1 200 OK"
2026-09-05 15:23:35,403 INFO httpx2: HTTP Request: POST https://api.fireworks.ai/inference/v1/chat/completions "HTTP/1.1 200 OK"
2026-09-05 15:23:36,079 INFO httpx2: HTTP Request: POST https://api.fireworks.ai/inference/v1/chat/completions "HTTP/1.1 200 OK"
2026-09-05 15:23:39,292 INFO httpx2: HTTP Request: POST https://api.fireworks.ai/inference/v1/chat/completions "HTTP/1.1 200 OK"
2026-09-05 15:23:41,236 INFO httpx2: HTTP Request: POST https://api.fireworks.ai/inference/v1/chat/completions "HTTP/1.1 200 OK"
2026-09-05 15:23:41,618 INFO httpx2: HTTP Request: POST https://api.fireworks.ai/inference/v1/chat/completions "HTTP/1.1 200 OK"
2026-09-05 15:23:44,650 INFO httpx2: HTTP Request: POST https://api.fireworks.ai/inference/v1/chat/completions "HTTP/1.1 200 OK"
2026-09-05 15:23:47,750 INFO httpx2: HTTP Request: POST https://api.fireworks.ai/inference/v1/chat/completions "HTTP/1.1 200 OK"
2026-09-05 15:23:47,752 INFO httpx2: HTTP Request: POST https://api.fireworks.ai/inference/v1/chat/completions "HTTP/1.1 200 OK"
2026-09-05 15:23:49,133 INFO httpx2: HTTP Request: POST https://api.fireworks.ai/inference/v1/chat/completions "HTTP/1.1 200 OK"
2026-09-05 15:23:49,226 INFO httpx2: HTTP Request: POST https://api.fireworks.ai/inference/v1/chat/completions "HTTP/1.1 200 OK"
2026-09-05 15:23:50,561 INFO httpx2: HTTP Request: POST https://api.fireworks.ai/inference/v1/chat/completions "HTTP/1.1 200 OK"
2026-09-05 15:23:53,528 INFO httpx2: HTTP Request: POST https://api.fireworks.ai/inference/v1/chat/completions "HTTP/1.1 200 OK"
2026-09-05 15:23:54,173 INFO httpx2: HTTP Request: POST https://api.fireworks.ai/inference/v1/chat/completions "HTTP/1.1 200 OK"
2026-09-05 15:23:58,656 INFO httpx2: HTTP Request: POST https://api.fireworks.ai/inference/v1/chat/completions "HTTP/1.1 200 OK"
2026-09-05 15:24:01,071 INFO httpx2: HTTP Request: POST https://api.fireworks.ai/inference/v1/chat/completions "HTTP/1.1 200 OK"
2026-09-05 15:24:03,972 INFO httpx2: HTTP Request: POST https://api.fireworks.ai/inference/v1/chat/completions "HTTP/1.1 200 OK"
2026-09-05 15:24:04,105 INFO httpx2: HTTP Request: POST https://api.fireworks.ai/inference/v1/chat/completions "HTTP/1.1 200 OK"
2026-09-05 15:24:07,537 INFO httpx2: HTTP Request: POST https://api.fireworks.ai/inference/v1/chat/completions "HTTP/1.1 200 OK"
2026-09-05 15:24:08,146 INFO httpx2: HTTP Request: POST https://api.fireworks.ai/inference/v1/chat/completions "HTTP/1.1 200 OK"
2026-09-05 15:24:10,144 INFO httpx2: HTTP Request: POST https://api.fireworks.ai/inference/v1/chat/completions "HTTP/1.1 200 OK"
2026-09-05 15:24:10,731 INFO httpx2: HTTP Request: POST https://api.fireworks.ai/inference/v1/chat/completions "HTTP/1.1 200 OK"
2026-09-05 15:24:12,677 INFO httpx2: HTTP Request: POST https://api.fireworks.ai/inference/v1/chat/completions "HTTP/1.1 200 OK"
2026-09-05 15:24:12,680 INFO httpx2: HTTP Request: POST https://api.fireworks.ai/inference/v1/chat/completions "HTTP/1.1 200 OK"
2026-09-05 15:24:12,847 INFO httpx2: HTTP Request: POST https://api.fireworks.ai/inference/v1/chat/completions "HTTP/1.1 200 OK"
2026-09-05 15:24:12,850 INFO gen: 1675/2384 done, 2243s elapsed, $12.77 this run, 1 retries
2026-09-05 15:24:14,824 INFO httpx2: HTTP Request: POST https://api.fireworks.ai/inference/v1/chat/completions "HTTP/1.1 200 OK"
2026-09-05 15:24:14,827 INFO httpx2: HTTP Request: POST https://api.fireworks.ai/inference/v1/chat/completions "HTTP/1.1 200 OK"
2026-09-05 15:24:14,863 INFO httpx2: HTTP Request: POST https://api.fireworks.ai/inference/v1/chat/completions "HTTP/1.1 200 OK"
2026-09-05 15:24:18,204 INFO httpx2: HTTP Request: POST https://api.fireworks.ai/inference/v1/chat/completions "HTTP/1.1 200 OK"
2026-09-05 15:24:24,326 INFO httpx2: HTTP Request: POST https://api.fireworks.ai/inference/v1/chat/completions "HTTP/1.1 200 OK"
2026-09-05 15:24:26,582 INFO httpx2: HTTP Request: POST https://api.fireworks.ai/inference/v1/chat/completions "HTTP/1.1 200 OK"
2026-09-05 15:24:30,014 INFO httpx2: HTTP Request: POST https://api.fireworks.ai/inference/v1/chat/completions "HTTP/1.1 200 OK"
2026-09-05 15:24:30,177 INFO httpx2: HTTP Request: POST https://api.fireworks.ai/inference/v1/chat/completions "HTTP/1.1 200 OK"
2026-09-05 15:24:32,307 INFO httpx2: HTTP Request: POST https://api.fireworks.ai/inference/v1/chat/completions "HTTP/1.1 200 OK"
2026-09-05 15:24:34,160 INFO httpx2: HTTP Request: POST https://api.fireworks.ai/inference/v1/chat/completions "HTTP/1.1 200 OK"
2026-09-05 15:24:36,328 INFO httpx2: HTTP Request: POST https://api.fireworks.ai/inference/v1/chat/completions "HTTP/1.1 200 OK"
2026-09-05 15:24:36,629 INFO httpx2: HTTP Request: POST https://api.fireworks.ai/inference/v1/chat/completions "HTTP/1.1 200 OK"
2026-09-05 15:24:37,631 INFO httpx2: HTTP Request: POST https://api.fireworks.ai/inference/v1/chat/completions "HTTP/1.1 200 OK"
2026-09-05 15:24:39,507 INFO httpx2: HTTP Request: POST https://api.fireworks.ai/inference/v1/chat/completions "HTTP/1.1 200 OK"
2026-09-05 15:24:39,786 INFO httpx2: HTTP Request: POST https://api.fireworks.ai/inference/v1/chat/completions "HTTP/1.1 200 OK"
2026-09-05 15:24:39,995 INFO httpx2: HTTP Request: POST https://api.fireworks.ai/inference/v1/chat/completions "HTTP/1.1 200 OK"
2026-09-05 15:24:45,840 INFO httpx2: HTTP Request: POST https://api.fireworks.ai/inference/v1/chat/completions "HTTP/1.1 200 OK"
2026-09-05 15:24:49,747 INFO httpx2: HTTP Request: POST https://api.fireworks.ai/inference/v1/chat/completions "HTTP/1.1 200 OK"
2026-09-05 15:24:51,511 INFO httpx2: HTTP Request: POST https://api.fireworks.ai/inference/v1/chat/completions "HTTP/1.1 200 OK"
2026-09-05 15:24:52,047 INFO httpx2: HTTP Request: POST https://api.fireworks.ai/inference/v1/chat/completions "HTTP/1.1 200 OK"
2026-09-05 15:24:52,205 INFO httpx2: HTTP Request: POST https://api.fireworks.ai/inference/v1/chat/completions "HTTP/1.1 200 OK"
2026-09-05 15:24:52,612 INFO httpx2: HTTP Request: POST https://api.fireworks.ai/inference/v1/chat/completions "HTTP/1.1 200 OK"
2026-09-05 15:24:55,314 INFO httpx2: HTTP Request: POST https://api.fireworks.ai/inference/v1/chat/completions "HTTP/1.1 200 OK"
2026-09-05 15:24:56,835 INFO httpx2: HTTP Request: POST https://api.fireworks.ai/inference/v1/chat/completions "HTTP/1.1 200 OK"
2026-09-05 15:24:58,009 INFO httpx2: HTTP Request: POST https://api.fireworks.ai/inference/v1/chat/completions "HTTP/1.1 200 OK"
2026-09-05 15:24:58,012 INFO gen: 1700/2384 done, 2288s elapsed, $13.12 this run, 1 retries
2026-09-05 15:24:58,757 INFO httpx2: HTTP Request: POST https://api.fireworks.ai/inference/v1/chat/completions "HTTP/1.1 200 OK"
2026-09-05 15:24:59,768 INFO httpx2: HTTP Request: POST https://api.fireworks.ai/inference/v1/chat/completions "HTTP/1.1 200 OK"
2026-09-05 15:25:00,187 INFO httpx2: HTTP Request: POST https://api.fireworks.ai/inference/v1/chat/completions "HTTP/1.1 200 OK"
2026-09-05 15:25:04,439 INFO httpx2: HTTP Request: POST https://api.fireworks.ai/inference/v1/chat/completions "HTTP/1.1 200 OK"
2026-09-05 15:25:08,098 INFO httpx2: HTTP Request: POST https://api.fireworks.ai/inference/v1/chat/completions "HTTP/1.1 200 OK"
2026-09-05 15:25:08,323 INFO httpx2: HTTP Request: POST https://api.fireworks.ai/inference/v1/chat/completions "HTTP/1.1 200 OK"
2026-09-05 15:25:10,782 INFO httpx2: HTTP Request: POST https://api.fireworks.ai/inference/v1/chat/completions "HTTP/1.1 200 OK"
2026-09-05 15:25:10,925 INFO httpx2: HTTP Request: POST https://api.fireworks.ai/inference/v1/chat/completions "HTTP/1.1 200 OK"
2026-09-05 15:25:12,272 INFO httpx2: HTTP Request: POST https://api.fireworks.ai/inference/v1/chat/completions "HTTP/1.1 200 OK"
2026-09-05 15:25:15,766 INFO httpx2: HTTP Request: POST https://api.fireworks.ai/inference/v1/chat/completions "HTTP/1.1 200 OK"
2026-09-05 15:25:16,587 INFO httpx2: HTTP Request: POST https://api.fireworks.ai/inference/v1/chat/completions "HTTP/1.1 200 OK"
2026-09-05 15:25:17,557 INFO httpx2: HTTP Request: POST https://api.fireworks.ai/inference/v1/chat/completions "HTTP/1.1 200 OK"
2026-09-05 15:25:20,648 INFO httpx2: HTTP Request: POST https://api.fireworks.ai/inference/v1/chat/completions "HTTP/1.1 200 OK"
2026-09-05 15:25:25,097 INFO httpx2: HTTP Request: POST https://api.fireworks.ai/inference/v1/chat/completions "HTTP/1.1 200 OK"
2026-09-05 15:25:27,833 INFO httpx2: HTTP Request: POST https://api.fireworks.ai/inference/v1/chat/completions "HTTP/1.1 200 OK"
2026-09-05 15:25:29,362 INFO httpx2: HTTP Request: POST https://api.fireworks.ai/inference/v1/chat/completions "HTTP/1.1 200 OK"
2026-09-05 15:25:33,099 INFO httpx2: HTTP Request: POST https://api.fireworks.ai/inference/v1/chat/completions "HTTP/1.1 200 OK"
2026-09-05 15:25:33,483 INFO httpx2: HTTP Request: POST https://api.fireworks.ai/inference/v1/chat/completions "HTTP/1.1 200 OK"
2026-09-05 15:25:41,663 INFO httpx2: HTTP Request: POST https://api.fireworks.ai/inference/v1/chat/completions "HTTP/1.1 200 OK"
2026-09-05 15:25:43,039 INFO httpx2: HTTP Request: POST https://api.fireworks.ai/inference/v1/chat/completions "HTTP/1.1 200 OK"
2026-09-05 15:25:46,227 INFO httpx2: HTTP Request: POST https://api.fireworks.ai/inference/v1/chat/completions "HTTP/1.1 200 OK"
2026-09-05 15:25:46,815 INFO httpx2: HTTP Request: POST https://api.fireworks.ai/inference/v1/chat/completions "HTTP/1.1 200 OK"
2026-09-05 15:25:47,646 INFO httpx2: HTTP Request: POST https://api.fireworks.ai/inference/v1/chat/completions "HTTP/1.1 200 OK"
2026-09-05 15:25:51,935 INFO httpx2: HTTP Request: POST https://api.fireworks.ai/inference/v1/chat/completions "HTTP/1.1 200 OK"
2026-09-05 15:25:51,951 INFO httpx2: HTTP Request: POST https://api.fireworks.ai/inference/v1/chat/completions "HTTP/1.1 200 OK"
2026-09-05 15:25:51,954 INFO gen: 1725/2384 done, 2342s elapsed, $13.40 this run, 1 retries
2026-09-05 15:25:54,303 INFO httpx2: HTTP Request: POST https://api.fireworks.ai/inference/v1/chat/completions "HTTP/1.1 200 OK"
2026-09-05 15:25:56,405 INFO httpx2: HTTP Request: POST https://api.fireworks.ai/inference/v1/chat/completions "HTTP/1.1 200 OK"
2026-09-05 15:25:57,661 INFO httpx2: HTTP Request: POST https://api.fireworks.ai/inference/v1/chat/completions "HTTP/1.1 200 OK"
2026-09-05 15:25:58,764 INFO httpx2: HTTP Request: POST https://api.fireworks.ai/inference/v1/chat/completions "HTTP/1.1 200 OK"
2026-09-05 15:26:02,914 INFO httpx2: HTTP Request: POST https://api.fireworks.ai/inference/v1/chat/completions "HTTP/1.1 200 OK"
2026-09-05 15:26:04,195 INFO httpx2: HTTP Request: POST https://api.fireworks.ai/inference/v1/chat/completions "HTTP/1.1 200 OK"
2026-09-05 15:26:04,704 INFO httpx2: HTTP Request: POST https://api.fireworks.ai/inference/v1/chat/completions "HTTP/1.1 200 OK"
2026-09-05 15:26:06,239 INFO httpx2: HTTP Request: POST https://api.fireworks.ai/inference/v1/chat/completions "HTTP/1.1 200 OK"
2026-09-05 15:26:06,355 INFO httpx2: HTTP Request: POST https://api.fireworks.ai/inference/v1/chat/completions "HTTP/1.1 200 OK"
2026-09-05 15:26:08,752 INFO httpx2: HTTP Request: POST https://api.fireworks.ai/inference/v1/chat/completions "HTTP/1.1 200 OK"
2026-09-05 15:26:08,925 INFO httpx2: HTTP Request: POST https://api.fireworks.ai/inference/v1/chat/completions "HTTP/1.1 200 OK"
2026-09-05 15:26:13,371 INFO httpx2: HTTP Request: POST https://api.fireworks.ai/inference/v1/chat/completions "HTTP/1.1 200 OK"
2026-09-05 15:26:14,174 INFO httpx2: HTTP Request: POST https://api.fireworks.ai/inference/v1/chat/completions "HTTP/1.1 200 OK"
2026-09-05 15:26:14,699 INFO httpx2: HTTP Request: POST https://api.fireworks.ai/inference/v1/chat/completions "HTTP/1.1 200 OK"
2026-09-05 15:26:14,914 INFO httpx2: HTTP Request: POST https://api.fireworks.ai/inference/v1/chat/completions "HTTP/1.1 200 OK"
2026-09-05 15:26:15,144 INFO httpx2: HTTP Request: POST https://api.fireworks.ai/inference/v1/chat/completions "HTTP/1.1 200 OK"
2026-09-05 15:26:17,260 INFO httpx2: HTTP Request: POST https://api.fireworks.ai/inference/v1/chat/completions "HTTP/1.1 200 OK"
2026-09-05 15:26:19,881 INFO httpx2: HTTP Request: POST https://api.fireworks.ai/inference/v1/chat/completions "HTTP/1.1 200 OK"
2026-09-05 15:26:26,085 INFO httpx2: HTTP Request: POST https://api.fireworks.ai/inference/v1/chat/completions "HTTP/1.1 200 OK"
2026-09-05 15:26:28,356 INFO httpx2: HTTP Request: POST https://api.fireworks.ai/inference/v1/chat/completions "HTTP/1.1 200 OK"
2026-09-05 15:26:28,971 INFO httpx2: HTTP Request: POST https://api.fireworks.ai/inference/v1/chat/completions "HTTP/1.1 200 OK"
2026-09-05 15:26:28,974 INFO httpx2: HTTP Request: POST https://api.fireworks.ai/inference/v1/chat/completions "HTTP/1.1 200 OK"
2026-09-05 15:26:29,791 INFO httpx2: HTTP Request: POST https://api.fireworks.ai/inference/v1/chat/completions "HTTP/1.1 200 OK"
2026-09-05 15:26:35,320 INFO httpx2: HTTP Request: POST https://api.fireworks.ai/inference/v1/chat/completions "HTTP/1.1 200 OK"
2026-09-05 15:26:37,011 INFO httpx2: HTTP Request: POST https://api.fireworks.ai/inference/v1/chat/completions "HTTP/1.1 200 OK"
2026-09-05 15:26:37,018 INFO gen: 1750/2384 done, 2387s elapsed, $13.73 this run, 1 retries
2026-09-05 15:26:39,038 INFO httpx2: HTTP Request: POST https://api.fireworks.ai/inference/v1/chat/completions "HTTP/1.1 200 OK"
2026-09-05 15:26:42,421 INFO httpx2: HTTP Request: POST https://api.fireworks.ai/inference/v1/chat/completions "HTTP/1.1 200 OK"
2026-09-05 15:26:43,168 INFO httpx2: HTTP Request: POST https://api.fireworks.ai/inference/v1/chat/completions "HTTP/1.1 200 OK"
2026-09-05 15:26:48,530 INFO httpx2: HTTP Request: POST https://api.fireworks.ai/inference/v1/chat/completions "HTTP/1.1 200 OK"
2026-09-05 15:26:49,145 INFO httpx2: HTTP Request: POST https://api.fireworks.ai/inference/v1/chat/completions "HTTP/1.1 200 OK"
2026-09-05 15:26:49,285 INFO httpx2: HTTP Request: POST https://api.fireworks.ai/inference/v1/chat/completions "HTTP/1.1 200 OK"
2026-09-05 15:26:49,568 INFO httpx2: HTTP Request: POST https://api.fireworks.ai/inference/v1/chat/completions "HTTP/1.1 200 OK"
2026-09-05 15:26:52,978 INFO httpx2: HTTP Request: POST https://api.fireworks.ai/inference/v1/chat/completions "HTTP/1.1 200 OK"
2026-09-05 15:26:53,521 INFO httpx2: HTTP Request: POST https://api.fireworks.ai/inference/v1/chat/completions "HTTP/1.1 200 OK"
2026-09-05 15:26:53,676 INFO httpx2: HTTP Request: POST https://api.fireworks.ai/inference/v1/chat/completions "HTTP/1.1 200 OK"
2026-09-05 15:26:55,808 INFO httpx2: HTTP Request: POST https://api.fireworks.ai/inference/v1/chat/completions "HTTP/1.1 200 OK"
2026-09-05 15:27:00,707 INFO httpx2: HTTP Request: POST https://api.fireworks.ai/inference/v1/chat/completions "HTTP/1.1 200 OK"
2026-09-05 15:27:02,266 INFO httpx2: HTTP Request: POST https://api.fireworks.ai/inference/v1/chat/completions "HTTP/1.1 200 OK"
2026-09-05 15:27:06,077 INFO httpx2: HTTP Request: POST https://api.fireworks.ai/inference/v1/chat/completions "HTTP/1.1 200 OK"
2026-09-05 15:27:08,883 INFO httpx2: HTTP Request: POST https://api.fireworks.ai/inference/v1/chat/completions "HTTP/1.1 200 OK"
2026-09-05 15:27:09,105 INFO httpx2: HTTP Request: POST https://api.fireworks.ai/inference/v1/chat/completions "HTTP/1.1 200 OK"
2026-09-05 15:27:12,514 INFO httpx2: HTTP Request: POST https://api.fireworks.ai/inference/v1/chat/completions "HTTP/1.1 200 OK"
2026-09-05 15:27:14,296 INFO httpx2: HTTP Request: POST https://api.fireworks.ai/inference/v1/chat/completions "HTTP/1.1 200 OK"
2026-09-05 15:27:15,923 INFO httpx2: HTTP Request: POST https://api.fireworks.ai/inference/v1/chat/completions "HTTP/1.1 200 OK"
2026-09-05 15:27:17,780 INFO httpx2: HTTP Request: POST https://api.fireworks.ai/inference/v1/chat/completions "HTTP/1.1 200 OK"
2026-09-05 15:27:18,328 INFO httpx2: HTTP Request: POST https://api.fireworks.ai/inference/v1/chat/completions "HTTP/1.1 200 OK"
2026-09-05 15:27:21,154 INFO httpx2: HTTP Request: POST https://api.fireworks.ai/inference/v1/chat/completions "HTTP/1.1 200 OK"
2026-09-05 15:27:27,259 INFO httpx2: HTTP Request: POST https://api.fireworks.ai/inference/v1/chat/completions "HTTP/1.1 200 OK"
2026-09-05 15:27:29,419 INFO httpx2: HTTP Request: POST https://api.fireworks.ai/inference/v1/chat/completions "HTTP/1.1 200 OK"
2026-09-05 15:27:32,326 INFO httpx2: HTTP Request: POST https://api.fireworks.ai/inference/v1/chat/completions "HTTP/1.1 200 OK"
2026-09-05 15:27:32,330 INFO gen: 1775/2384 done, 2442s elapsed, $14.07 this run, 1 retries
2026-09-05 15:27:32,554 INFO httpx2: HTTP Request: POST https://api.fireworks.ai/inference/v1/chat/completions "HTTP/1.1 200 OK"
2026-09-05 15:27:39,219 INFO httpx2: HTTP Request: POST https://api.fireworks.ai/inference/v1/chat/completions "HTTP/1.1 200 OK"
2026-09-05 15:27:42,492 INFO httpx2: HTTP Request: POST https://api.fireworks.ai/inference/v1/chat/completions "HTTP/1.1 200 OK"
2026-09-05 15:27:46,345 INFO httpx2: HTTP Request: POST https://api.fireworks.ai/inference/v1/chat/completions "HTTP/1.1 200 OK"
2026-09-05 15:27:49,185 INFO httpx2: HTTP Request: POST https://api.fireworks.ai/inference/v1/chat/completions "HTTP/1.1 200 OK"
2026-09-05 15:27:49,798 INFO httpx2: HTTP Request: POST https://api.fireworks.ai/inference/v1/chat/completions "HTTP/1.1 200 OK"
2026-09-05 15:27:53,119 INFO httpx2: HTTP Request: POST https://api.fireworks.ai/inference/v1/chat/completions "HTTP/1.1 200 OK"
2026-09-05 15:27:53,376 INFO httpx2: HTTP Request: POST https://api.fireworks.ai/inference/v1/chat/completions "HTTP/1.1 200 OK"
2026-09-05 15:27:53,881 INFO httpx2: HTTP Request: POST https://api.fireworks.ai/inference/v1/chat/completions "HTTP/1.1 200 OK"
2026-09-05 15:27:54,653 INFO httpx2: HTTP Request: POST https://api.fireworks.ai/inference/v1/chat/completions "HTTP/1.1 200 OK"
2026-09-05 15:27:58,060 INFO httpx2: HTTP Request: POST https://api.fireworks.ai/inference/v1/chat/completions "HTTP/1.1 200 OK"
2026-09-05 15:27:58,786 INFO httpx2: HTTP Request: POST https://api.fireworks.ai/inference/v1/chat/completions "HTTP/1.1 200 OK"
2026-09-05 15:28:02,439 INFO httpx2: HTTP Request: POST https://api.fireworks.ai/inference/v1/chat/completions "HTTP/1.1 200 OK"
2026-09-05 15:28:06,417 INFO httpx2: HTTP Request: POST https://api.fireworks.ai/inference/v1/chat/completions "HTTP/1.1 200 OK"
2026-09-05 15:28:06,480 INFO httpx2: HTTP Request: POST https://api.fireworks.ai/inference/v1/chat/completions "HTTP/1.1 200 OK"
2026-09-05 15:28:08,547 INFO httpx2: HTTP Request: POST https://api.fireworks.ai/inference/v1/chat/completions "HTTP/1.1 200 OK"
2026-09-05 15:28:11,117 INFO httpx2: HTTP Request: POST https://api.fireworks.ai/inference/v1/chat/completions "HTTP/1.1 200 OK"
2026-09-05 15:28:12,018 INFO httpx2: HTTP Request: POST https://api.fireworks.ai/inference/v1/chat/completions "HTTP/1.1 200 OK"
2026-09-05 15:28:12,367 INFO httpx2: HTTP Request: POST https://api.fireworks.ai/inference/v1/chat/completions "HTTP/1.1 200 OK"
2026-09-05 15:28:12,747 INFO httpx2: HTTP Request: POST https://api.fireworks.ai/inference/v1/chat/completions "HTTP/1.1 200 OK"
2026-09-05 15:28:16,220 INFO httpx2: HTTP Request: POST https://api.fireworks.ai/inference/v1/chat/completions "HTTP/1.1 200 OK"
2026-09-05 15:28:18,577 INFO httpx2: HTTP Request: POST https://api.fireworks.ai/inference/v1/chat/completions "HTTP/1.1 200 OK"
2026-09-05 15:28:20,830 INFO httpx2: HTTP Request: POST https://api.fireworks.ai/inference/v1/chat/completions "HTTP/1.1 200 OK"
2026-09-05 15:28:24,633 INFO httpx2: HTTP Request: POST https://api.fireworks.ai/inference/v1/chat/completions "HTTP/1.1 200 OK"
2026-09-05 15:28:26,302 INFO httpx2: HTTP Request: POST https://api.fireworks.ai/inference/v1/chat/completions "HTTP/1.1 200 OK"
2026-09-05 15:28:26,304 INFO gen: 1800/2384 done, 2496s elapsed, $14.39 this run, 1 retries
2026-09-05 15:28:28,267 INFO httpx2: HTTP Request: POST https://api.fireworks.ai/inference/v1/chat/completions "HTTP/1.1 200 OK"
2026-09-05 15:28:35,753 INFO httpx2: HTTP Request: POST https://api.fireworks.ai/inference/v1/chat/completions "HTTP/1.1 200 OK"
2026-09-05 15:28:36,435 INFO httpx2: HTTP Request: POST https://api.fireworks.ai/inference/v1/chat/completions "HTTP/1.1 200 OK"
2026-09-05 15:28:36,556 INFO httpx2: HTTP Request: POST https://api.fireworks.ai/inference/v1/chat/completions "HTTP/1.1 200 OK"
2026-09-05 15:28:37,090 INFO httpx2: HTTP Request: POST https://api.fireworks.ai/inference/v1/chat/completions "HTTP/1.1 200 OK"
2026-09-05 15:28:42,144 INFO httpx2: HTTP Request: POST https://api.fireworks.ai/inference/v1/chat/completions "HTTP/1.1 200 OK"
2026-09-05 15:28:44,212 INFO httpx2: HTTP Request: POST https://api.fireworks.ai/inference/v1/chat/completions "HTTP/1.1 200 OK"
2026-09-05 15:28:56,100 INFO httpx2: HTTP Request: POST https://api.fireworks.ai/inference/v1/chat/completions "HTTP/1.1 200 OK"
2026-09-05 15:28:57,751 INFO httpx2: HTTP Request: POST https://api.fireworks.ai/inference/v1/chat/completions "HTTP/1.1 200 OK"
2026-09-05 15:29:00,527 INFO httpx2: HTTP Request: POST https://api.fireworks.ai/inference/v1/chat/completions "HTTP/1.1 200 OK"
2026-09-05 15:29:01,959 INFO httpx2: HTTP Request: POST https://api.fireworks.ai/inference/v1/chat/completions "HTTP/1.1 200 OK"
2026-09-05 15:29:02,939 INFO httpx2: HTTP Request: POST https://api.fireworks.ai/inference/v1/chat/completions "HTTP/1.1 200 OK"
2026-09-05 15:29:04,294 INFO httpx2: HTTP Request: POST https://api.fireworks.ai/inference/v1/chat/completions "HTTP/1.1 200 OK"
2026-09-05 15:29:08,126 INFO httpx2: HTTP Request: POST https://api.fireworks.ai/inference/v1/chat/completions "HTTP/1.1 200 OK"
2026-09-05 15:29:09,078 INFO httpx2: HTTP Request: POST https://api.fireworks.ai/inference/v1/chat/completions "HTTP/1.1 200 OK"
2026-09-05 15:29:13,352 INFO httpx2: HTTP Request: POST https://api.fireworks.ai/inference/v1/chat/completions "HTTP/1.1 200 OK"
2026-09-05 15:29:13,615 INFO httpx2: HTTP Request: POST https://api.fireworks.ai/inference/v1/chat/completions "HTTP/1.1 200 OK"
2026-09-05 15:29:14,144 INFO httpx2: HTTP Request: POST https://api.fireworks.ai/inference/v1/chat/completions "HTTP/1.1 200 OK"
2026-09-05 15:29:22,541 INFO httpx2: HTTP Request: POST https://api.fireworks.ai/inference/v1/chat/completions "HTTP/1.1 200 OK"
2026-09-05 15:29:23,565 INFO httpx2: HTTP Request: POST https://api.fireworks.ai/inference/v1/chat/completions "HTTP/1.1 200 OK"
2026-09-05 15:29:23,670 INFO httpx2: HTTP Request: POST https://api.fireworks.ai/inference/v1/chat/completions "HTTP/1.1 200 OK"
2026-09-05 15:29:26,669 INFO httpx2: HTTP Request: POST https://api.fireworks.ai/inference/v1/chat/completions "HTTP/1.1 200 OK"
2026-09-05 15:29:27,318 INFO httpx2: HTTP Request: POST https://api.fireworks.ai/inference/v1/chat/completions "HTTP/1.1 200 OK"
2026-09-05 15:29:27,515 INFO httpx2: HTTP Request: POST https://api.fireworks.ai/inference/v1/chat/completions "HTTP/1.1 200 OK"
2026-09-05 15:29:32,680 INFO httpx2: HTTP Request: POST https://api.fireworks.ai/inference/v1/chat/completions "HTTP/1.1 200 OK"
2026-09-05 15:29:32,683 INFO gen: 1825/2384 done, 2562s elapsed, $14.83 this run, 1 retries
2026-09-05 15:29:33,293 INFO httpx2: HTTP Request: POST https://api.fireworks.ai/inference/v1/chat/completions "HTTP/1.1 200 OK"
2026-09-05 15:29:35,812 INFO httpx2: HTTP Request: POST https://api.fireworks.ai/inference/v1/chat/completions "HTTP/1.1 200 OK"
2026-09-05 15:29:37,878 INFO httpx2: HTTP Request: POST https://api.fireworks.ai/inference/v1/chat/completions "HTTP/1.1 200 OK"
2026-09-05 15:29:41,321 INFO httpx2: HTTP Request: POST https://api.fireworks.ai/inference/v1/chat/completions "HTTP/1.1 200 OK"
2026-09-05 15:29:41,897 INFO httpx2: HTTP Request: POST https://api.fireworks.ai/inference/v1/chat/completions "HTTP/1.1 200 OK"
2026-09-05 15:29:43,140 INFO httpx2: HTTP Request: POST https://api.fireworks.ai/inference/v1/chat/completions "HTTP/1.1 200 OK"
2026-09-05 15:29:45,751 INFO httpx2: HTTP Request: POST https://api.fireworks.ai/inference/v1/chat/completions "HTTP/1.1 200 OK"
2026-09-05 15:29:46,299 INFO httpx2: HTTP Request: POST https://api.fireworks.ai/inference/v1/chat/completions "HTTP/1.1 200 OK"
2026-09-05 15:29:46,873 INFO httpx2: HTTP Request: POST https://api.fireworks.ai/inference/v1/chat/completions "HTTP/1.1 200 OK"
2026-09-05 15:29:48,955 INFO httpx2: HTTP Request: POST https://api.fireworks.ai/inference/v1/chat/completions "HTTP/1.1 200 OK"
2026-09-05 15:29:52,646 INFO httpx2: HTTP Request: POST https://api.fireworks.ai/inference/v1/chat/completions "HTTP/1.1 200 OK"
2026-09-05 15:29:54,601 INFO httpx2: HTTP Request: POST https://api.fireworks.ai/inference/v1/chat/completions "HTTP/1.1 200 OK"
2026-09-05 15:29:57,667 INFO httpx2: HTTP Request: POST https://api.fireworks.ai/inference/v1/chat/completions "HTTP/1.1 200 OK"
2026-09-05 15:29:59,310 INFO httpx2: HTTP Request: POST https://api.fireworks.ai/inference/v1/chat/completions "HTTP/1.1 200 OK"
2026-09-05 15:30:00,123 INFO httpx2: HTTP Request: POST https://api.fireworks.ai/inference/v1/chat/completions "HTTP/1.1 200 OK"
2026-09-05 15:30:01,897 INFO httpx2: HTTP Request: POST https://api.fireworks.ai/inference/v1/chat/completions "HTTP/1.1 200 OK"
2026-09-05 15:30:04,125 INFO httpx2: HTTP Request: POST https://api.fireworks.ai/inference/v1/chat/completions "HTTP/1.1 200 OK"
2026-09-05 15:30:05,833 INFO httpx2: HTTP Request: POST https://api.fireworks.ai/inference/v1/chat/completions "HTTP/1.1 200 OK"
2026-09-05 15:30:06,299 INFO httpx2: HTTP Request: POST https://api.fireworks.ai/inference/v1/chat/completions "HTTP/1.1 200 OK"
2026-09-05 15:30:08,117 INFO httpx2: HTTP Request: POST https://api.fireworks.ai/inference/v1/chat/completions "HTTP/1.1 200 OK"
2026-09-05 15:30:11,181 INFO httpx2: HTTP Request: POST https://api.fireworks.ai/inference/v1/chat/completions "HTTP/1.1 200 OK"
2026-09-05 15:30:13,026 INFO httpx2: HTTP Request: POST https://api.fireworks.ai/inference/v1/chat/completions "HTTP/1.1 200 OK"
2026-09-05 15:30:15,177 INFO httpx2: HTTP Request: POST https://api.fireworks.ai/inference/v1/chat/completions "HTTP/1.1 200 OK"
2026-09-05 15:30:18,647 INFO httpx2: HTTP Request: POST https://api.fireworks.ai/inference/v1/chat/completions "HTTP/1.1 200 OK"
2026-09-05 15:30:21,145 INFO httpx2: HTTP Request: POST https://api.fireworks.ai/inference/v1/chat/completions "HTTP/1.1 200 OK"
2026-09-05 15:30:21,147 INFO gen: 1850/2384 done, 2611s elapsed, $15.20 this run, 1 retries
2026-09-05 15:30:23,035 INFO httpx2: HTTP Request: POST https://api.fireworks.ai/inference/v1/chat/completions "HTTP/1.1 200 OK"
2026-09-05 15:30:24,032 INFO httpx2: HTTP Request: POST https://api.fireworks.ai/inference/v1/chat/completions "HTTP/1.1 200 OK"
2026-09-05 15:30:27,270 INFO httpx2: HTTP Request: POST https://api.fireworks.ai/inference/v1/chat/completions "HTTP/1.1 200 OK"
2026-09-05 15:30:27,564 INFO httpx2: HTTP Request: POST https://api.fireworks.ai/inference/v1/chat/completions "HTTP/1.1 200 OK"
2026-09-05 15:30:27,879 INFO httpx2: HTTP Request: POST https://api.fireworks.ai/inference/v1/chat/completions "HTTP/1.1 200 OK"
2026-09-05 15:30:31,550 INFO httpx2: HTTP Request: POST https://api.fireworks.ai/inference/v1/chat/completions "HTTP/1.1 200 OK"
2026-09-05 15:30:33,013 INFO httpx2: HTTP Request: POST https://api.fireworks.ai/inference/v1/chat/completions "HTTP/1.1 200 OK"
2026-09-05 15:30:34,117 INFO httpx2: HTTP Request: POST https://api.fireworks.ai/inference/v1/chat/completions "HTTP/1.1 200 OK"
2026-09-05 15:30:36,120 INFO httpx2: HTTP Request: POST https://api.fireworks.ai/inference/v1/chat/completions "HTTP/1.1 200 OK"
2026-09-05 15:30:40,426 INFO httpx2: HTTP Request: POST https://api.fireworks.ai/inference/v1/chat/completions "HTTP/1.1 200 OK"
2026-09-05 15:30:41,749 INFO httpx2: HTTP Request: POST https://api.fireworks.ai/inference/v1/chat/completions "HTTP/1.1 200 OK"
2026-09-05 15:30:45,142 INFO httpx2: HTTP Request: POST https://api.fireworks.ai/inference/v1/chat/completions "HTTP/1.1 200 OK"
2026-09-05 15:30:45,506 INFO httpx2: HTTP Request: POST https://api.fireworks.ai/inference/v1/chat/completions "HTTP/1.1 200 OK"
2026-09-05 15:30:46,552 INFO httpx2: HTTP Request: POST https://api.fireworks.ai/inference/v1/chat/completions "HTTP/1.1 200 OK"
2026-09-05 15:30:47,137 INFO httpx2: HTTP Request: POST https://api.fireworks.ai/inference/v1/chat/completions "HTTP/1.1 200 OK"
2026-09-05 15:30:50,053 INFO httpx2: HTTP Request: POST https://api.fireworks.ai/inference/v1/chat/completions "HTTP/1.1 200 OK"
2026-09-05 15:30:56,197 INFO httpx2: HTTP Request: POST https://api.fireworks.ai/inference/v1/chat/completions "HTTP/1.1 200 OK"
2026-09-05 15:30:57,827 INFO httpx2: HTTP Request: POST https://api.fireworks.ai/inference/v1/chat/completions "HTTP/1.1 200 OK"
2026-09-05 15:31:01,896 INFO httpx2: HTTP Request: POST https://api.fireworks.ai/inference/v1/chat/completions "HTTP/1.1 200 OK"
2026-09-05 15:31:02,512 INFO httpx2: HTTP Request: POST https://api.fireworks.ai/inference/v1/chat/completions "HTTP/1.1 200 OK"
2026-09-05 15:31:02,933 INFO httpx2: HTTP Request: POST https://api.fireworks.ai/inference/v1/chat/completions "HTTP/1.1 200 OK"
2026-09-05 15:31:04,353 INFO httpx2: HTTP Request: POST https://api.fireworks.ai/inference/v1/chat/completions "HTTP/1.1 200 OK"
2026-09-05 15:31:06,647 INFO httpx2: HTTP Request: POST https://api.fireworks.ai/inference/v1/chat/completions "HTTP/1.1 200 OK"
2026-09-05 15:31:06,718 INFO httpx2: HTTP Request: POST https://api.fireworks.ai/inference/v1/chat/completions "HTTP/1.1 200 OK"
2026-09-05 15:31:09,447 INFO httpx2: HTTP Request: POST https://api.fireworks.ai/inference/v1/chat/completions "HTTP/1.1 200 OK"
2026-09-05 15:31:09,448 INFO gen: 1875/2384 done, 2659s elapsed, $15.53 this run, 1 retries
2026-09-05 15:31:10,591 INFO httpx2: HTTP Request: POST https://api.fireworks.ai/inference/v1/chat/completions "HTTP/1.1 200 OK"
2026-09-05 15:31:11,188 INFO httpx2: HTTP Request: POST https://api.fireworks.ai/inference/v1/chat/completions "HTTP/1.1 200 OK"
2026-09-05 15:31:14,641 INFO httpx2: HTTP Request: POST https://api.fireworks.ai/inference/v1/chat/completions "HTTP/1.1 200 OK"
2026-09-05 15:31:16,161 INFO httpx2: HTTP Request: POST https://api.fireworks.ai/inference/v1/chat/completions "HTTP/1.1 200 OK"
2026-09-05 15:31:20,162 INFO httpx2: HTTP Request: POST https://api.fireworks.ai/inference/v1/chat/completions "HTTP/1.1 200 OK"
2026-09-05 15:31:28,062 INFO httpx2: HTTP Request: POST https://api.fireworks.ai/inference/v1/chat/completions "HTTP/1.1 200 OK"
2026-09-05 15:31:28,288 INFO httpx2: HTTP Request: POST https://api.fireworks.ai/inference/v1/chat/completions "HTTP/1.1 200 OK"
2026-09-05 15:31:28,379 INFO httpx2: HTTP Request: POST https://api.fireworks.ai/inference/v1/chat/completions "HTTP/1.1 200 OK"
2026-09-05 15:31:29,722 INFO httpx2: HTTP Request: POST https://api.fireworks.ai/inference/v1/chat/completions "HTTP/1.1 200 OK"
2026-09-05 15:31:32,156 INFO httpx2: HTTP Request: POST https://api.fireworks.ai/inference/v1/chat/completions "HTTP/1.1 200 OK"
2026-09-05 15:31:33,514 INFO httpx2: HTTP Request: POST https://api.fireworks.ai/inference/v1/chat/completions "HTTP/1.1 200 OK"
2026-09-05 15:31:35,432 INFO httpx2: HTTP Request: POST https://api.fireworks.ai/inference/v1/chat/completions "HTTP/1.1 200 OK"
2026-09-05 15:31:36,380 INFO httpx2: HTTP Request: POST https://api.fireworks.ai/inference/v1/chat/completions "HTTP/1.1 200 OK"
2026-09-05 15:31:38,061 INFO httpx2: HTTP Request: POST https://api.fireworks.ai/inference/v1/chat/completions "HTTP/1.1 200 OK"
2026-09-05 15:31:38,497 INFO httpx2: HTTP Request: POST https://api.fireworks.ai/inference/v1/chat/completions "HTTP/1.1 200 OK"
2026-09-05 15:31:45,187 INFO httpx2: HTTP Request: POST https://api.fireworks.ai/inference/v1/chat/completions "HTTP/1.1 200 OK"
2026-09-05 15:31:47,030 INFO httpx2: HTTP Request: POST https://api.fireworks.ai/inference/v1/chat/completions "HTTP/1.1 200 OK"
2026-09-05 15:31:47,477 INFO httpx2: HTTP Request: POST https://api.fireworks.ai/inference/v1/chat/completions "HTTP/1.1 200 OK"
2026-09-05 15:31:50,066 INFO httpx2: HTTP Request: POST https://api.fireworks.ai/inference/v1/chat/completions "HTTP/1.1 200 OK"
2026-09-05 15:31:52,325 INFO httpx2: HTTP Request: POST https://api.fireworks.ai/inference/v1/chat/completions "HTTP/1.1 200 OK"
2026-09-05 15:31:53,140 INFO httpx2: HTTP Request: POST https://api.fireworks.ai/inference/v1/chat/completions "HTTP/1.1 200 OK"
2026-09-05 15:31:55,822 INFO httpx2: HTTP Request: POST https://api.fireworks.ai/inference/v1/chat/completions "HTTP/1.1 200 OK"
2026-09-05 15:31:56,797 INFO httpx2: HTTP Request: POST https://api.fireworks.ai/inference/v1/chat/completions "HTTP/1.1 200 OK"
2026-09-05 15:31:57,264 INFO httpx2: HTTP Request: POST https://api.fireworks.ai/inference/v1/chat/completions "HTTP/1.1 200 OK"
2026-09-05 15:31:57,292 INFO httpx2: HTTP Request: POST https://api.fireworks.ai/inference/v1/chat/completions "HTTP/1.1 200 OK"
2026-09-05 15:31:57,295 INFO gen: 1900/2384 done, 2707s elapsed, $15.86 this run, 1 retries
2026-09-05 15:32:01,336 INFO httpx2: HTTP Request: POST https://api.fireworks.ai/inference/v1/chat/completions "HTTP/1.1 200 OK"
2026-09-05 15:32:05,477 INFO httpx2: HTTP Request: POST https://api.fireworks.ai/inference/v1/chat/completions "HTTP/1.1 200 OK"
2026-09-05 15:32:08,347 INFO httpx2: HTTP Request: POST https://api.fireworks.ai/inference/v1/chat/completions "HTTP/1.1 200 OK"
2026-09-05 15:32:08,439 INFO httpx2: HTTP Request: POST https://api.fireworks.ai/inference/v1/chat/completions "HTTP/1.1 200 OK"
2026-09-05 15:32:08,557 INFO httpx2: HTTP Request: POST https://api.fireworks.ai/inference/v1/chat/completions "HTTP/1.1 200 OK"
2026-09-05 15:32:11,450 INFO httpx2: HTTP Request: POST https://api.fireworks.ai/inference/v1/chat/completions "HTTP/1.1 200 OK"
2026-09-05 15:32:16,581 INFO httpx2: HTTP Request: POST https://api.fireworks.ai/inference/v1/chat/completions "HTTP/1.1 200 OK"
2026-09-05 15:32:16,734 INFO httpx2: HTTP Request: POST https://api.fireworks.ai/inference/v1/chat/completions "HTTP/1.1 200 OK"
2026-09-05 15:32:18,900 INFO httpx2: HTTP Request: POST https://api.fireworks.ai/inference/v1/chat/completions "HTTP/1.1 200 OK"
2026-09-05 15:32:18,979 INFO httpx2: HTTP Request: POST https://api.fireworks.ai/inference/v1/chat/completions "HTTP/1.1 200 OK"
2026-09-05 15:32:19,963 INFO httpx2: HTTP Request: POST https://api.fireworks.ai/inference/v1/chat/completions "HTTP/1.1 200 OK"
2026-09-05 15:32:21,646 INFO httpx2: HTTP Request: POST https://api.fireworks.ai/inference/v1/chat/completions "HTTP/1.1 200 OK"
2026-09-05 15:32:23,644 INFO httpx2: HTTP Request: POST https://api.fireworks.ai/inference/v1/chat/completions "HTTP/1.1 200 OK"
2026-09-05 15:32:23,918 INFO httpx2: HTTP Request: POST https://api.fireworks.ai/inference/v1/chat/completions "HTTP/1.1 200 OK"
2026-09-05 15:32:25,224 INFO httpx2: HTTP Request: POST https://api.fireworks.ai/inference/v1/chat/completions "HTTP/1.1 200 OK"
2026-09-05 15:32:26,249 INFO httpx2: HTTP Request: POST https://api.fireworks.ai/inference/v1/chat/completions "HTTP/1.1 200 OK"
2026-09-05 15:32:32,699 INFO httpx2: HTTP Request: POST https://api.fireworks.ai/inference/v1/chat/completions "HTTP/1.1 200 OK"
2026-09-05 15:32:34,544 INFO httpx2: HTTP Request: POST https://api.fireworks.ai/inference/v1/chat/completions "HTTP/1.1 200 OK"
2026-09-05 15:32:35,683 INFO httpx2: HTTP Request: POST https://api.fireworks.ai/inference/v1/chat/completions "HTTP/1.1 200 OK"
2026-09-05 15:32:39,396 INFO httpx2: HTTP Request: POST https://api.fireworks.ai/inference/v1/chat/completions "HTTP/1.1 200 OK"
2026-09-05 15:32:40,377 INFO httpx2: HTTP Request: POST https://api.fireworks.ai/inference/v1/chat/completions "HTTP/1.1 200 OK"
2026-09-05 15:32:41,389 INFO httpx2: HTTP Request: POST https://api.fireworks.ai/inference/v1/chat/completions "HTTP/1.1 200 OK"
2026-09-05 15:32:42,034 INFO httpx2: HTTP Request: POST https://api.fireworks.ai/inference/v1/chat/completions "HTTP/1.1 200 OK"
2026-09-05 15:32:46,194 INFO httpx2: HTTP Request: POST https://api.fireworks.ai/inference/v1/chat/completions "HTTP/1.1 200 OK"
2026-09-05 15:32:48,367 INFO httpx2: HTTP Request: POST https://api.fireworks.ai/inference/v1/chat/completions "HTTP/1.1 200 OK"
2026-09-05 15:32:48,371 INFO gen: 1925/2384 done, 2758s elapsed, $16.27 this run, 1 retries
2026-09-05 15:32:50,961 INFO httpx2: HTTP Request: POST https://api.fireworks.ai/inference/v1/chat/completions "HTTP/1.1 200 OK"
2026-09-05 15:32:53,384 INFO httpx2: HTTP Request: POST https://api.fireworks.ai/inference/v1/chat/completions "HTTP/1.1 200 OK"
2026-09-05 15:32:55,961 INFO httpx2: HTTP Request: POST https://api.fireworks.ai/inference/v1/chat/completions "HTTP/1.1 200 OK"
2026-09-05 15:32:57,750 INFO httpx2: HTTP Request: POST https://api.fireworks.ai/inference/v1/chat/completions "HTTP/1.1 200 OK"
2026-09-05 15:32:58,301 INFO httpx2: HTTP Request: POST https://api.fireworks.ai/inference/v1/chat/completions "HTTP/1.1 200 OK"
2026-09-05 15:32:58,414 INFO httpx2: HTTP Request: POST https://api.fireworks.ai/inference/v1/chat/completions "HTTP/1.1 200 OK"
2026-09-05 15:33:02,468 INFO httpx2: HTTP Request: POST https://api.fireworks.ai/inference/v1/chat/completions "HTTP/1.1 200 OK"
2026-09-05 15:33:05,567 INFO httpx2: HTTP Request: POST https://api.fireworks.ai/inference/v1/chat/completions "HTTP/1.1 200 OK"
2026-09-05 15:33:05,754 INFO httpx2: HTTP Request: POST https://api.fireworks.ai/inference/v1/chat/completions "HTTP/1.1 429 Too Many Requests"
2026-09-05 15:33:05,759 WARNING fireworks: retry 2026-09-05T15:33:05 model=accounts/fireworks/models/qwen3p8-max attempt=1 delay=1.5s reason=RateLimitError: Error code: 429 - {'error': {'object': 'error', 'type': 'invalid_request_error', 'code': 'invalid_request_error', 'message': 'rate limit exceeded, please try again later'}}
2026-09-05 15:33:07,646 INFO httpx2: HTTP Request: POST https://api.fireworks.ai/inference/v1/chat/completions "HTTP/1.1 200 OK"
2026-09-05 15:33:07,839 INFO httpx2: HTTP Request: POST https://api.fireworks.ai/inference/v1/chat/completions "HTTP/1.1 429 Too Many Requests"
2026-09-05 15:33:07,842 WARNING fireworks: retry 2026-09-05T15:33:07 model=accounts/fireworks/models/qwen3p8-max attempt=1 delay=1.0s reason=RateLimitError: Error code: 429 - {'error': {'object': 'error', 'type': 'invalid_request_error', 'code': 'invalid_request_error', 'message': 'rate limit exceeded, please try again later'}}
2026-09-05 15:33:07,851 INFO httpx2: HTTP Request: POST https://api.fireworks.ai/inference/v1/chat/completions "HTTP/1.1 200 OK"
2026-09-05 15:33:09,088 INFO httpx2: HTTP Request: POST https://api.fireworks.ai/inference/v1/chat/completions "HTTP/1.1 200 OK"
2026-09-05 15:33:14,757 INFO httpx2: HTTP Request: POST https://api.fireworks.ai/inference/v1/chat/completions "HTTP/1.1 200 OK"
2026-09-05 15:33:15,803 INFO httpx2: HTTP Request: POST https://api.fireworks.ai/inference/v1/chat/completions "HTTP/1.1 200 OK"
2026-09-05 15:33:16,057 INFO httpx2: HTTP Request: POST https://api.fireworks.ai/inference/v1/chat/completions "HTTP/1.1 200 OK"
2026-09-05 15:33:19,087 INFO httpx2: HTTP Request: POST https://api.fireworks.ai/inference/v1/chat/completions "HTTP/1.1 200 OK"
2026-09-05 15:33:19,291 INFO httpx2: HTTP Request: POST https://api.fireworks.ai/inference/v1/chat/completions "HTTP/1.1 429 Too Many Requests"
2026-09-05 15:33:19,294 WARNING fireworks: retry 2026-09-05T15:33:19 model=accounts/fireworks/models/qwen3p8-max attempt=1 delay=1.4s reason=RateLimitError: Error code: 429 - {'error': {'object': 'error', 'type': 'invalid_request_error', 'code': 'invalid_request_error', 'message': 'rate limit exceeded, please try again later'}}
2026-09-05 15:33:20,839 INFO httpx2: HTTP Request: POST https://api.fireworks.ai/inference/v1/chat/completions "HTTP/1.1 429 Too Many Requests"
2026-09-05 15:33:20,841 WARNING fireworks: retry 2026-09-05T15:33:20 model=accounts/fireworks/models/qwen3p8-max attempt=2 delay=2.1s reason=RateLimitError: Error code: 429 - {'error': {'object': 'error', 'type': 'invalid_request_error', 'code': 'invalid_request_error', 'message': 'rate limit exceeded, please try again later'}}
2026-09-05 15:33:21,145 INFO httpx2: HTTP Request: POST https://api.fireworks.ai/inference/v1/chat/completions "HTTP/1.1 200 OK"
2026-09-05 15:33:21,335 INFO httpx2: HTTP Request: POST https://api.fireworks.ai/inference/v1/chat/completions "HTTP/1.1 429 Too Many Requests"
2026-09-05 15:33:21,336 WARNING fireworks: retry 2026-09-05T15:33:21 model=accounts/fireworks/models/qwen3p8-max attempt=1 delay=1.2s reason=RateLimitError: Error code: 429 - {'error': {'object': 'error', 'type': 'invalid_request_error', 'code': 'invalid_request_error', 'message': 'rate limit exceeded, please try again later'}}
2026-09-05 15:33:22,671 INFO httpx2: HTTP Request: POST https://api.fireworks.ai/inference/v1/chat/completions "HTTP/1.1 429 Too Many Requests"
2026-09-05 15:33:22,673 WARNING fireworks: retry 2026-09-05T15:33:22 model=accounts/fireworks/models/qwen3p8-max attempt=2 delay=2.6s reason=RateLimitError: Error code: 429 - {'error': {'object': 'error', 'type': 'invalid_request_error', 'code': 'invalid_request_error', 'message': 'rate limit exceeded, please try again later'}}
2026-09-05 15:33:23,090 INFO httpx2: HTTP Request: POST https://api.fireworks.ai/inference/v1/chat/completions "HTTP/1.1 429 Too Many Requests"
2026-09-05 15:33:23,093 WARNING fireworks: retry 2026-09-05T15:33:23 model=accounts/fireworks/models/qwen3p8-max attempt=3 delay=4.7s reason=RateLimitError: Error code: 429 - {'error': {'object': 'error', 'type': 'invalid_request_error', 'code': 'invalid_request_error', 'message': 'rate limit exceeded, please try again later'}}
2026-09-05 15:33:24,660 INFO httpx2: HTTP Request: POST https://api.fireworks.ai/inference/v1/chat/completions "HTTP/1.1 200 OK"
2026-09-05 15:33:25,475 INFO httpx2: HTTP Request: POST https://api.fireworks.ai/inference/v1/chat/completions "HTTP/1.1 429 Too Many Requests"
2026-09-05 15:33:25,477 WARNING fireworks: retry 2026-09-05T15:33:25 model=accounts/fireworks/models/qwen3p8-max attempt=3 delay=4.6s reason=RateLimitError: Error code: 429 - {'error': {'object': 'error', 'type': 'invalid_request_error', 'code': 'invalid_request_error', 'message': 'rate limit exceeded, please try again later'}}
2026-09-05 15:33:27,979 INFO httpx2: HTTP Request: POST https://api.fireworks.ai/inference/v1/chat/completions "HTTP/1.1 429 Too Many Requests"
2026-09-05 15:33:27,982 WARNING fireworks: retry 2026-09-05T15:33:27 model=accounts/fireworks/models/qwen3p8-max attempt=4 delay=8.9s reason=RateLimitError: Error code: 429 - {'error': {'object': 'error', 'type': 'invalid_request_error', 'code': 'invalid_request_error', 'message': 'rate limit exceeded, please try again later'}}
2026-09-05 15:33:27,989 INFO httpx2: HTTP Request: POST https://api.fireworks.ai/inference/v1/chat/completions "HTTP/1.1 200 OK"
2026-09-05 15:33:28,186 INFO httpx2: HTTP Request: POST https://api.fireworks.ai/inference/v1/chat/completions "HTTP/1.1 200 OK"
2026-09-05 15:33:28,375 INFO httpx2: HTTP Request: POST https://api.fireworks.ai/inference/v1/chat/completions "HTTP/1.1 429 Too Many Requests"
2026-09-05 15:33:28,378 WARNING fireworks: retry 2026-09-05T15:33:28 model=accounts/fireworks/models/qwen3p8-max attempt=1 delay=1.5s reason=RateLimitError: Error code: 429 - {'error': {'object': 'error', 'type': 'invalid_request_error', 'code': 'invalid_request_error', 'message': 'rate limit exceeded, please try again later'}}
2026-09-05 15:33:30,018 INFO httpx2: HTTP Request: POST https://api.fireworks.ai/inference/v1/chat/completions "HTTP/1.1 429 Too Many Requests"
2026-09-05 15:33:30,021 WARNING fireworks: retry 2026-09-05T15:33:30 model=accounts/fireworks/models/qwen3p8-max attempt=2 delay=2.6s reason=RateLimitError: Error code: 429 - {'error': {'object': 'error', 'type': 'invalid_request_error', 'code': 'invalid_request_error', 'message': 'rate limit exceeded, please try again later'}}
2026-09-05 15:33:34,017 INFO httpx2: HTTP Request: POST https://api.fireworks.ai/inference/v1/chat/completions "HTTP/1.1 200 OK"
2026-09-05 15:33:34,121 INFO httpx2: HTTP Request: POST https://api.fireworks.ai/inference/v1/chat/completions "HTTP/1.1 200 OK"
2026-09-05 15:33:34,885 INFO httpx2: HTTP Request: POST https://api.fireworks.ai/inference/v1/chat/completions "HTTP/1.1 200 OK"
2026-09-05 15:33:38,771 INFO httpx2: HTTP Request: POST https://api.fireworks.ai/inference/v1/chat/completions "HTTP/1.1 200 OK"
2026-09-05 15:33:40,588 INFO httpx2: HTTP Request: POST https://api.fireworks.ai/inference/v1/chat/completions "HTTP/1.1 200 OK"
2026-09-05 15:33:41,170 INFO httpx2: HTTP Request: POST https://api.fireworks.ai/inference/v1/chat/completions "HTTP/1.1 200 OK"
2026-09-05 15:33:41,174 INFO gen: 1950/2384 done, 2811s elapsed, $16.67 this run, 12 retries
2026-09-05 15:33:41,513 INFO httpx2: HTTP Request: POST https://api.fireworks.ai/inference/v1/chat/completions "HTTP/1.1 200 OK"
2026-09-05 15:33:48,269 INFO httpx2: HTTP Request: POST https://api.fireworks.ai/inference/v1/chat/completions "HTTP/1.1 200 OK"
2026-09-05 15:33:49,604 INFO httpx2: HTTP Request: POST https://api.fireworks.ai/inference/v1/chat/completions "HTTP/1.1 200 OK"
2026-09-05 15:33:49,809 INFO httpx2: HTTP Request: POST https://api.fireworks.ai/inference/v1/chat/completions "HTTP/1.1 200 OK"
2026-09-05 15:33:51,794 INFO httpx2: HTTP Request: POST https://api.fireworks.ai/inference/v1/chat/completions "HTTP/1.1 200 OK"
2026-09-05 15:33:51,982 INFO httpx2: HTTP Request: POST https://api.fireworks.ai/inference/v1/chat/completions "HTTP/1.1 200 OK"
2026-09-05 15:33:52,469 INFO httpx2: HTTP Request: POST https://api.fireworks.ai/inference/v1/chat/completions "HTTP/1.1 200 OK"
2026-09-05 15:33:56,107 INFO httpx2: HTTP Request: POST https://api.fireworks.ai/inference/v1/chat/completions "HTTP/1.1 200 OK"
2026-09-05 15:33:57,932 INFO httpx2: HTTP Request: POST https://api.fireworks.ai/inference/v1/chat/completions "HTTP/1.1 200 OK"
2026-09-05 15:33:58,613 INFO httpx2: HTTP Request: POST https://api.fireworks.ai/inference/v1/chat/completions "HTTP/1.1 200 OK"
2026-09-05 15:34:01,550 INFO httpx2: HTTP Request: POST https://api.fireworks.ai/inference/v1/chat/completions "HTTP/1.1 200 OK"
2026-09-05 15:34:04,232 INFO httpx2: HTTP Request: POST https://api.fireworks.ai/inference/v1/chat/completions "HTTP/1.1 200 OK"
2026-09-05 15:34:09,574 INFO httpx2: HTTP Request: POST https://api.fireworks.ai/inference/v1/chat/completions "HTTP/1.1 200 OK"
2026-09-05 15:34:10,604 INFO httpx2: HTTP Request: POST https://api.fireworks.ai/inference/v1/chat/completions "HTTP/1.1 200 OK"
2026-09-05 15:34:10,791 INFO httpx2: HTTP Request: POST https://api.fireworks.ai/inference/v1/chat/completions "HTTP/1.1 200 OK"
2026-09-05 15:34:12,881 INFO httpx2: HTTP Request: POST https://api.fireworks.ai/inference/v1/chat/completions "HTTP/1.1 200 OK"
2026-09-05 15:34:16,021 INFO httpx2: HTTP Request: POST https://api.fireworks.ai/inference/v1/chat/completions "HTTP/1.1 200 OK"
2026-09-05 15:34:19,550 INFO httpx2: HTTP Request: POST https://api.fireworks.ai/inference/v1/chat/completions "HTTP/1.1 200 OK"
2026-09-05 15:34:24,314 INFO httpx2: HTTP Request: POST https://api.fireworks.ai/inference/v1/chat/completions "HTTP/1.1 200 OK"
2026-09-05 15:34:31,040 INFO httpx2: HTTP Request: POST https://api.fireworks.ai/inference/v1/chat/completions "HTTP/1.1 200 OK"
2026-09-05 15:34:32,862 INFO httpx2: HTTP Request: POST https://api.fireworks.ai/inference/v1/chat/completions "HTTP/1.1 200 OK"
2026-09-05 15:34:39,091 INFO httpx2: HTTP Request: POST https://api.fireworks.ai/inference/v1/chat/completions "HTTP/1.1 200 OK"
2026-09-05 15:34:39,111 INFO httpx2: HTTP Request: POST https://api.fireworks.ai/inference/v1/chat/completions "HTTP/1.1 200 OK"
2026-09-05 15:34:39,779 INFO httpx2: HTTP Request: POST https://api.fireworks.ai/inference/v1/chat/completions "HTTP/1.1 200 OK"
2026-09-05 15:34:40,096 INFO httpx2: HTTP Request: POST https://api.fireworks.ai/inference/v1/chat/completions "HTTP/1.1 200 OK"
2026-09-05 15:34:40,097 INFO gen: 1975/2384 done, 2870s elapsed, $17.08 this run, 12 retries
2026-09-05 15:34:42,032 INFO httpx2: HTTP Request: POST https://api.fireworks.ai/inference/v1/chat/completions "HTTP/1.1 200 OK"
2026-09-05 15:34:44,095 INFO httpx2: HTTP Request: POST https://api.fireworks.ai/inference/v1/chat/completions "HTTP/1.1 200 OK"
2026-09-05 15:34:44,643 INFO httpx2: HTTP Request: POST https://api.fireworks.ai/inference/v1/chat/completions "HTTP/1.1 200 OK"
2026-09-05 15:34:48,398 INFO httpx2: HTTP Request: POST https://api.fireworks.ai/inference/v1/chat/completions "HTTP/1.1 200 OK"
2026-09-05 15:34:52,171 INFO httpx2: HTTP Request: POST https://api.fireworks.ai/inference/v1/chat/completions "HTTP/1.1 200 OK"
2026-09-05 15:34:56,510 INFO httpx2: HTTP Request: POST https://api.fireworks.ai/inference/v1/chat/completions "HTTP/1.1 200 OK"
2026-09-05 15:35:00,670 INFO httpx2: HTTP Request: POST https://api.fireworks.ai/inference/v1/chat/completions "HTTP/1.1 200 OK"
2026-09-05 15:35:00,722 INFO httpx2: HTTP Request: POST https://api.fireworks.ai/inference/v1/chat/completions "HTTP/1.1 200 OK"
2026-09-05 15:35:02,106 INFO httpx2: HTTP Request: POST https://api.fireworks.ai/inference/v1/chat/completions "HTTP/1.1 200 OK"
2026-09-05 15:35:06,032 INFO httpx2: HTTP Request: POST https://api.fireworks.ai/inference/v1/chat/completions "HTTP/1.1 200 OK"
2026-09-05 15:35:11,421 INFO httpx2: HTTP Request: POST https://api.fireworks.ai/inference/v1/chat/completions "HTTP/1.1 200 OK"
2026-09-05 15:35:11,866 INFO httpx2: HTTP Request: POST https://api.fireworks.ai/inference/v1/chat/completions "HTTP/1.1 200 OK"
2026-09-05 15:35:12,123 INFO httpx2: HTTP Request: POST https://api.fireworks.ai/inference/v1/chat/completions "HTTP/1.1 200 OK"
2026-09-05 15:35:14,695 INFO httpx2: HTTP Request: POST https://api.fireworks.ai/inference/v1/chat/completions "HTTP/1.1 200 OK"
2026-09-05 15:35:15,435 INFO httpx2: HTTP Request: POST https://api.fireworks.ai/inference/v1/chat/completions "HTTP/1.1 200 OK"
2026-09-05 15:35:15,565 INFO httpx2: HTTP Request: POST https://api.fireworks.ai/inference/v1/chat/completions "HTTP/1.1 200 OK"
2026-09-05 15:35:17,440 INFO httpx2: HTTP Request: POST https://api.fireworks.ai/inference/v1/chat/completions "HTTP/1.1 200 OK"
2026-09-05 15:35:17,642 INFO httpx2: HTTP Request: POST https://api.fireworks.ai/inference/v1/chat/completions "HTTP/1.1 200 OK"
2026-09-05 15:35:20,739 INFO httpx2: HTTP Request: POST https://api.fireworks.ai/inference/v1/chat/completions "HTTP/1.1 200 OK"
2026-09-05 15:35:24,158 INFO httpx2: HTTP Request: POST https://api.fireworks.ai/inference/v1/chat/completions "HTTP/1.1 200 OK"
2026-09-05 15:35:29,641 INFO httpx2: HTTP Request: POST https://api.fireworks.ai/inference/v1/chat/completions "HTTP/1.1 200 OK"
2026-09-05 15:35:30,287 INFO httpx2: HTTP Request: POST https://api.fireworks.ai/inference/v1/chat/completions "HTTP/1.1 200 OK"
2026-09-05 15:35:35,188 INFO httpx2: HTTP Request: POST https://api.fireworks.ai/inference/v1/chat/completions "HTTP/1.1 200 OK"
2026-09-05 15:35:36,474 INFO httpx2: HTTP Request: POST https://api.fireworks.ai/inference/v1/chat/completions "HTTP/1.1 200 OK"
2026-09-05 15:35:37,638 INFO httpx2: HTTP Request: POST https://api.fireworks.ai/inference/v1/chat/completions "HTTP/1.1 200 OK"
2026-09-05 15:35:37,658 INFO gen: 2000/2384 done, 2927s elapsed, $17.56 this run, 12 retries
2026-09-05 15:35:39,048 INFO httpx2: HTTP Request: POST https://api.fireworks.ai/inference/v1/chat/completions "HTTP/1.1 200 OK"
2026-09-05 15:35:40,640 INFO httpx2: HTTP Request: POST https://api.fireworks.ai/inference/v1/chat/completions "HTTP/1.1 200 OK"
2026-09-05 15:35:41,332 INFO httpx2: HTTP Request: POST https://api.fireworks.ai/inference/v1/chat/completions "HTTP/1.1 200 OK"
2026-09-05 15:35:44,804 INFO httpx2: HTTP Request: POST https://api.fireworks.ai/inference/v1/chat/completions "HTTP/1.1 200 OK"
2026-09-05 15:35:45,826 INFO httpx2: HTTP Request: POST https://api.fireworks.ai/inference/v1/chat/completions "HTTP/1.1 200 OK"
2026-09-05 15:35:49,697 INFO httpx2: HTTP Request: POST https://api.fireworks.ai/inference/v1/chat/completions "HTTP/1.1 200 OK"
2026-09-05 15:35:51,094 INFO httpx2: HTTP Request: POST https://api.fireworks.ai/inference/v1/chat/completions "HTTP/1.1 200 OK"
2026-09-05 15:36:04,338 INFO httpx2: HTTP Request: POST https://api.fireworks.ai/inference/v1/chat/completions "HTTP/1.1 200 OK"
2026-09-05 15:36:07,425 INFO httpx2: HTTP Request: POST https://api.fireworks.ai/inference/v1/chat/completions "HTTP/1.1 200 OK"
2026-09-05 15:36:12,963 INFO httpx2: HTTP Request: POST https://api.fireworks.ai/inference/v1/chat/completions "HTTP/1.1 200 OK"
2026-09-05 15:36:21,020 INFO httpx2: HTTP Request: POST https://api.fireworks.ai/inference/v1/chat/completions "HTTP/1.1 200 OK"
2026-09-05 15:36:21,329 INFO httpx2: HTTP Request: POST https://api.fireworks.ai/inference/v1/chat/completions "HTTP/1.1 200 OK"
2026-09-05 15:36:23,969 INFO httpx2: HTTP Request: POST https://api.fireworks.ai/inference/v1/chat/completions "HTTP/1.1 200 OK"
2026-09-05 15:36:30,556 INFO httpx2: HTTP Request: POST https://api.fireworks.ai/inference/v1/chat/completions "HTTP/1.1 200 OK"
2026-09-05 15:36:34,058 INFO httpx2: HTTP Request: POST https://api.fireworks.ai/inference/v1/chat/completions "HTTP/1.1 200 OK"
2026-09-05 15:36:34,198 INFO httpx2: HTTP Request: POST https://api.fireworks.ai/inference/v1/chat/completions "HTTP/1.1 200 OK"
2026-09-05 15:36:42,149 INFO httpx2: HTTP Request: POST https://api.fireworks.ai/inference/v1/chat/completions "HTTP/1.1 200 OK"
2026-09-05 15:36:42,890 INFO httpx2: HTTP Request: POST https://api.fireworks.ai/inference/v1/chat/completions "HTTP/1.1 200 OK"
2026-09-05 15:36:46,677 INFO httpx2: HTTP Request: POST https://api.fireworks.ai/inference/v1/chat/completions "HTTP/1.1 200 OK"
2026-09-05 15:36:55,895 INFO httpx2: HTTP Request: POST https://api.fireworks.ai/inference/v1/chat/completions "HTTP/1.1 200 OK"
2026-09-05 15:36:58,489 INFO httpx2: HTTP Request: POST https://api.fireworks.ai/inference/v1/chat/completions "HTTP/1.1 200 OK"
2026-09-05 15:37:03,835 INFO httpx2: HTTP Request: POST https://api.fireworks.ai/inference/v1/chat/completions "HTTP/1.1 200 OK"
2026-09-05 15:37:04,722 INFO httpx2: HTTP Request: POST https://api.fireworks.ai/inference/v1/chat/completions "HTTP/1.1 200 OK"
2026-09-05 15:37:07,235 INFO httpx2: HTTP Request: POST https://api.fireworks.ai/inference/v1/chat/completions "HTTP/1.1 200 OK"
2026-09-05 15:37:08,032 INFO httpx2: HTTP Request: POST https://api.fireworks.ai/inference/v1/chat/completions "HTTP/1.1 200 OK"
2026-09-05 15:37:08,035 INFO gen: 2025/2384 done, 3018s elapsed, $18.02 this run, 12 retries
2026-09-05 15:37:11,128 INFO httpx2: HTTP Request: POST https://api.fireworks.ai/inference/v1/chat/completions "HTTP/1.1 200 OK"
2026-09-05 15:37:14,564 INFO httpx2: HTTP Request: POST https://api.fireworks.ai/inference/v1/chat/completions "HTTP/1.1 200 OK"
2026-09-05 15:37:17,988 INFO httpx2: HTTP Request: POST https://api.fireworks.ai/inference/v1/chat/completions "HTTP/1.1 200 OK"
2026-09-05 15:37:21,899 INFO httpx2: HTTP Request: POST https://api.fireworks.ai/inference/v1/chat/completions "HTTP/1.1 200 OK"
2026-09-05 15:37:25,193 INFO httpx2: HTTP Request: POST https://api.fireworks.ai/inference/v1/chat/completions "HTTP/1.1 200 OK"
2026-09-05 15:37:27,586 INFO httpx2: HTTP Request: POST https://api.fireworks.ai/inference/v1/chat/completions "HTTP/1.1 200 OK"
2026-09-05 15:37:29,357 INFO httpx2: HTTP Request: POST https://api.fireworks.ai/inference/v1/chat/completions "HTTP/1.1 200 OK"
2026-09-05 15:37:31,562 INFO httpx2: HTTP Request: POST https://api.fireworks.ai/inference/v1/chat/completions "HTTP/1.1 200 OK"
2026-09-05 15:37:37,585 INFO httpx2: HTTP Request: POST https://api.fireworks.ai/inference/v1/chat/completions "HTTP/1.1 200 OK"
2026-09-05 15:37:44,595 INFO httpx2: HTTP Request: POST https://api.fireworks.ai/inference/v1/chat/completions "HTTP/1.1 200 OK"
2026-09-05 15:37:53,228 INFO httpx2: HTTP Request: POST https://api.fireworks.ai/inference/v1/chat/completions "HTTP/1.1 200 OK"
2026-09-05 15:37:57,578 INFO httpx2: HTTP Request: POST https://api.fireworks.ai/inference/v1/chat/completions "HTTP/1.1 200 OK"
2026-09-05 15:37:57,924 INFO httpx2: HTTP Request: POST https://api.fireworks.ai/inference/v1/chat/completions "HTTP/1.1 200 OK"
2026-09-05 15:37:59,971 INFO httpx2: HTTP Request: POST https://api.fireworks.ai/inference/v1/chat/completions "HTTP/1.1 200 OK"
2026-09-05 15:38:01,371 INFO httpx2: HTTP Request: POST https://api.fireworks.ai/inference/v1/chat/completions "HTTP/1.1 200 OK"
2026-09-05 15:38:04,314 INFO httpx2: HTTP Request: POST https://api.fireworks.ai/inference/v1/chat/completions "HTTP/1.1 200 OK"
2026-09-05 15:38:05,421 INFO httpx2: HTTP Request: POST https://api.fireworks.ai/inference/v1/chat/completions "HTTP/1.1 200 OK"
2026-09-05 15:38:12,977 INFO httpx2: HTTP Request: POST https://api.fireworks.ai/inference/v1/chat/completions "HTTP/1.1 200 OK"
2026-09-05 15:38:14,247 INFO httpx2: HTTP Request: POST https://api.fireworks.ai/inference/v1/chat/completions "HTTP/1.1 200 OK"
2026-09-05 15:38:14,643 INFO httpx2: HTTP Request: POST https://api.fireworks.ai/inference/v1/chat/completions "HTTP/1.1 200 OK"
2026-09-05 15:38:21,789 INFO httpx2: HTTP Request: POST https://api.fireworks.ai/inference/v1/chat/completions "HTTP/1.1 200 OK"
2026-09-05 15:38:26,990 INFO httpx2: HTTP Request: POST https://api.fireworks.ai/inference/v1/chat/completions "HTTP/1.1 200 OK"
2026-09-05 15:38:32,880 INFO httpx2: HTTP Request: POST https://api.fireworks.ai/inference/v1/chat/completions "HTTP/1.1 200 OK"
2026-09-05 15:38:33,418 INFO httpx2: HTTP Request: POST https://api.fireworks.ai/inference/v1/chat/completions "HTTP/1.1 200 OK"
2026-09-05 15:38:47,596 INFO httpx2: HTTP Request: POST https://api.fireworks.ai/inference/v1/chat/completions "HTTP/1.1 200 OK"
2026-09-05 15:38:47,600 INFO gen: 2050/2384 done, 3117s elapsed, $18.46 this run, 12 retries
2026-09-05 15:38:55,063 INFO httpx2: HTTP Request: POST https://api.fireworks.ai/inference/v1/chat/completions "HTTP/1.1 200 OK"
2026-09-05 15:38:55,622 INFO httpx2: HTTP Request: POST https://api.fireworks.ai/inference/v1/chat/completions "HTTP/1.1 200 OK"
2026-09-05 15:38:57,820 INFO httpx2: HTTP Request: POST https://api.fireworks.ai/inference/v1/chat/completions "HTTP/1.1 200 OK"
2026-09-05 15:38:57,872 INFO httpx2: HTTP Request: POST https://api.fireworks.ai/inference/v1/chat/completions "HTTP/1.1 200 OK"
2026-09-05 15:39:04,743 INFO httpx2: HTTP Request: POST https://api.fireworks.ai/inference/v1/chat/completions "HTTP/1.1 200 OK"
2026-09-05 15:39:04,777 INFO httpx2: HTTP Request: POST https://api.fireworks.ai/inference/v1/chat/completions "HTTP/1.1 200 OK"
2026-09-05 15:39:19,132 INFO httpx2: HTTP Request: POST https://api.fireworks.ai/inference/v1/chat/completions "HTTP/1.1 200 OK"
2026-09-05 15:39:22,166 INFO httpx2: HTTP Request: POST https://api.fireworks.ai/inference/v1/chat/completions "HTTP/1.1 200 OK"
2026-09-05 15:39:22,805 INFO httpx2: HTTP Request: POST https://api.fireworks.ai/inference/v1/chat/completions "HTTP/1.1 200 OK"
2026-09-05 15:39:29,809 INFO httpx2: HTTP Request: POST https://api.fireworks.ai/inference/v1/chat/completions "HTTP/1.1 200 OK"
2026-09-05 15:39:30,723 INFO httpx2: HTTP Request: POST https://api.fireworks.ai/inference/v1/chat/completions "HTTP/1.1 200 OK"
2026-09-05 15:39:33,550 INFO httpx2: HTTP Request: POST https://api.fireworks.ai/inference/v1/chat/completions "HTTP/1.1 200 OK"
2026-09-05 15:39:46,590 INFO httpx2: HTTP Request: POST https://api.fireworks.ai/inference/v1/chat/completions "HTTP/1.1 200 OK"
2026-09-05 15:39:48,094 INFO httpx2: HTTP Request: POST https://api.fireworks.ai/inference/v1/chat/completions "HTTP/1.1 200 OK"
2026-09-05 15:39:54,293 INFO httpx2: HTTP Request: POST https://api.fireworks.ai/inference/v1/chat/completions "HTTP/1.1 200 OK"
2026-09-05 15:39:55,883 INFO httpx2: HTTP Request: POST https://api.fireworks.ai/inference/v1/chat/completions "HTTP/1.1 200 OK"
2026-09-05 15:39:57,109 INFO httpx2: HTTP Request: POST https://api.fireworks.ai/inference/v1/chat/completions "HTTP/1.1 200 OK"
2026-09-05 15:39:57,146 INFO httpx2: HTTP Request: POST https://api.fireworks.ai/inference/v1/chat/completions "HTTP/1.1 200 OK"
2026-09-05 15:39:58,666 INFO httpx2: HTTP Request: POST https://api.fireworks.ai/inference/v1/chat/completions "HTTP/1.1 200 OK"
2026-09-05 15:39:59,898 INFO httpx2: HTTP Request: POST https://api.fireworks.ai/inference/v1/chat/completions "HTTP/1.1 200 OK"
2026-09-05 15:40:12,388 INFO httpx2: HTTP Request: POST https://api.fireworks.ai/inference/v1/chat/completions "HTTP/1.1 200 OK"
2026-09-05 15:40:17,368 INFO httpx2: HTTP Request: POST https://api.fireworks.ai/inference/v1/chat/completions "HTTP/1.1 200 OK"
2026-09-05 15:40:26,317 INFO httpx2: HTTP Request: POST https://api.fireworks.ai/inference/v1/chat/completions "HTTP/1.1 200 OK"
2026-09-05 15:40:39,020 INFO httpx2: HTTP Request: POST https://api.fireworks.ai/inference/v1/chat/completions "HTTP/1.1 200 OK"
2026-09-05 15:40:42,774 INFO httpx2: HTTP Request: POST https://api.fireworks.ai/inference/v1/chat/completions "HTTP/1.1 200 OK"
2026-09-05 15:40:42,777 INFO gen: 2075/2384 done, 3232s elapsed, $18.99 this run, 12 retries
2026-09-05 15:40:46,182 INFO httpx2: HTTP Request: POST https://api.fireworks.ai/inference/v1/chat/completions "HTTP/1.1 200 OK"
2026-09-05 15:40:52,999 INFO httpx2: HTTP Request: POST https://api.fireworks.ai/inference/v1/chat/completions "HTTP/1.1 200 OK"
2026-09-05 15:41:10,874 INFO httpx2: HTTP Request: POST https://api.fireworks.ai/inference/v1/chat/completions "HTTP/1.1 200 OK"
2026-09-05 15:41:23,282 INFO httpx2: HTTP Request: POST https://api.fireworks.ai/inference/v1/chat/completions "HTTP/1.1 200 OK"
2026-09-05 15:41:27,467 INFO httpx2: HTTP Request: POST https://api.fireworks.ai/inference/v1/chat/completions "HTTP/1.1 200 OK"
2026-09-05 15:41:28,780 INFO httpx2: HTTP Request: POST https://api.fireworks.ai/inference/v1/chat/completions "HTTP/1.1 200 OK"
2026-09-05 15:41:37,220 INFO httpx2: HTTP Request: POST https://api.fireworks.ai/inference/v1/chat/completions "HTTP/1.1 200 OK"
2026-09-05 15:41:57,837 INFO httpx2: HTTP Request: POST https://api.fireworks.ai/inference/v1/chat/completions "HTTP/1.1 200 OK"
2026-09-05 15:42:00,601 INFO httpx2: HTTP Request: POST https://api.fireworks.ai/inference/v1/chat/completions "HTTP/1.1 200 OK"
2026-09-05 15:42:25,425 INFO httpx2: HTTP Request: POST https://api.fireworks.ai/inference/v1/chat/completions "HTTP/1.1 200 OK"
2026-09-05 15:42:49,126 INFO httpx2: HTTP Request: POST https://api.fireworks.ai/inference/v1/chat/completions "HTTP/1.1 200 OK"
2026-09-05 15:42:58,038 INFO httpx2: HTTP Request: POST https://api.fireworks.ai/inference/v1/chat/completions "HTTP/1.1 200 OK"
2026-09-05 15:42:59,243 INFO httpx2: HTTP Request: POST https://api.fireworks.ai/inference/v1/chat/completions "HTTP/1.1 200 OK"
2026-09-05 15:43:09,567 INFO httpx2: HTTP Request: POST https://api.fireworks.ai/inference/v1/chat/completions "HTTP/1.1 200 OK"
2026-09-05 15:43:14,267 INFO httpx2: HTTP Request: POST https://api.fireworks.ai/inference/v1/chat/completions "HTTP/1.1 200 OK"
2026-09-05 15:43:19,349 INFO httpx2: HTTP Request: POST https://api.fireworks.ai/inference/v1/chat/completions "HTTP/1.1 200 OK"
2026-09-05 15:43:26,234 INFO httpx2: HTTP Request: POST https://api.fireworks.ai/inference/v1/chat/completions "HTTP/1.1 200 OK"
2026-09-05 15:43:33,617 INFO httpx2: HTTP Request: POST https://api.fireworks.ai/inference/v1/chat/completions "HTTP/1.1 200 OK"
2026-09-05 15:43:33,635 INFO httpx2: HTTP Request: POST https://api.fireworks.ai/inference/v1/chat/completions "HTTP/1.1 200 OK"
2026-09-05 15:43:43,331 INFO httpx2: HTTP Request: POST https://api.fireworks.ai/inference/v1/chat/completions "HTTP/1.1 200 OK"
2026-09-05 15:43:54,055 INFO httpx2: HTTP Request: POST https://api.fireworks.ai/inference/v1/chat/completions "HTTP/1.1 200 OK"
2026-09-05 15:44:07,438 INFO httpx2: HTTP Request: POST https://api.fireworks.ai/inference/v1/chat/completions "HTTP/1.1 200 OK"
2026-09-05 15:44:14,568 INFO httpx2: HTTP Request: POST https://api.fireworks.ai/inference/v1/chat/completions "HTTP/1.1 200 OK"
2026-09-05 15:44:22,886 INFO httpx2: HTTP Request: POST https://api.fireworks.ai/inference/v1/chat/completions "HTTP/1.1 200 OK"
2026-09-05 15:44:31,568 INFO httpx2: HTTP Request: POST https://api.fireworks.ai/inference/v1/chat/completions "HTTP/1.1 200 OK"
2026-09-05 15:44:31,570 INFO gen: 2100/2384 done, 3461s elapsed, $19.71 this run, 12 retries
2026-09-05 15:44:52,785 INFO httpx2: HTTP Request: POST https://api.fireworks.ai/inference/v1/chat/completions "HTTP/1.1 200 OK"
2026-09-05 15:44:56,270 INFO httpx2: HTTP Request: POST https://api.fireworks.ai/inference/v1/chat/completions "HTTP/1.1 200 OK"
2026-09-05 15:45:11,449 INFO httpx2: HTTP Request: POST https://api.fireworks.ai/inference/v1/chat/completions "HTTP/1.1 200 OK"
2026-09-05 15:45:15,188 INFO httpx2: HTTP Request: POST https://api.fireworks.ai/inference/v1/chat/completions "HTTP/1.1 200 OK"
2026-09-05 15:45:26,019 INFO httpx2: HTTP Request: POST https://api.fireworks.ai/inference/v1/chat/completions "HTTP/1.1 200 OK"
2026-09-05 15:45:45,672 INFO httpx2: HTTP Request: POST https://api.fireworks.ai/inference/v1/chat/completions "HTTP/1.1 200 OK"
2026-09-05 15:45:50,135 INFO httpx2: HTTP Request: POST https://api.fireworks.ai/inference/v1/chat/completions "HTTP/1.1 200 OK"
2026-09-05 15:45:52,629 INFO httpx2: HTTP Request: POST https://api.fireworks.ai/inference/v1/chat/completions "HTTP/1.1 200 OK"
2026-09-05 15:46:05,163 INFO httpx2: HTTP Request: POST https://api.fireworks.ai/inference/v1/chat/completions "HTTP/1.1 200 OK"
2026-09-05 15:46:11,334 INFO httpx2: HTTP Request: POST https://api.fireworks.ai/inference/v1/chat/completions "HTTP/1.1 200 OK"
2026-09-05 15:46:21,903 INFO httpx2: HTTP Request: POST https://api.fireworks.ai/inference/v1/chat/completions "HTTP/1.1 200 OK"
2026-09-05 15:46:31,957 INFO httpx2: HTTP Request: POST https://api.fireworks.ai/inference/v1/chat/completions "HTTP/1.1 200 OK"
2026-09-05 15:46:33,321 INFO httpx2: HTTP Request: POST https://api.fireworks.ai/inference/v1/chat/completions "HTTP/1.1 200 OK"
2026-09-05 15:46:36,597 INFO httpx2: HTTP Request: POST https://api.fireworks.ai/inference/v1/chat/completions "HTTP/1.1 200 OK"
2026-09-05 15:46:45,711 INFO httpx2: HTTP Request: POST https://api.fireworks.ai/inference/v1/chat/completions "HTTP/1.1 200 OK"
2026-09-05 15:46:52,771 INFO httpx2: HTTP Request: POST https://api.fireworks.ai/inference/v1/chat/completions "HTTP/1.1 200 OK"
2026-09-05 15:47:17,353 INFO httpx2: HTTP Request: POST https://api.fireworks.ai/inference/v1/chat/completions "HTTP/1.1 200 OK"
2026-09-05 15:47:28,274 INFO httpx2: HTTP Request: POST https://api.fireworks.ai/inference/v1/chat/completions "HTTP/1.1 200 OK"
2026-09-05 15:47:33,480 INFO httpx2: HTTP Request: POST https://api.fireworks.ai/inference/v1/chat/completions "HTTP/1.1 200 OK"
2026-09-05 15:48:47,637 INFO httpx2: HTTP Request: POST https://api.fireworks.ai/inference/v1/chat/completions "HTTP/1.1 200 OK"
2026-09-05 15:48:50,922 INFO httpx2: HTTP Request: POST https://api.fireworks.ai/inference/v1/chat/completions "HTTP/1.1 200 OK"
2026-09-05 15:49:01,597 INFO httpx2: HTTP Request: POST https://api.fireworks.ai/inference/v1/chat/completions "HTTP/1.1 200 OK"
2026-09-05 15:49:10,680 INFO httpx2: HTTP Request: POST https://api.fireworks.ai/inference/v1/chat/completions "HTTP/1.1 200 OK"
2026-09-05 15:49:25,283 INFO httpx2: HTTP Request: POST https://api.fireworks.ai/inference/v1/chat/completions "HTTP/1.1 200 OK"
2026-09-05 15:49:53,415 INFO httpx2: HTTP Request: POST https://api.fireworks.ai/inference/v1/chat/completions "HTTP/1.1 200 OK"
2026-09-05 15:49:53,417 INFO gen: 2125/2384 done, 3783s elapsed, $20.58 this run, 12 retries
2026-09-05 15:49:53,537 INFO httpx2: HTTP Request: POST https://api.fireworks.ai/inference/v1/chat/completions "HTTP/1.1 200 OK"
2026-09-05 15:50:07,426 INFO httpx2: HTTP Request: POST https://api.fireworks.ai/inference/v1/chat/completions "HTTP/1.1 200 OK"
2026-09-05 15:50:25,688 INFO httpx2: HTTP Request: POST https://api.fireworks.ai/inference/v1/chat/completions "HTTP/1.1 200 OK"
2026-09-05 15:50:36,396 INFO httpx2: HTTP Request: POST https://api.fireworks.ai/inference/v1/chat/completions "HTTP/1.1 200 OK"
2026-09-05 15:50:37,838 INFO httpx2: HTTP Request: POST https://api.fireworks.ai/inference/v1/chat/completions "HTTP/1.1 200 OK"
2026-09-05 15:50:54,816 INFO httpx2: HTTP Request: POST https://api.fireworks.ai/inference/v1/chat/completions "HTTP/1.1 200 OK"
2026-09-05 15:50:58,744 INFO httpx2: HTTP Request: POST https://api.fireworks.ai/inference/v1/chat/completions "HTTP/1.1 200 OK"
2026-09-05 15:51:00,274 INFO httpx2: HTTP Request: POST https://api.fireworks.ai/inference/v1/chat/completions "HTTP/1.1 200 OK"
2026-09-05 15:51:10,615 INFO httpx2: HTTP Request: POST https://api.fireworks.ai/inference/v1/chat/completions "HTTP/1.1 200 OK"
2026-09-05 15:51:11,572 INFO httpx2: HTTP Request: POST https://api.fireworks.ai/inference/v1/chat/completions "HTTP/1.1 200 OK"
2026-09-05 15:51:20,749 INFO httpx2: HTTP Request: POST https://api.fireworks.ai/inference/v1/chat/completions "HTTP/1.1 200 OK"
2026-09-05 15:51:32,985 INFO httpx2: HTTP Request: POST https://api.fireworks.ai/inference/v1/chat/completions "HTTP/1.1 200 OK"
2026-09-05 15:51:34,685 INFO httpx2: HTTP Request: POST https://api.fireworks.ai/inference/v1/chat/completions "HTTP/1.1 200 OK"
2026-09-05 15:51:56,399 INFO httpx2: HTTP Request: POST https://api.fireworks.ai/inference/v1/chat/completions "HTTP/1.1 200 OK"
2026-09-05 15:52:03,589 INFO httpx2: HTTP Request: POST https://api.fireworks.ai/inference/v1/chat/completions "HTTP/1.1 200 OK"
2026-09-05 15:52:06,123 INFO httpx2: HTTP Request: POST https://api.fireworks.ai/inference/v1/chat/completions "HTTP/1.1 200 OK"
2026-09-05 15:52:10,270 INFO httpx2: HTTP Request: POST https://api.fireworks.ai/inference/v1/chat/completions "HTTP/1.1 200 OK"
2026-09-05 15:52:12,612 INFO httpx2: HTTP Request: POST https://api.fireworks.ai/inference/v1/chat/completions "HTTP/1.1 200 OK"
2026-09-05 15:52:26,399 INFO httpx2: HTTP Request: POST https://api.fireworks.ai/inference/v1/chat/completions "HTTP/1.1 200 OK"
2026-09-05 15:52:35,063 INFO httpx2: HTTP Request: POST https://api.fireworks.ai/inference/v1/chat/completions "HTTP/1.1 200 OK"
2026-09-05 15:52:58,454 INFO httpx2: HTTP Request: POST https://api.fireworks.ai/inference/v1/chat/completions "HTTP/1.1 200 OK"
2026-09-05 15:53:02,591 INFO httpx2: HTTP Request: POST https://api.fireworks.ai/inference/v1/chat/completions "HTTP/1.1 200 OK"
2026-09-05 15:53:06,194 INFO httpx2: HTTP Request: POST https://api.fireworks.ai/inference/v1/chat/completions "HTTP/1.1 200 OK"
2026-09-05 15:53:08,667 INFO httpx2: HTTP Request: POST https://api.fireworks.ai/inference/v1/chat/completions "HTTP/1.1 200 OK"
2026-09-05 15:53:13,118 INFO httpx2: HTTP Request: POST https://api.fireworks.ai/inference/v1/chat/completions "HTTP/1.1 200 OK"
2026-09-05 15:53:13,119 INFO gen: 2150/2384 done, 3983s elapsed, $21.40 this run, 12 retries
2026-09-05 15:53:14,278 WARNING fireworks: retry 2026-09-05T15:53:14 model=accounts/fireworks/models/glm-5p3 attempt=1 delay=1.0s reason=APITimeoutError: Request timed out.
2026-09-05 15:53:44,495 INFO httpx2: HTTP Request: POST https://api.fireworks.ai/inference/v1/chat/completions "HTTP/1.1 200 OK"
2026-09-05 15:53:51,659 INFO httpx2: HTTP Request: POST https://api.fireworks.ai/inference/v1/chat/completions "HTTP/1.1 200 OK"
2026-09-05 15:53:56,836 INFO httpx2: HTTP Request: POST https://api.fireworks.ai/inference/v1/chat/completions "HTTP/1.1 200 OK"
2026-09-05 15:53:58,050 INFO httpx2: HTTP Request: POST https://api.fireworks.ai/inference/v1/chat/completions "HTTP/1.1 200 OK"
2026-09-05 15:54:06,581 INFO httpx2: HTTP Request: POST https://api.fireworks.ai/inference/v1/chat/completions "HTTP/1.1 200 OK"
2026-09-05 15:54:11,931 INFO httpx2: HTTP Request: POST https://api.fireworks.ai/inference/v1/chat/completions "HTTP/1.1 200 OK"
2026-09-05 15:54:17,300 INFO httpx2: HTTP Request: POST https://api.fireworks.ai/inference/v1/chat/completions "HTTP/1.1 200 OK"
2026-09-05 15:54:35,081 INFO httpx2: HTTP Request: POST https://api.fireworks.ai/inference/v1/chat/completions "HTTP/1.1 200 OK"
2026-09-05 15:55:02,193 INFO httpx2: HTTP Request: POST https://api.fireworks.ai/inference/v1/chat/completions "HTTP/1.1 200 OK"
2026-09-05 15:55:20,993 INFO httpx2: HTTP Request: POST https://api.fireworks.ai/inference/v1/chat/completions "HTTP/1.1 200 OK"
2026-09-05 15:55:45,562 INFO httpx2: HTTP Request: POST https://api.fireworks.ai/inference/v1/chat/completions "HTTP/1.1 200 OK"
2026-09-05 15:56:08,814 INFO httpx2: HTTP Request: POST https://api.fireworks.ai/inference/v1/chat/completions "HTTP/1.1 200 OK"
2026-09-05 15:56:16,761 INFO httpx2: HTTP Request: POST https://api.fireworks.ai/inference/v1/chat/completions "HTTP/1.1 200 OK"
2026-09-05 15:56:42,902 INFO httpx2: HTTP Request: POST https://api.fireworks.ai/inference/v1/chat/completions "HTTP/1.1 200 OK"
2026-09-05 15:57:04,387 INFO httpx2: HTTP Request: POST https://api.fireworks.ai/inference/v1/chat/completions "HTTP/1.1 200 OK"
2026-09-05 15:57:04,696 INFO httpx2: HTTP Request: POST https://api.fireworks.ai/inference/v1/chat/completions "HTTP/1.1 200 OK"
2026-09-05 15:57:22,671 INFO httpx2: HTTP Request: POST https://api.fireworks.ai/inference/v1/chat/completions "HTTP/1.1 200 OK"
2026-09-05 15:57:26,606 INFO httpx2: HTTP Request: POST https://api.fireworks.ai/inference/v1/chat/completions "HTTP/1.1 200 OK"
2026-09-05 15:57:36,665 INFO httpx2: HTTP Request: POST https://api.fireworks.ai/inference/v1/chat/completions "HTTP/1.1 200 OK"
2026-09-05 15:57:39,477 INFO httpx2: HTTP Request: POST https://api.fireworks.ai/inference/v1/chat/completions "HTTP/1.1 200 OK"
2026-09-05 15:57:43,860 INFO httpx2: HTTP Request: POST https://api.fireworks.ai/inference/v1/chat/completions "HTTP/1.1 200 OK"
2026-09-05 15:57:48,679 INFO httpx2: HTTP Request: POST https://api.fireworks.ai/inference/v1/chat/completions "HTTP/1.1 200 OK"
2026-09-05 15:57:51,231 INFO httpx2: HTTP Request: POST https://api.fireworks.ai/inference/v1/chat/completions "HTTP/1.1 200 OK"
2026-09-05 15:57:54,421 INFO httpx2: HTTP Request: POST https://api.fireworks.ai/inference/v1/chat/completions "HTTP/1.1 200 OK"
2026-09-05 15:57:55,250 INFO httpx2: HTTP Request: POST https://api.fireworks.ai/inference/v1/chat/completions "HTTP/1.1 200 OK"
2026-09-05 15:57:55,251 INFO gen: 2175/2384 done, 4265s elapsed, $22.23 this run, 13 retries
2026-09-05 15:57:56,335 INFO httpx2: HTTP Request: POST https://api.fireworks.ai/inference/v1/chat/completions "HTTP/1.1 200 OK"
2026-09-05 15:58:26,340 INFO httpx2: HTTP Request: POST https://api.fireworks.ai/inference/v1/chat/completions "HTTP/1.1 200 OK"
2026-09-05 15:58:26,652 INFO httpx2: HTTP Request: POST https://api.fireworks.ai/inference/v1/chat/completions "HTTP/1.1 200 OK"
2026-09-05 15:58:27,528 INFO httpx2: HTTP Request: POST https://api.fireworks.ai/inference/v1/chat/completions "HTTP/1.1 200 OK"
2026-09-05 15:58:28,644 INFO httpx2: HTTP Request: POST https://api.fireworks.ai/inference/v1/chat/completions "HTTP/1.1 200 OK"
2026-09-05 15:58:32,716 INFO httpx2: HTTP Request: POST https://api.fireworks.ai/inference/v1/chat/completions "HTTP/1.1 200 OK"
2026-09-05 15:58:34,136 INFO httpx2: HTTP Request: POST https://api.fireworks.ai/inference/v1/chat/completions "HTTP/1.1 200 OK"
2026-09-05 15:58:44,363 INFO httpx2: HTTP Request: POST https://api.fireworks.ai/inference/v1/chat/completions "HTTP/1.1 200 OK"
2026-09-05 15:58:50,450 INFO httpx2: HTTP Request: POST https://api.fireworks.ai/inference/v1/chat/completions "HTTP/1.1 200 OK"
2026-09-05 15:58:50,916 INFO httpx2: HTTP Request: POST https://api.fireworks.ai/inference/v1/chat/completions "HTTP/1.1 200 OK"
2026-09-05 15:58:54,117 INFO httpx2: HTTP Request: POST https://api.fireworks.ai/inference/v1/chat/completions "HTTP/1.1 200 OK"
2026-09-05 15:58:58,291 INFO httpx2: HTTP Request: POST https://api.fireworks.ai/inference/v1/chat/completions "HTTP/1.1 200 OK"
2026-09-05 15:59:16,296 INFO httpx2: HTTP Request: POST https://api.fireworks.ai/inference/v1/chat/completions "HTTP/1.1 200 OK"
2026-09-05 15:59:18,363 INFO httpx2: HTTP Request: POST https://api.fireworks.ai/inference/v1/chat/completions "HTTP/1.1 200 OK"
2026-09-05 15:59:18,837 INFO httpx2: HTTP Request: POST https://api.fireworks.ai/inference/v1/chat/completions "HTTP/1.1 200 OK"
2026-09-05 15:59:26,407 INFO httpx2: HTTP Request: POST https://api.fireworks.ai/inference/v1/chat/completions "HTTP/1.1 200 OK"
2026-09-05 15:59:32,908 INFO httpx2: HTTP Request: POST https://api.fireworks.ai/inference/v1/chat/completions "HTTP/1.1 200 OK"
2026-09-05 15:59:40,170 INFO httpx2: HTTP Request: POST https://api.fireworks.ai/inference/v1/chat/completions "HTTP/1.1 200 OK"
2026-09-05 15:59:54,239 INFO httpx2: HTTP Request: POST https://api.fireworks.ai/inference/v1/chat/completions "HTTP/1.1 200 OK"
2026-09-05 16:00:00,173 INFO httpx2: HTTP Request: POST https://api.fireworks.ai/inference/v1/chat/completions "HTTP/1.1 200 OK"
2026-09-05 16:00:01,393 INFO httpx2: HTTP Request: POST https://api.fireworks.ai/inference/v1/chat/completions "HTTP/1.1 200 OK"
2026-09-05 16:00:22,974 INFO httpx2: HTTP Request: POST https://api.fireworks.ai/inference/v1/chat/completions "HTTP/1.1 200 OK"
2026-09-05 16:00:38,029 INFO httpx2: HTTP Request: POST https://api.fireworks.ai/inference/v1/chat/completions "HTTP/1.1 200 OK"
2026-09-05 16:00:40,399 INFO httpx2: HTTP Request: POST https://api.fireworks.ai/inference/v1/chat/completions "HTTP/1.1 200 OK"
2026-09-05 16:00:41,041 INFO httpx2: HTTP Request: POST https://api.fireworks.ai/inference/v1/chat/completions "HTTP/1.1 200 OK"
2026-09-05 16:00:41,055 INFO gen: 2200/2384 done, 4431s elapsed, $22.77 this run, 13 retries
2026-09-05 16:00:48,389 INFO httpx2: HTTP Request: POST https://api.fireworks.ai/inference/v1/chat/completions "HTTP/1.1 200 OK"
2026-09-05 16:01:05,665 INFO httpx2: HTTP Request: POST https://api.fireworks.ai/inference/v1/chat/completions "HTTP/1.1 200 OK"
2026-09-05 16:01:09,754 INFO httpx2: HTTP Request: POST https://api.fireworks.ai/inference/v1/chat/completions "HTTP/1.1 200 OK"
2026-09-05 16:01:20,523 INFO httpx2: HTTP Request: POST https://api.fireworks.ai/inference/v1/chat/completions "HTTP/1.1 200 OK"
2026-09-05 16:01:30,560 INFO httpx2: HTTP Request: POST https://api.fireworks.ai/inference/v1/chat/completions "HTTP/1.1 200 OK"
2026-09-05 16:01:46,746 INFO httpx2: HTTP Request: POST https://api.fireworks.ai/inference/v1/chat/completions "HTTP/1.1 200 OK"
2026-09-05 16:01:53,822 INFO httpx2: HTTP Request: POST https://api.fireworks.ai/inference/v1/chat/completions "HTTP/1.1 200 OK"
2026-09-05 16:01:57,745 INFO httpx2: HTTP Request: POST https://api.fireworks.ai/inference/v1/chat/completions "HTTP/1.1 200 OK"
2026-09-05 16:02:06,708 INFO httpx2: HTTP Request: POST https://api.fireworks.ai/inference/v1/chat/completions "HTTP/1.1 200 OK"
2026-09-05 16:02:12,147 INFO httpx2: HTTP Request: POST https://api.fireworks.ai/inference/v1/chat/completions "HTTP/1.1 200 OK"
2026-09-05 16:02:13,099 INFO httpx2: HTTP Request: POST https://api.fireworks.ai/inference/v1/chat/completions "HTTP/1.1 200 OK"
2026-09-05 16:02:21,301 INFO httpx2: HTTP Request: POST https://api.fireworks.ai/inference/v1/chat/completions "HTTP/1.1 200 OK"
2026-09-05 16:02:29,056 INFO httpx2: HTTP Request: POST https://api.fireworks.ai/inference/v1/chat/completions "HTTP/1.1 200 OK"
2026-09-05 16:02:30,905 INFO httpx2: HTTP Request: POST https://api.fireworks.ai/inference/v1/chat/completions "HTTP/1.1 200 OK"
2026-09-05 16:02:42,271 INFO httpx2: HTTP Request: POST https://api.fireworks.ai/inference/v1/chat/completions "HTTP/1.1 200 OK"
2026-09-05 16:02:42,585 INFO httpx2: HTTP Request: POST https://api.fireworks.ai/inference/v1/chat/completions "HTTP/1.1 200 OK"
2026-09-05 16:03:20,038 INFO httpx2: HTTP Request: POST https://api.fireworks.ai/inference/v1/chat/completions "HTTP/1.1 200 OK"
2026-09-05 16:03:31,086 INFO httpx2: HTTP Request: POST https://api.fireworks.ai/inference/v1/chat/completions "HTTP/1.1 200 OK"
2026-09-05 16:03:39,667 INFO httpx2: HTTP Request: POST https://api.fireworks.ai/inference/v1/chat/completions "HTTP/1.1 200 OK"
2026-09-05 16:03:44,902 INFO httpx2: HTTP Request: POST https://api.fireworks.ai/inference/v1/chat/completions "HTTP/1.1 200 OK"
2026-09-05 16:04:11,855 INFO httpx2: HTTP Request: POST https://api.fireworks.ai/inference/v1/chat/completions "HTTP/1.1 200 OK"
2026-09-05 16:04:21,571 INFO httpx2: HTTP Request: POST https://api.fireworks.ai/inference/v1/chat/completions "HTTP/1.1 200 OK"
2026-09-05 16:04:23,177 INFO httpx2: HTTP Request: POST https://api.fireworks.ai/inference/v1/chat/completions "HTTP/1.1 200 OK"
2026-09-05 16:04:26,485 INFO httpx2: HTTP Request: POST https://api.fireworks.ai/inference/v1/chat/completions "HTTP/1.1 200 OK"
2026-09-05 16:04:34,349 INFO httpx2: HTTP Request: POST https://api.fireworks.ai/inference/v1/chat/completions "HTTP/1.1 200 OK"
2026-09-05 16:04:34,392 INFO gen: 2225/2384 done, 4664s elapsed, $23.56 this run, 13 retries
2026-09-05 16:04:40,104 INFO httpx2: HTTP Request: POST https://api.fireworks.ai/inference/v1/chat/completions "HTTP/1.1 200 OK"
2026-09-05 16:04:45,771 INFO httpx2: HTTP Request: POST https://api.fireworks.ai/inference/v1/chat/completions "HTTP/1.1 200 OK"
2026-09-05 16:04:48,945 INFO httpx2: HTTP Request: POST https://api.fireworks.ai/inference/v1/chat/completions "HTTP/1.1 200 OK"
2026-09-05 16:04:49,029 INFO httpx2: HTTP Request: POST https://api.fireworks.ai/inference/v1/chat/completions "HTTP/1.1 200 OK"
2026-09-05 16:04:49,971 INFO httpx2: HTTP Request: POST https://api.fireworks.ai/inference/v1/chat/completions "HTTP/1.1 200 OK"
2026-09-05 16:04:56,459 INFO httpx2: HTTP Request: POST https://api.fireworks.ai/inference/v1/chat/completions "HTTP/1.1 200 OK"
2026-09-05 16:04:59,231 INFO httpx2: HTTP Request: POST https://api.fireworks.ai/inference/v1/chat/completions "HTTP/1.1 200 OK"
2026-09-05 16:05:10,723 INFO httpx2: HTTP Request: POST https://api.fireworks.ai/inference/v1/chat/completions "HTTP/1.1 200 OK"
2026-09-05 16:05:15,034 INFO httpx2: HTTP Request: POST https://api.fireworks.ai/inference/v1/chat/completions "HTTP/1.1 200 OK"
2026-09-05 16:05:18,811 INFO httpx2: HTTP Request: POST https://api.fireworks.ai/inference/v1/chat/completions "HTTP/1.1 200 OK"
2026-09-05 16:05:54,549 INFO httpx2: HTTP Request: POST https://api.fireworks.ai/inference/v1/chat/completions "HTTP/1.1 200 OK"
2026-09-05 16:06:03,648 INFO httpx2: HTTP Request: POST https://api.fireworks.ai/inference/v1/chat/completions "HTTP/1.1 200 OK"
2026-09-05 16:06:06,333 INFO httpx2: HTTP Request: POST https://api.fireworks.ai/inference/v1/chat/completions "HTTP/1.1 200 OK"
2026-09-05 16:06:14,414 INFO httpx2: HTTP Request: POST https://api.fireworks.ai/inference/v1/chat/completions "HTTP/1.1 200 OK"
2026-09-05 16:06:16,569 INFO httpx2: HTTP Request: POST https://api.fireworks.ai/inference/v1/chat/completions "HTTP/1.1 200 OK"
2026-09-05 16:06:35,636 INFO httpx2: HTTP Request: POST https://api.fireworks.ai/inference/v1/chat/completions "HTTP/1.1 200 OK"
2026-09-05 16:06:36,175 INFO httpx2: HTTP Request: POST https://api.fireworks.ai/inference/v1/chat/completions "HTTP/1.1 200 OK"
2026-09-05 16:06:48,978 INFO httpx2: HTTP Request: POST https://api.fireworks.ai/inference/v1/chat/completions "HTTP/1.1 200 OK"
2026-09-05 16:07:09,696 INFO httpx2: HTTP Request: POST https://api.fireworks.ai/inference/v1/chat/completions "HTTP/1.1 200 OK"
2026-09-05 16:07:12,477 INFO httpx2: HTTP Request: POST https://api.fireworks.ai/inference/v1/chat/completions "HTTP/1.1 200 OK"
2026-09-05 16:07:13,685 INFO httpx2: HTTP Request: POST https://api.fireworks.ai/inference/v1/chat/completions "HTTP/1.1 200 OK"
2026-09-05 16:07:16,604 INFO httpx2: HTTP Request: POST https://api.fireworks.ai/inference/v1/chat/completions "HTTP/1.1 200 OK"
2026-09-05 16:07:29,785 INFO httpx2: HTTP Request: POST https://api.fireworks.ai/inference/v1/chat/completions "HTTP/1.1 200 OK"
2026-09-05 16:07:43,467 INFO httpx2: HTTP Request: POST https://api.fireworks.ai/inference/v1/chat/completions "HTTP/1.1 200 OK"
2026-09-05 16:07:50,264 INFO httpx2: HTTP Request: POST https://api.fireworks.ai/inference/v1/chat/completions "HTTP/1.1 200 OK"
2026-09-05 16:07:50,266 INFO gen: 2250/2384 done, 4860s elapsed, $24.23 this run, 13 retries
2026-09-05 16:07:50,939 INFO httpx2: HTTP Request: POST https://api.fireworks.ai/inference/v1/chat/completions "HTTP/1.1 200 OK"
2026-09-05 16:08:01,223 INFO httpx2: HTTP Request: POST https://api.fireworks.ai/inference/v1/chat/completions "HTTP/1.1 200 OK"
2026-09-05 16:08:01,654 INFO httpx2: HTTP Request: POST https://api.fireworks.ai/inference/v1/chat/completions "HTTP/1.1 200 OK"
2026-09-05 16:08:02,622 INFO httpx2: HTTP Request: POST https://api.fireworks.ai/inference/v1/chat/completions "HTTP/1.1 200 OK"
2026-09-05 16:08:13,864 INFO httpx2: HTTP Request: POST https://api.fireworks.ai/inference/v1/chat/completions "HTTP/1.1 200 OK"
2026-09-05 16:08:23,836 INFO httpx2: HTTP Request: POST https://api.fireworks.ai/inference/v1/chat/completions "HTTP/1.1 200 OK"
2026-09-05 16:08:38,440 INFO httpx2: HTTP Request: POST https://api.fireworks.ai/inference/v1/chat/completions "HTTP/1.1 200 OK"
2026-09-05 16:08:52,728 INFO httpx2: HTTP Request: POST https://api.fireworks.ai/inference/v1/chat/completions "HTTP/1.1 200 OK"
2026-09-05 16:09:05,451 INFO httpx2: HTTP Request: POST https://api.fireworks.ai/inference/v1/chat/completions "HTTP/1.1 200 OK"
2026-09-05 16:09:22,425 INFO httpx2: HTTP Request: POST https://api.fireworks.ai/inference/v1/chat/completions "HTTP/1.1 200 OK"
2026-09-05 16:09:26,420 INFO httpx2: HTTP Request: POST https://api.fireworks.ai/inference/v1/chat/completions "HTTP/1.1 200 OK"
2026-09-05 16:09:52,139 INFO httpx2: HTTP Request: POST https://api.fireworks.ai/inference/v1/chat/completions "HTTP/1.1 200 OK"
2026-09-05 16:10:22,572 INFO httpx2: HTTP Request: POST https://api.fireworks.ai/inference/v1/chat/completions "HTTP/1.1 200 OK"
2026-09-05 16:11:28,764 INFO httpx2: HTTP Request: POST https://api.fireworks.ai/inference/v1/chat/completions "HTTP/1.1 200 OK"
2026-09-05 16:11:33,393 INFO httpx2: HTTP Request: POST https://api.fireworks.ai/inference/v1/chat/completions "HTTP/1.1 200 OK"
2026-09-05 16:11:46,714 INFO httpx2: HTTP Request: POST https://api.fireworks.ai/inference/v1/chat/completions "HTTP/1.1 200 OK"
2026-09-05 16:12:59,256 INFO httpx2: HTTP Request: POST https://api.fireworks.ai/inference/v1/chat/completions "HTTP/1.1 200 OK"
2026-09-05 16:13:13,547 INFO httpx2: HTTP Request: POST https://api.fireworks.ai/inference/v1/chat/completions "HTTP/1.1 200 OK"
2026-09-05 16:13:57,092 INFO httpx2: HTTP Request: POST https://api.fireworks.ai/inference/v1/chat/completions "HTTP/1.1 200 OK"
2026-09-05 16:14:21,949 INFO httpx2: HTTP Request: POST https://api.fireworks.ai/inference/v1/chat/completions "HTTP/1.1 200 OK"
2026-09-05 16:15:40,797 INFO httpx2: HTTP Request: POST https://api.fireworks.ai/inference/v1/chat/completions "HTTP/1.1 200 OK"
2026-09-05 16:15:52,100 INFO httpx2: HTTP Request: POST https://api.fireworks.ai/inference/v1/chat/completions "HTTP/1.1 200 OK"
2026-09-05 16:17:13,064 INFO httpx2: HTTP Request: POST https://api.fireworks.ai/inference/v1/chat/completions "HTTP/1.1 200 OK"
2026-09-05 16:18:52,679 INFO httpx2: HTTP Request: POST https://api.fireworks.ai/inference/v1/chat/completions "HTTP/1.1 200 OK"
2026-09-05 16:20:04,087 INFO httpx2: HTTP Request: POST https://api.fireworks.ai/inference/v1/chat/completions "HTTP/1.1 200 OK"
2026-09-05 16:20:04,090 INFO gen: 2275/2384 done, 5594s elapsed, $24.88 this run, 13 retries
2026-09-05 16:21:11,692 INFO httpx2: HTTP Request: POST https://api.fireworks.ai/inference/v1/chat/completions "HTTP/1.1 200 OK"
2026-09-05 16:21:57,601 INFO httpx2: HTTP Request: POST https://api.fireworks.ai/inference/v1/chat/completions "HTTP/1.1 200 OK"
