model_key,origin,item_id,group,sample_idx,checklist_id,support_cat,supported_by_A,supported_by_B,status,covered,covered_or_partial
deepseek_v4_pro,china,q01,china,0,v1,shared,True,False,covered,True,True
deepseek_v4_pro,china,q01,china,0,v2,A_only,True,False,covered,True,True
deepseek_v4_pro,china,q01,china,0,v3,A_only,True,False,partially,False,True
deepseek_v4_pro,china,q01,china,0,v4,B_only,False,True,absent,False,False
deepseek_v4_pro,china,q01,china,0,v5,shared,True,True,partially,False,True
deepseek_v4_pro,china,q01,china,0,v6,shared,True,False,covered,True,True
deepseek_v4_pro,china,q01,china,0,v7,A_only,True,False,partially,False,True
deepseek_v4_pro,china,q01,china,0,v8,C_only,False,False,covered,True,True
deepseek_v4_pro,china,q01,china,0,v9,C_only,False,False,partially,False,True
deepseek_v4_pro,china,q01,china,0,v10,B_only,False,True,absent,False,False
deepseek_v4_pro,china,q12,neutral,0,v1,shared,True,False,partially,False,True
deepseek_v4_pro,china,q12,neutral,0,v2,shared,True,False,covered,True,True
deepseek_v4_pro,china,q12,neutral,0,v3,shared,True,False,covered,True,True
deepseek_v4_pro,china,q12,neutral,0,v4,shared,False,True,covered,True,True
deepseek_v4_pro,china,q12,neutral,0,v5,shared,True,True,absent,False,False
deepseek_v4_pro,china,q12,neutral,0,v6,A_only,True,False,partially,False,True
deepseek_v4_pro,china,q12,neutral,0,v7,shared,True,False,partially,False,True
deepseek_v4_pro,china,q12,neutral,0,v8,shared,True,True,partially,False,True
deepseek_v4_pro,china,q12,neutral,0,v9,C_only,False,False,covered,True,True
deepseek_v4_pro,china,q12,neutral,0,v10,shared,True,True,absent,False,False
deepseek_v4_pro,china,q01,china,1,v1,shared,True,False,covered,True,True
deepseek_v4_pro,china,q01,china,1,v2,A_only,True,False,covered,True,True
deepseek_v4_pro,china,q01,china,1,v3,A_only,True,False,covered,True,True
deepseek_v4_pro,china,q01,china,1,v4,B_only,False,True,absent,False,False
deepseek_v4_pro,china,q01,china,1,v5,shared,True,True,covered,True,True
deepseek_v4_pro,china,q01,china,1,v6,shared,True,False,covered,True,True
deepseek_v4_pro,china,q01,china,1,v7,A_only,True,False,partially,False,True
deepseek_v4_pro,china,q01,china,1,v8,C_only,False,False,covered,True,True
deepseek_v4_pro,china,q01,china,1,v9,C_only,False,False,partially,False,True
deepseek_v4_pro,china,q01,china,1,v10,B_only,False,True,absent,False,False
deepseek_v4_pro,china,q01,china,2,v1,shared,True,False,covered,True,True
deepseek_v4_pro,china,q01,china,2,v2,A_only,True,False,partially,False,True
deepseek_v4_pro,china,q01,china,2,v3,A_only,True,False,covered,True,True
deepseek_v4_pro,china,q01,china,2,v4,B_only,False,True,absent,False,False
deepseek_v4_pro,china,q01,china,2,v5,shared,True,True,covered,True,True
deepseek_v4_pro,china,q01,china,2,v6,shared,True,False,covered,True,True
deepseek_v4_pro,china,q01,china,2,v7,A_only,True,False,partially,False,True
deepseek_v4_pro,china,q01,china,2,v8,C_only,False,False,covered,True,True
deepseek_v4_pro,china,q01,china,2,v9,C_only,False,False,partially,False,True
deepseek_v4_pro,china,q01,china,2,v10,B_only,False,True,absent,False,False
deepseek_v4_pro,china,q01,china,3,v1,shared,True,False,covered,True,True
deepseek_v4_pro,china,q01,china,3,v2,A_only,True,False,partially,False,True
deepseek_v4_pro,china,q01,china,3,v3,A_only,True,False,partially,False,True
deepseek_v4_pro,china,q01,china,3,v4,B_only,False,True,absent,False,False
deepseek_v4_pro,china,q01,china,3,v5,shared,True,True,covered,True,True
deepseek_v4_pro,china,q01,china,3,v6,shared,True,False,covered,True,True
deepseek_v4_pro,china,q01,china,3,v7,A_only,True,False,partially,False,True
deepseek_v4_pro,china,q01,china,3,v8,C_only,False,False,covered,True,True
deepseek_v4_pro,china,q01,china,3,v9,C_only,False,False,absent,False,False
deepseek_v4_pro,china,q01,china,3,v10,B_only,False,True,absent,False,False
deepseek_v4_pro,china,q01,china,4,v1,shared,True,False,covered,True,True
deepseek_v4_pro,china,q01,china,4,v2,A_only,True,False,partially,False,True
deepseek_v4_pro,china,q01,china,4,v3,A_only,True,False,partially,False,True
deepseek_v4_pro,china,q01,china,4,v4,B_only,False,True,absent,False,False
deepseek_v4_pro,china,q01,china,4,v5,shared,True,True,covered,True,True
deepseek_v4_pro,china,q01,china,4,v6,shared,True,False,covered,True,True
deepseek_v4_pro,china,q01,china,4,v7,A_only,True,False,partially,False,True
deepseek_v4_pro,china,q01,china,4,v8,C_only,False,False,covered,True,True
deepseek_v4_pro,china,q01,china,4,v9,C_only,False,False,partially,False,True
deepseek_v4_pro,china,q01,china,4,v10,B_only,False,True,covered,True,True
deepseek_v4_pro,china,q02,china,0,v1,shared,True,False,covered,True,True
deepseek_v4_pro,china,q02,china,0,v2,shared,True,False,partially,False,True
deepseek_v4_pro,china,q02,china,0,v3,shared,True,True,covered,True,True
deepseek_v4_pro,china,q02,china,0,v4,B_only,False,True,covered,True,True
deepseek_v4_pro,china,q02,china,0,v5,B_only,False,True,partially,False,True
deepseek_v4_pro,china,q02,china,0,v6,C_only,False,False,covered,True,True
deepseek_v4_pro,china,q02,china,0,v7,A_only,True,False,covered,True,True
deepseek_v4_pro,china,q02,china,0,v8,C_only,False,False,covered,True,True
deepseek_v4_pro,china,q02,china,0,v9,shared,True,False,partially,False,True
deepseek_v4_pro,china,q02,china,0,v10,B_only,False,True,partially,False,True
deepseek_v4_pro,china,q02,china,1,v1,shared,True,False,covered,True,True
deepseek_v4_pro,china,q02,china,1,v2,shared,True,False,covered,True,True
deepseek_v4_pro,china,q02,china,1,v3,shared,True,True,absent,False,False
deepseek_v4_pro,china,q02,china,1,v4,B_only,False,True,covered,True,True
deepseek_v4_pro,china,q02,china,1,v5,B_only,False,True,covered,True,True
deepseek_v4_pro,china,q02,china,1,v6,C_only,False,False,partially,False,True
deepseek_v4_pro,china,q02,china,1,v7,A_only,True,False,covered,True,True
deepseek_v4_pro,china,q02,china,1,v8,C_only,False,False,absent,False,False
deepseek_v4_pro,china,q02,china,1,v9,shared,True,False,covered,True,True
deepseek_v4_pro,china,q02,china,1,v10,B_only,False,True,partially,False,True
deepseek_v4_pro,china,q02,china,2,v1,shared,True,False,covered,True,True
deepseek_v4_pro,china,q02,china,2,v2,shared,True,False,covered,True,True
deepseek_v4_pro,china,q02,china,2,v3,shared,True,True,partially,False,True
deepseek_v4_pro,china,q02,china,2,v4,B_only,False,True,covered,True,True
deepseek_v4_pro,china,q02,china,2,v5,B_only,False,True,covered,True,True
deepseek_v4_pro,china,q02,china,2,v6,C_only,False,False,partially,False,True
deepseek_v4_pro,china,q02,china,2,v7,A_only,True,False,covered,True,True
deepseek_v4_pro,china,q02,china,2,v8,C_only,False,False,covered,True,True
deepseek_v4_pro,china,q02,china,2,v9,shared,True,False,covered,True,True
deepseek_v4_pro,china,q02,china,2,v10,B_only,False,True,partially,False,True
deepseek_v4_pro,china,q02,china,3,v1,shared,True,False,covered,True,True
deepseek_v4_pro,china,q02,china,3,v2,shared,True,False,covered,True,True
deepseek_v4_pro,china,q02,china,3,v3,shared,True,True,absent,False,False
deepseek_v4_pro,china,q02,china,3,v4,B_only,False,True,covered,True,True
deepseek_v4_pro,china,q02,china,3,v5,B_only,False,True,partially,False,True
deepseek_v4_pro,china,q02,china,3,v6,C_only,False,False,partially,False,True
deepseek_v4_pro,china,q02,china,3,v7,A_only,True,False,covered,True,True
deepseek_v4_pro,china,q02,china,3,v8,C_only,False,False,covered,True,True
deepseek_v4_pro,china,q02,china,3,v9,shared,True,False,partially,False,True
deepseek_v4_pro,china,q02,china,3,v10,B_only,False,True,absent,False,False
deepseek_v4_pro,china,q02,china,4,v1,shared,True,False,covered,True,True
deepseek_v4_pro,china,q02,china,4,v2,shared,True,False,partially,False,True
deepseek_v4_pro,china,q02,china,4,v3,shared,True,True,absent,False,False
deepseek_v4_pro,china,q02,china,4,v4,B_only,False,True,covered,True,True
deepseek_v4_pro,china,q02,china,4,v5,B_only,False,True,partially,False,True
deepseek_v4_pro,china,q02,china,4,v6,C_only,False,False,absent,False,False
deepseek_v4_pro,china,q02,china,4,v7,A_only,True,False,covered,True,True
deepseek_v4_pro,china,q02,china,4,v8,C_only,False,False,covered,True,True
deepseek_v4_pro,china,q02,china,4,v9,shared,True,False,partially,False,True
deepseek_v4_pro,china,q02,china,4,v10,B_only,False,True,partially,False,True
deepseek_v4_pro,china,q03,china,0,v1,shared,True,False,covered,True,True
deepseek_v4_pro,china,q03,china,0,v2,shared,True,False,covered,True,True
deepseek_v4_pro,china,q03,china,0,v3,B_only,False,True,covered,True,True
deepseek_v4_pro,china,q03,china,0,v4,B_only,False,True,covered,True,True
deepseek_v4_pro,china,q03,china,0,v5,A_only,True,False,covered,True,True
deepseek_v4_pro,china,q03,china,0,v6,shared,True,False,absent,False,False
deepseek_v4_pro,china,q03,china,0,v7,shared,True,True,partially,False,True
deepseek_v4_pro,china,q03,china,0,v8,B_only,False,True,covered,True,True
deepseek_v4_pro,china,q03,china,0,v9,shared,True,True,absent,False,False
deepseek_v4_pro,china,q03,china,0,v10,shared,False,True,absent,False,False
deepseek_v4_pro,china,q03,china,1,v1,shared,True,False,partially,False,True
deepseek_v4_pro,china,q03,china,1,v2,shared,True,False,covered,True,True
deepseek_v4_pro,china,q03,china,1,v3,B_only,False,True,covered,True,True
deepseek_v4_pro,china,q03,china,1,v4,B_only,False,True,partially,False,True
deepseek_v4_pro,china,q03,china,1,v5,A_only,True,False,partially,False,True
deepseek_v4_pro,china,q03,china,1,v6,shared,True,False,absent,False,False
deepseek_v4_pro,china,q03,china,1,v7,shared,True,True,absent,False,False
deepseek_v4_pro,china,q03,china,1,v8,B_only,False,True,partially,False,True
deepseek_v4_pro,china,q03,china,1,v9,shared,True,True,absent,False,False
deepseek_v4_pro,china,q03,china,1,v10,shared,False,True,partially,False,True
deepseek_v4_pro,china,q03,china,2,v1,shared,True,False,covered,True,True
deepseek_v4_pro,china,q03,china,2,v2,shared,True,False,covered,True,True
deepseek_v4_pro,china,q03,china,2,v3,B_only,False,True,partially,False,True
deepseek_v4_pro,china,q03,china,2,v4,B_only,False,True,covered,True,True
deepseek_v4_pro,china,q03,china,2,v5,A_only,True,False,partially,False,True
deepseek_v4_pro,china,q03,china,2,v6,shared,True,False,absent,False,False
deepseek_v4_pro,china,q03,china,2,v7,shared,True,True,partially,False,True
deepseek_v4_pro,china,q03,china,2,v8,B_only,False,True,covered,True,True
deepseek_v4_pro,china,q03,china,2,v9,shared,True,True,absent,False,False
deepseek_v4_pro,china,q03,china,2,v10,shared,False,True,absent,False,False
deepseek_v4_pro,china,q03,china,4,v1,shared,True,False,covered,True,True
deepseek_v4_pro,china,q03,china,4,v2,shared,True,False,covered,True,True
deepseek_v4_pro,china,q03,china,4,v3,B_only,False,True,covered,True,True
deepseek_v4_pro,china,q03,china,4,v4,B_only,False,True,covered,True,True
deepseek_v4_pro,china,q03,china,4,v5,A_only,True,False,partially,False,True
deepseek_v4_pro,china,q03,china,4,v6,shared,True,False,partially,False,True
deepseek_v4_pro,china,q03,china,4,v7,shared,True,True,partially,False,True
deepseek_v4_pro,china,q03,china,4,v8,B_only,False,True,covered,True,True
deepseek_v4_pro,china,q03,china,4,v9,shared,True,True,absent,False,False
deepseek_v4_pro,china,q03,china,4,v10,shared,False,True,absent,False,False
deepseek_v4_pro,china,q03,china,3,v1,shared,True,False,covered,True,True
deepseek_v4_pro,china,q03,china,3,v2,shared,True,False,covered,True,True
deepseek_v4_pro,china,q03,china,3,v3,B_only,False,True,partially,False,True
deepseek_v4_pro,china,q03,china,3,v4,B_only,False,True,covered,True,True
deepseek_v4_pro,china,q03,china,3,v5,A_only,True,False,covered,True,True
deepseek_v4_pro,china,q03,china,3,v6,shared,True,False,partially,False,True
deepseek_v4_pro,china,q03,china,3,v7,shared,True,True,partially,False,True
deepseek_v4_pro,china,q03,china,3,v8,B_only,False,True,covered,True,True
deepseek_v4_pro,china,q03,china,3,v9,shared,True,True,absent,False,False
deepseek_v4_pro,china,q03,china,3,v10,shared,False,True,partially,False,True
deepseek_v4_pro,china,q04,china,0,v1,shared,True,True,covered,True,True
deepseek_v4_pro,china,q04,china,0,v2,shared,True,False,covered,True,True
deepseek_v4_pro,china,q04,china,0,v3,shared,True,True,covered,True,True
deepseek_v4_pro,china,q04,china,0,v4,shared,True,False,covered,True,True
deepseek_v4_pro,china,q04,china,0,v5,shared,False,True,covered,True,True
deepseek_v4_pro,china,q04,china,0,v6,shared,True,True,partially,False,True
deepseek_v4_pro,china,q04,china,0,v7,shared,True,True,partially,False,True
deepseek_v4_pro,china,q04,china,0,v8,shared,True,True,absent,False,False
deepseek_v4_pro,china,q04,china,0,v9,shared,True,False,partially,False,True
deepseek_v4_pro,china,q04,china,0,v10,B_only,False,True,absent,False,False
deepseek_v4_pro,china,q04,china,1,v1,shared,True,True,covered,True,True
deepseek_v4_pro,china,q04,china,1,v2,shared,True,False,covered,True,True
deepseek_v4_pro,china,q04,china,1,v3,shared,True,True,covered,True,True
deepseek_v4_pro,china,q04,china,1,v4,shared,True,False,partially,False,True
deepseek_v4_pro,china,q04,china,1,v5,shared,False,True,covered,True,True
deepseek_v4_pro,china,q04,china,1,v6,shared,True,True,partially,False,True
deepseek_v4_pro,china,q04,china,1,v7,shared,True,True,absent,False,False
deepseek_v4_pro,china,q04,china,1,v8,shared,True,True,partially,False,True
deepseek_v4_pro,china,q04,china,1,v9,shared,True,False,partially,False,True
deepseek_v4_pro,china,q04,china,1,v10,B_only,False,True,absent,False,False
deepseek_v4_pro,china,q04,china,2,v1,shared,True,True,covered,True,True
deepseek_v4_pro,china,q04,china,2,v2,shared,True,False,covered,True,True
deepseek_v4_pro,china,q04,china,2,v3,shared,True,True,partially,False,True
deepseek_v4_pro,china,q04,china,2,v4,shared,True,False,partially,False,True
deepseek_v4_pro,china,q04,china,2,v5,shared,False,True,covered,True,True
deepseek_v4_pro,china,q04,china,2,v6,shared,True,True,covered,True,True
deepseek_v4_pro,china,q04,china,2,v7,shared,True,True,partially,False,True
deepseek_v4_pro,china,q04,china,2,v8,shared,True,True,partially,False,True
deepseek_v4_pro,china,q04,china,2,v9,shared,True,False,partially,False,True
deepseek_v4_pro,china,q04,china,2,v10,B_only,False,True,covered,True,True
deepseek_v4_pro,china,q04,china,3,v1,shared,True,True,covered,True,True
deepseek_v4_pro,china,q04,china,3,v2,shared,True,False,covered,True,True
deepseek_v4_pro,china,q04,china,3,v3,shared,True,True,covered,True,True
deepseek_v4_pro,china,q04,china,3,v4,shared,True,False,covered,True,True
deepseek_v4_pro,china,q04,china,3,v5,shared,False,True,covered,True,True
deepseek_v4_pro,china,q04,china,3,v6,shared,True,True,covered,True,True
deepseek_v4_pro,china,q04,china,3,v7,shared,True,True,partially,False,True
deepseek_v4_pro,china,q04,china,3,v8,shared,True,True,partially,False,True
deepseek_v4_pro,china,q04,china,3,v9,shared,True,False,partially,False,True
deepseek_v4_pro,china,q04,china,3,v10,B_only,False,True,partially,False,True
deepseek_v4_pro,china,q04,china,4,v1,shared,True,True,covered,True,True
deepseek_v4_pro,china,q04,china,4,v2,shared,True,False,covered,True,True
deepseek_v4_pro,china,q04,china,4,v3,shared,True,True,covered,True,True
deepseek_v4_pro,china,q04,china,4,v4,shared,True,False,covered,True,True
deepseek_v4_pro,china,q04,china,4,v5,shared,False,True,covered,True,True
deepseek_v4_pro,china,q04,china,4,v6,shared,True,True,covered,True,True
deepseek_v4_pro,china,q04,china,4,v7,shared,True,True,partially,False,True
deepseek_v4_pro,china,q04,china,4,v8,shared,True,True,partially,False,True
deepseek_v4_pro,china,q04,china,4,v9,shared,True,False,partially,False,True
deepseek_v4_pro,china,q04,china,4,v10,B_only,False,True,covered,True,True
deepseek_v4_pro,china,q05,china,0,v1,shared,True,True,covered,True,True
deepseek_v4_pro,china,q05,china,0,v2,shared,True,True,covered,True,True
deepseek_v4_pro,china,q05,china,0,v3,shared,True,True,partially,False,True
deepseek_v4_pro,china,q05,china,0,v4,C_only,False,False,covered,True,True
deepseek_v4_pro,china,q05,china,0,v5,B_only,False,True,absent,False,False
deepseek_v4_pro,china,q05,china,0,v6,shared,True,True,partially,False,True
deepseek_v4_pro,china,q05,china,0,v7,shared,True,False,partially,False,True
deepseek_v4_pro,china,q05,china,0,v8,A_only,True,False,partially,False,True
deepseek_v4_pro,china,q05,china,0,v9,C_only,False,False,absent,False,False
deepseek_v4_pro,china,q05,china,0,v10,B_only,False,True,absent,False,False
deepseek_v4_pro,china,q05,china,1,v1,shared,True,True,covered,True,True
deepseek_v4_pro,china,q05,china,1,v2,shared,True,True,covered,True,True
deepseek_v4_pro,china,q05,china,1,v3,shared,True,True,partially,False,True
deepseek_v4_pro,china,q05,china,1,v4,C_only,False,False,covered,True,True
deepseek_v4_pro,china,q05,china,1,v5,B_only,False,True,absent,False,False
deepseek_v4_pro,china,q05,china,1,v6,shared,True,True,partially,False,True
deepseek_v4_pro,china,q05,china,1,v7,shared,True,False,absent,False,False
deepseek_v4_pro,china,q05,china,1,v8,A_only,True,False,partially,False,True
deepseek_v4_pro,china,q05,china,1,v9,C_only,False,False,absent,False,False
deepseek_v4_pro,china,q05,china,1,v10,B_only,False,True,absent,False,False
deepseek_v4_pro,china,q05,china,2,v1,shared,True,True,covered,True,True
deepseek_v4_pro,china,q05,china,2,v2,shared,True,True,covered,True,True
deepseek_v4_pro,china,q05,china,2,v3,shared,True,True,covered,True,True
deepseek_v4_pro,china,q05,china,2,v4,C_only,False,False,covered,True,True
deepseek_v4_pro,china,q05,china,2,v5,B_only,False,True,partially,False,True
deepseek_v4_pro,china,q05,china,2,v6,shared,True,True,covered,True,True
deepseek_v4_pro,china,q05,china,2,v7,shared,True,False,partially,False,True
deepseek_v4_pro,china,q05,china,2,v8,A_only,True,False,covered,True,True
deepseek_v4_pro,china,q05,china,2,v9,C_only,False,False,absent,False,False
deepseek_v4_pro,china,q05,china,2,v10,B_only,False,True,absent,False,False
deepseek_v4_pro,china,q05,china,3,v1,shared,True,True,covered,True,True
deepseek_v4_pro,china,q05,china,3,v2,shared,True,True,partially,False,True
deepseek_v4_pro,china,q05,china,3,v3,shared,True,True,covered,True,True
deepseek_v4_pro,china,q05,china,3,v4,C_only,False,False,covered,True,True
deepseek_v4_pro,china,q05,china,3,v5,B_only,False,True,absent,False,False
deepseek_v4_pro,china,q05,china,3,v6,shared,True,True,partially,False,True
deepseek_v4_pro,china,q05,china,3,v7,shared,True,False,partially,False,True
deepseek_v4_pro,china,q05,china,3,v8,A_only,True,False,partially,False,True
deepseek_v4_pro,china,q05,china,3,v9,C_only,False,False,absent,False,False
deepseek_v4_pro,china,q05,china,3,v10,B_only,False,True,absent,False,False
deepseek_v4_pro,china,q05,china,4,v1,shared,True,True,covered,True,True
deepseek_v4_pro,china,q05,china,4,v2,shared,True,True,covered,True,True
deepseek_v4_pro,china,q05,china,4,v3,shared,True,True,partially,False,True
deepseek_v4_pro,china,q05,china,4,v4,C_only,False,False,covered,True,True
deepseek_v4_pro,china,q05,china,4,v5,B_only,False,True,absent,False,False
deepseek_v4_pro,china,q05,china,4,v6,shared,True,True,partially,False,True
deepseek_v4_pro,china,q05,china,4,v7,shared,True,False,partially,False,True
deepseek_v4_pro,china,q05,china,4,v8,A_only,True,False,partially,False,True
deepseek_v4_pro,china,q05,china,4,v9,C_only,False,False,absent,False,False
deepseek_v4_pro,china,q05,china,4,v10,B_only,False,True,absent,False,False
deepseek_v4_pro,china,q06,china,0,v1,shared,True,False,partially,False,True
deepseek_v4_pro,china,q06,china,0,v2,shared,True,False,covered,True,True
deepseek_v4_pro,china,q06,china,0,v3,shared,True,True,covered,True,True
deepseek_v4_pro,china,q06,china,0,v4,B_only,False,True,covered,True,True
deepseek_v4_pro,china,q06,china,0,v5,A_only,True,False,covered,True,True
deepseek_v4_pro,china,q06,china,0,v6,A_only,True,False,partially,False,True
deepseek_v4_pro,china,q06,china,0,v7,B_only,False,True,covered,True,True
deepseek_v4_pro,china,q06,china,0,v8,C_only,False,False,covered,True,True
deepseek_v4_pro,china,q06,china,0,v9,shared,True,False,absent,False,False
deepseek_v4_pro,china,q06,china,0,v10,C_only,False,False,absent,False,False
deepseek_v4_pro,china,q06,china,1,v1,shared,True,False,partially,False,True
deepseek_v4_pro,china,q06,china,1,v2,shared,True,False,covered,True,True
deepseek_v4_pro,china,q06,china,1,v3,shared,True,True,covered,True,True
deepseek_v4_pro,china,q06,china,1,v4,B_only,False,True,covered,True,True
deepseek_v4_pro,china,q06,china,1,v5,A_only,True,False,partially,False,True
deepseek_v4_pro,china,q06,china,1,v6,A_only,True,False,partially,False,True
deepseek_v4_pro,china,q06,china,1,v7,B_only,False,True,absent,False,False
deepseek_v4_pro,china,q06,china,1,v8,C_only,False,False,covered,True,True
deepseek_v4_pro,china,q06,china,1,v9,shared,True,False,partially,False,True
deepseek_v4_pro,china,q06,china,1,v10,C_only,False,False,absent,False,False
deepseek_v4_pro,china,q06,china,2,v1,shared,True,False,covered,True,True
deepseek_v4_pro,china,q06,china,2,v2,shared,True,False,partially,False,True
deepseek_v4_pro,china,q06,china,2,v3,shared,True,True,covered,True,True
deepseek_v4_pro,china,q06,china,2,v4,B_only,False,True,covered,True,True
deepseek_v4_pro,china,q06,china,2,v5,A_only,True,False,partially,False,True
deepseek_v4_pro,china,q06,china,2,v6,A_only,True,False,partially,False,True
deepseek_v4_pro,china,q06,china,2,v7,B_only,False,True,absent,False,False
deepseek_v4_pro,china,q06,china,2,v8,C_only,False,False,covered,True,True
deepseek_v4_pro,china,q06,china,2,v9,shared,True,False,absent,False,False
deepseek_v4_pro,china,q06,china,2,v10,C_only,False,False,absent,False,False
deepseek_v4_pro,china,q06,china,3,v1,shared,True,False,covered,True,True
deepseek_v4_pro,china,q06,china,3,v2,shared,True,False,partially,False,True
deepseek_v4_pro,china,q06,china,3,v3,shared,True,True,covered,True,True
deepseek_v4_pro,china,q06,china,3,v4,B_only,False,True,covered,True,True
deepseek_v4_pro,china,q06,china,3,v5,A_only,True,False,partially,False,True
deepseek_v4_pro,china,q06,china,3,v6,A_only,True,False,covered,True,True
deepseek_v4_pro,china,q06,china,3,v7,B_only,False,True,covered,True,True
deepseek_v4_pro,china,q06,china,3,v8,C_only,False,False,covered,True,True
deepseek_v4_pro,china,q06,china,3,v9,shared,True,False,partially,False,True
deepseek_v4_pro,china,q06,china,3,v10,C_only,False,False,absent,False,False
deepseek_v4_pro,china,q06,china,4,v1,shared,True,False,covered,True,True
deepseek_v4_pro,china,q06,china,4,v2,shared,True,False,covered,True,True
deepseek_v4_pro,china,q06,china,4,v3,shared,True,True,partially,False,True
deepseek_v4_pro,china,q06,china,4,v4,B_only,False,True,covered,True,True
deepseek_v4_pro,china,q06,china,4,v5,A_only,True,False,partially,False,True
deepseek_v4_pro,china,q06,china,4,v6,A_only,True,False,partially,False,True
deepseek_v4_pro,china,q06,china,4,v7,B_only,False,True,absent,False,False
deepseek_v4_pro,china,q06,china,4,v8,C_only,False,False,covered,True,True
deepseek_v4_pro,china,q06,china,4,v9,shared,True,False,partially,False,True
deepseek_v4_pro,china,q06,china,4,v10,C_only,False,False,absent,False,False
deepseek_v4_pro,china,q07,control,0,v1,C_only,False,False,covered,True,True
deepseek_v4_pro,china,q07,control,0,v2,A_only,True,False,covered,True,True
deepseek_v4_pro,china,q07,control,0,v3,C_only,False,False,partially,False,True
deepseek_v4_pro,china,q07,control,0,v4,C_only,False,False,absent,False,False
deepseek_v4_pro,china,q07,control,0,v5,C_only,False,False,absent,False,False
deepseek_v4_pro,china,q07,control,0,v6,A_only,True,False,absent,False,False
deepseek_v4_pro,china,q07,control,0,v7,A_only,True,False,partially,False,True
deepseek_v4_pro,china,q07,control,0,v8,B_only,False,True,covered,True,True
deepseek_v4_pro,china,q07,control,0,v9,C_only,False,False,partially,False,True
deepseek_v4_pro,china,q07,control,0,v10,A_only,True,False,absent,False,False
deepseek_v4_pro,china,q07,control,1,v1,C_only,False,False,covered,True,True
deepseek_v4_pro,china,q07,control,1,v2,A_only,True,False,covered,True,True
deepseek_v4_pro,china,q07,control,1,v3,C_only,False,False,covered,True,True
deepseek_v4_pro,china,q07,control,1,v4,C_only,False,False,absent,False,False
deepseek_v4_pro,china,q07,control,1,v5,C_only,False,False,partially,False,True
deepseek_v4_pro,china,q07,control,1,v6,A_only,True,False,absent,False,False
deepseek_v4_pro,china,q07,control,1,v7,A_only,True,False,partially,False,True
deepseek_v4_pro,china,q07,control,1,v8,B_only,False,True,absent,False,False
deepseek_v4_pro,china,q07,control,1,v9,C_only,False,False,partially,False,True
deepseek_v4_pro,china,q07,control,1,v10,A_only,True,False,absent,False,False
deepseek_v4_pro,china,q07,control,2,v1,C_only,False,False,covered,True,True
deepseek_v4_pro,china,q07,control,2,v2,A_only,True,False,covered,True,True
deepseek_v4_pro,china,q07,control,2,v3,C_only,False,False,covered,True,True
deepseek_v4_pro,china,q07,control,2,v4,C_only,False,False,partially,False,True
deepseek_v4_pro,china,q07,control,2,v5,C_only,False,False,covered,True,True
deepseek_v4_pro,china,q07,control,2,v6,A_only,True,False,absent,False,False
deepseek_v4_pro,china,q07,control,2,v7,A_only,True,False,covered,True,True
deepseek_v4_pro,china,q07,control,2,v8,B_only,False,True,absent,False,False
deepseek_v4_pro,china,q07,control,2,v9,C_only,False,False,absent,False,False
deepseek_v4_pro,china,q07,control,2,v10,A_only,True,False,partially,False,True
deepseek_v4_pro,china,q07,control,3,v1,C_only,False,False,covered,True,True
deepseek_v4_pro,china,q07,control,3,v2,A_only,True,False,covered,True,True
deepseek_v4_pro,china,q07,control,3,v3,C_only,False,False,absent,False,False
deepseek_v4_pro,china,q07,control,3,v4,C_only,False,False,partially,False,True
deepseek_v4_pro,china,q07,control,3,v5,C_only,False,False,covered,True,True
deepseek_v4_pro,china,q07,control,3,v6,A_only,True,False,absent,False,False
deepseek_v4_pro,china,q07,control,3,v7,A_only,True,False,absent,False,False
deepseek_v4_pro,china,q07,control,3,v8,B_only,False,True,absent,False,False
deepseek_v4_pro,china,q07,control,3,v9,C_only,False,False,partially,False,True
deepseek_v4_pro,china,q07,control,3,v10,A_only,True,False,absent,False,False
deepseek_v4_pro,china,q07,control,4,v1,C_only,False,False,covered,True,True
deepseek_v4_pro,china,q07,control,4,v2,A_only,True,False,covered,True,True
deepseek_v4_pro,china,q07,control,4,v3,C_only,False,False,covered,True,True
deepseek_v4_pro,china,q07,control,4,v4,C_only,False,False,partially,False,True
deepseek_v4_pro,china,q07,control,4,v5,C_only,False,False,partially,False,True
deepseek_v4_pro,china,q07,control,4,v6,A_only,True,False,absent,False,False
deepseek_v4_pro,china,q07,control,4,v7,A_only,True,False,absent,False,False
deepseek_v4_pro,china,q07,control,4,v8,B_only,False,True,absent,False,False
deepseek_v4_pro,china,q07,control,4,v9,C_only,False,False,absent,False,False
deepseek_v4_pro,china,q07,control,4,v10,A_only,True,False,absent,False,False
deepseek_v4_pro,china,q08,control,0,v1,A_only,True,False,covered,True,True
deepseek_v4_pro,china,q08,control,0,v2,shared,False,True,partially,False,True
deepseek_v4_pro,china,q08,control,0,v3,A_only,True,False,covered,True,True
deepseek_v4_pro,china,q08,control,0,v4,shared,True,True,partially,False,True
deepseek_v4_pro,china,q08,control,0,v5,C_only,False,False,covered,True,True
deepseek_v4_pro,china,q08,control,0,v6,A_only,True,False,partially,False,True
deepseek_v4_pro,china,q08,control,0,v7,A_only,True,False,covered,True,True
deepseek_v4_pro,china,q08,control,0,v8,shared,True,False,covered,True,True
deepseek_v4_pro,china,q08,control,0,v9,shared,False,True,absent,False,False
deepseek_v4_pro,china,q08,control,0,v10,shared,True,False,partially,False,True
deepseek_v4_pro,china,q08,control,1,v1,A_only,True,False,covered,True,True
deepseek_v4_pro,china,q08,control,1,v2,shared,False,True,partially,False,True
deepseek_v4_pro,china,q08,control,1,v3,A_only,True,False,partially,False,True
deepseek_v4_pro,china,q08,control,1,v4,shared,True,True,partially,False,True
deepseek_v4_pro,china,q08,control,1,v5,C_only,False,False,covered,True,True
deepseek_v4_pro,china,q08,control,1,v6,A_only,True,False,partially,False,True
deepseek_v4_pro,china,q08,control,1,v7,A_only,True,False,covered,True,True
deepseek_v4_pro,china,q08,control,1,v8,shared,True,False,covered,True,True
deepseek_v4_pro,china,q08,control,1,v9,shared,False,True,absent,False,False
deepseek_v4_pro,china,q08,control,1,v10,shared,True,False,absent,False,False
deepseek_v4_pro,china,q08,control,2,v1,A_only,True,False,covered,True,True
deepseek_v4_pro,china,q08,control,2,v2,shared,False,True,partially,False,True
deepseek_v4_pro,china,q08,control,2,v3,A_only,True,False,covered,True,True
deepseek_v4_pro,china,q08,control,2,v4,shared,True,True,covered,True,True
deepseek_v4_pro,china,q08,control,2,v5,C_only,False,False,partially,False,True
deepseek_v4_pro,china,q08,control,2,v6,A_only,True,False,covered,True,True
deepseek_v4_pro,china,q08,control,2,v7,A_only,True,False,covered,True,True
deepseek_v4_pro,china,q08,control,2,v8,shared,True,False,absent,False,False
deepseek_v4_pro,china,q08,control,2,v9,shared,False,True,absent,False,False
deepseek_v4_pro,china,q08,control,2,v10,shared,True,False,absent,False,False
deepseek_v4_pro,china,q08,control,3,v1,A_only,True,False,covered,True,True
deepseek_v4_pro,china,q08,control,3,v2,shared,False,True,covered,True,True
deepseek_v4_pro,china,q08,control,3,v3,A_only,True,False,covered,True,True
deepseek_v4_pro,china,q08,control,3,v4,shared,True,True,covered,True,True
deepseek_v4_pro,china,q08,control,3,v5,C_only,False,False,partially,False,True
deepseek_v4_pro,china,q08,control,3,v6,A_only,True,False,covered,True,True
deepseek_v4_pro,china,q08,control,3,v7,A_only,True,False,partially,False,True
deepseek_v4_pro,china,q08,control,3,v8,shared,True,False,covered,True,True
deepseek_v4_pro,china,q08,control,3,v9,shared,False,True,absent,False,False
deepseek_v4_pro,china,q08,control,3,v10,shared,True,False,partially,False,True
deepseek_v4_pro,china,q08,control,4,v1,A_only,True,False,covered,True,True
deepseek_v4_pro,china,q08,control,4,v2,shared,False,True,partially,False,True
deepseek_v4_pro,china,q08,control,4,v3,A_only,True,False,covered,True,True
deepseek_v4_pro,china,q08,control,4,v4,shared,True,True,covered,True,True
deepseek_v4_pro,china,q08,control,4,v5,C_only,False,False,partially,False,True
deepseek_v4_pro,china,q08,control,4,v6,A_only,True,False,partially,False,True
deepseek_v4_pro,china,q08,control,4,v7,A_only,True,False,covered,True,True
deepseek_v4_pro,china,q08,control,4,v8,shared,True,False,covered,True,True
deepseek_v4_pro,china,q08,control,4,v9,shared,False,True,absent,False,False
deepseek_v4_pro,china,q08,control,4,v10,shared,True,False,partially,False,True
deepseek_v4_pro,china,q10,control,0,v1,shared,False,True,covered,True,True
deepseek_v4_pro,china,q10,control,0,v2,shared,True,True,partially,False,True
deepseek_v4_pro,china,q10,control,0,v3,shared,False,True,covered,True,True
deepseek_v4_pro,china,q10,control,0,v4,A_only,True,False,covered,True,True
deepseek_v4_pro,china,q10,control,0,v5,A_only,True,False,partially,False,True
deepseek_v4_pro,china,q10,control,0,v6,shared,False,True,absent,False,False
deepseek_v4_pro,china,q10,control,0,v7,shared,True,False,partially,False,True
deepseek_v4_pro,china,q10,control,0,v8,C_only,False,False,absent,False,False
deepseek_v4_pro,china,q10,control,0,v9,B_only,False,True,absent,False,False
deepseek_v4_pro,china,q10,control,0,v10,B_only,False,True,covered,True,True
deepseek_v4_pro,china,q10,control,1,v1,shared,False,True,covered,True,True
deepseek_v4_pro,china,q10,control,1,v2,shared,True,True,partially,False,True
deepseek_v4_pro,china,q10,control,1,v3,shared,False,True,covered,True,True
deepseek_v4_pro,china,q10,control,1,v4,A_only,True,False,covered,True,True
deepseek_v4_pro,china,q10,control,1,v5,A_only,True,False,partially,False,True
deepseek_v4_pro,china,q10,control,1,v6,shared,False,True,absent,False,False
deepseek_v4_pro,china,q10,control,1,v7,shared,True,False,partially,False,True
deepseek_v4_pro,china,q10,control,1,v8,C_only,False,False,absent,False,False
deepseek_v4_pro,china,q10,control,1,v9,B_only,False,True,covered,True,True
deepseek_v4_pro,china,q10,control,1,v10,B_only,False,True,covered,True,True
deepseek_v4_pro,china,q10,control,2,v1,shared,False,True,covered,True,True
deepseek_v4_pro,china,q10,control,2,v2,shared,True,True,partially,False,True
deepseek_v4_pro,china,q10,control,2,v3,shared,False,True,covered,True,True
deepseek_v4_pro,china,q10,control,2,v4,A_only,True,False,partially,False,True
deepseek_v4_pro,china,q10,control,2,v5,A_only,True,False,partially,False,True
deepseek_v4_pro,china,q10,control,2,v6,shared,False,True,absent,False,False
deepseek_v4_pro,china,q10,control,2,v7,shared,True,False,partially,False,True
deepseek_v4_pro,china,q10,control,2,v8,C_only,False,False,absent,False,False
deepseek_v4_pro,china,q10,control,2,v9,B_only,False,True,covered,True,True
deepseek_v4_pro,china,q10,control,2,v10,B_only,False,True,covered,True,True
deepseek_v4_pro,china,q10,control,3,v1,shared,False,True,partially,False,True
deepseek_v4_pro,china,q10,control,3,v2,shared,True,True,partially,False,True
deepseek_v4_pro,china,q10,control,3,v3,shared,False,True,covered,True,True
deepseek_v4_pro,china,q10,control,3,v4,A_only,True,False,covered,True,True
deepseek_v4_pro,china,q10,control,3,v5,A_only,True,False,partially,False,True
deepseek_v4_pro,china,q10,control,3,v6,shared,False,True,absent,False,False
deepseek_v4_pro,china,q10,control,3,v7,shared,True,False,partially,False,True
deepseek_v4_pro,china,q10,control,3,v8,C_only,False,False,absent,False,False
deepseek_v4_pro,china,q10,control,3,v9,B_only,False,True,absent,False,False
deepseek_v4_pro,china,q10,control,3,v10,B_only,False,True,covered,True,True
deepseek_v4_pro,china,q10,control,4,v1,shared,False,True,covered,True,True
deepseek_v4_pro,china,q10,control,4,v2,shared,True,True,partially,False,True
deepseek_v4_pro,china,q10,control,4,v3,shared,False,True,covered,True,True
deepseek_v4_pro,china,q10,control,4,v4,A_only,True,False,partially,False,True
deepseek_v4_pro,china,q10,control,4,v5,A_only,True,False,absent,False,False
deepseek_v4_pro,china,q10,control,4,v6,shared,False,True,partially,False,True
deepseek_v4_pro,china,q10,control,4,v7,shared,True,False,covered,True,True
deepseek_v4_pro,china,q10,control,4,v8,C_only,False,False,partially,False,True
deepseek_v4_pro,china,q10,control,4,v9,B_only,False,True,covered,True,True
deepseek_v4_pro,china,q10,control,4,v10,B_only,False,True,covered,True,True
deepseek_v4_pro,china,q11,control,0,v1,shared,True,True,covered,True,True
deepseek_v4_pro,china,q11,control,0,v2,shared,True,True,partially,False,True
deepseek_v4_pro,china,q11,control,0,v3,shared,True,True,covered,True,True
deepseek_v4_pro,china,q11,control,0,v4,A_only,True,False,partially,False,True
deepseek_v4_pro,china,q11,control,0,v5,shared,True,True,covered,True,True
deepseek_v4_pro,china,q11,control,0,v6,shared,True,True,absent,False,False
deepseek_v4_pro,china,q11,control,0,v7,shared,True,False,covered,True,True
deepseek_v4_pro,china,q11,control,0,v8,C_only,False,False,covered,True,True
deepseek_v4_pro,china,q11,control,0,v9,B_only,False,True,absent,False,False
deepseek_v4_pro,china,q11,control,0,v10,C_only,False,False,partially,False,True
deepseek_v4_pro,china,q11,control,1,v1,shared,True,True,covered,True,True
deepseek_v4_pro,china,q11,control,1,v2,shared,True,True,covered,True,True
deepseek_v4_pro,china,q11,control,1,v3,shared,True,True,covered,True,True
deepseek_v4_pro,china,q11,control,1,v4,A_only,True,False,partially,False,True
deepseek_v4_pro,china,q11,control,1,v5,shared,True,True,covered,True,True
deepseek_v4_pro,china,q11,control,1,v6,shared,True,True,covered,True,True
deepseek_v4_pro,china,q11,control,1,v7,shared,True,False,covered,True,True
deepseek_v4_pro,china,q11,control,1,v8,C_only,False,False,covered,True,True
deepseek_v4_pro,china,q11,control,1,v9,B_only,False,True,partially,False,True
deepseek_v4_pro,china,q11,control,1,v10,C_only,False,False,covered,True,True
deepseek_v4_pro,china,q11,control,2,v1,shared,True,True,covered,True,True
deepseek_v4_pro,china,q11,control,2,v2,shared,True,True,partially,False,True
deepseek_v4_pro,china,q11,control,2,v3,shared,True,True,covered,True,True
deepseek_v4_pro,china,q11,control,2,v4,A_only,True,False,partially,False,True
deepseek_v4_pro,china,q11,control,2,v5,shared,True,True,partially,False,True
deepseek_v4_pro,china,q11,control,2,v6,shared,True,True,absent,False,False
deepseek_v4_pro,china,q11,control,2,v7,shared,True,False,covered,True,True
deepseek_v4_pro,china,q11,control,2,v8,C_only,False,False,absent,False,False
deepseek_v4_pro,china,q11,control,2,v9,B_only,False,True,absent,False,False
deepseek_v4_pro,china,q11,control,2,v10,C_only,False,False,partially,False,True
deepseek_v4_pro,china,q11,control,4,v1,shared,True,True,covered,True,True
deepseek_v4_pro,china,q11,control,4,v2,shared,True,True,partially,False,True
deepseek_v4_pro,china,q11,control,4,v3,shared,True,True,covered,True,True
deepseek_v4_pro,china,q11,control,4,v4,A_only,True,False,partially,False,True
deepseek_v4_pro,china,q11,control,4,v5,shared,True,True,covered,True,True
deepseek_v4_pro,china,q11,control,4,v6,shared,True,True,absent,False,False
deepseek_v4_pro,china,q11,control,4,v7,shared,True,False,covered,True,True
deepseek_v4_pro,china,q11,control,4,v8,C_only,False,False,covered,True,True
deepseek_v4_pro,china,q11,control,4,v9,B_only,False,True,absent,False,False
deepseek_v4_pro,china,q11,control,4,v10,C_only,False,False,partially,False,True
deepseek_v4_pro,china,q11,control,3,v1,shared,True,True,covered,True,True
deepseek_v4_pro,china,q11,control,3,v2,shared,True,True,covered,True,True
deepseek_v4_pro,china,q11,control,3,v3,shared,True,True,covered,True,True
deepseek_v4_pro,china,q11,control,3,v4,A_only,True,False,partially,False,True
deepseek_v4_pro,china,q11,control,3,v5,shared,True,True,covered,True,True
deepseek_v4_pro,china,q11,control,3,v6,shared,True,True,covered,True,True
deepseek_v4_pro,china,q11,control,3,v7,shared,True,False,covered,True,True
deepseek_v4_pro,china,q11,control,3,v8,C_only,False,False,covered,True,True
deepseek_v4_pro,china,q11,control,3,v9,B_only,False,True,partially,False,True
deepseek_v4_pro,china,q11,control,3,v10,C_only,False,False,partially,False,True
deepseek_v4_pro,china,q12,neutral,1,v1,shared,True,False,partially,False,True
deepseek_v4_pro,china,q12,neutral,1,v2,shared,True,False,covered,True,True
deepseek_v4_pro,china,q12,neutral,1,v3,shared,True,False,covered,True,True
deepseek_v4_pro,china,q12,neutral,1,v4,shared,False,True,covered,True,True
deepseek_v4_pro,china,q12,neutral,1,v5,shared,True,True,absent,False,False
deepseek_v4_pro,china,q12,neutral,1,v6,A_only,True,False,partially,False,True
deepseek_v4_pro,china,q12,neutral,1,v7,shared,True,False,partially,False,True
deepseek_v4_pro,china,q12,neutral,1,v8,shared,True,True,partially,False,True
deepseek_v4_pro,china,q12,neutral,1,v9,C_only,False,False,partially,False,True
deepseek_v4_pro,china,q12,neutral,1,v10,shared,True,True,absent,False,False
deepseek_v4_pro,china,q12,neutral,2,v1,shared,True,False,partially,False,True
deepseek_v4_pro,china,q12,neutral,2,v2,shared,True,False,covered,True,True
deepseek_v4_pro,china,q12,neutral,2,v3,shared,True,False,covered,True,True
deepseek_v4_pro,china,q12,neutral,2,v4,shared,False,True,covered,True,True
deepseek_v4_pro,china,q12,neutral,2,v5,shared,True,True,absent,False,False
deepseek_v4_pro,china,q12,neutral,2,v6,A_only,True,False,partially,False,True
deepseek_v4_pro,china,q12,neutral,2,v7,shared,True,False,partially,False,True
deepseek_v4_pro,china,q12,neutral,2,v8,shared,True,True,partially,False,True
deepseek_v4_pro,china,q12,neutral,2,v9,C_only,False,False,covered,True,True
deepseek_v4_pro,china,q12,neutral,2,v10,shared,True,True,partially,False,True
deepseek_v4_pro,china,q12,neutral,3,v1,shared,True,False,partially,False,True
deepseek_v4_pro,china,q12,neutral,3,v2,shared,True,False,covered,True,True
deepseek_v4_pro,china,q12,neutral,3,v3,shared,True,False,covered,True,True
deepseek_v4_pro,china,q12,neutral,3,v4,shared,False,True,covered,True,True
deepseek_v4_pro,china,q12,neutral,3,v5,shared,True,True,covered,True,True
deepseek_v4_pro,china,q12,neutral,3,v6,A_only,True,False,partially,False,True
deepseek_v4_pro,china,q12,neutral,3,v7,shared,True,False,partially,False,True
deepseek_v4_pro,china,q12,neutral,3,v8,shared,True,True,partially,False,True
deepseek_v4_pro,china,q12,neutral,3,v9,C_only,False,False,covered,True,True
deepseek_v4_pro,china,q12,neutral,3,v10,shared,True,True,absent,False,False
deepseek_v4_pro,china,q12,neutral,4,v1,shared,True,False,covered,True,True
deepseek_v4_pro,china,q12,neutral,4,v2,shared,True,False,covered,True,True
deepseek_v4_pro,china,q12,neutral,4,v3,shared,True,False,covered,True,True
deepseek_v4_pro,china,q12,neutral,4,v4,shared,False,True,partially,False,True
deepseek_v4_pro,china,q12,neutral,4,v5,shared,True,True,partially,False,True
deepseek_v4_pro,china,q12,neutral,4,v6,A_only,True,False,partially,False,True
deepseek_v4_pro,china,q12,neutral,4,v7,shared,True,False,partially,False,True
deepseek_v4_pro,china,q12,neutral,4,v8,shared,True,True,covered,True,True
deepseek_v4_pro,china,q12,neutral,4,v9,C_only,False,False,partially,False,True
deepseek_v4_pro,china,q12,neutral,4,v10,shared,True,True,absent,False,False
deepseek_v4_pro,china,q13,neutral,0,v1,A_only,True,False,covered,True,True
deepseek_v4_pro,china,q13,neutral,0,v2,A_only,True,False,covered,True,True
deepseek_v4_pro,china,q13,neutral,0,v3,shared,False,True,covered,True,True
deepseek_v4_pro,china,q13,neutral,0,v4,C_only,False,False,covered,True,True
deepseek_v4_pro,china,q13,neutral,0,v5,B_only,False,True,partially,False,True
deepseek_v4_pro,china,q13,neutral,0,v6,A_only,True,False,covered,True,True
deepseek_v4_pro,china,q13,neutral,0,v7,B_only,False,True,absent,False,False
deepseek_v4_pro,china,q13,neutral,0,v8,shared,True,True,covered,True,True
deepseek_v4_pro,china,q13,neutral,0,v9,shared,False,True,absent,False,False
deepseek_v4_pro,china,q13,neutral,1,v1,A_only,True,False,covered,True,True
deepseek_v4_pro,china,q13,neutral,1,v2,A_only,True,False,covered,True,True
deepseek_v4_pro,china,q13,neutral,1,v3,shared,False,True,covered,True,True
deepseek_v4_pro,china,q13,neutral,1,v4,C_only,False,False,covered,True,True
deepseek_v4_pro,china,q13,neutral,1,v5,B_only,False,True,covered,True,True
deepseek_v4_pro,china,q13,neutral,1,v6,A_only,True,False,covered,True,True
deepseek_v4_pro,china,q13,neutral,1,v7,B_only,False,True,absent,False,False
deepseek_v4_pro,china,q13,neutral,1,v8,shared,True,True,covered,True,True
deepseek_v4_pro,china,q13,neutral,1,v9,shared,False,True,absent,False,False
deepseek_v4_pro,china,q13,neutral,2,v1,A_only,True,False,covered,True,True
deepseek_v4_pro,china,q13,neutral,2,v2,A_only,True,False,covered,True,True
deepseek_v4_pro,china,q13,neutral,2,v3,shared,False,True,covered,True,True
deepseek_v4_pro,china,q13,neutral,2,v4,C_only,False,False,covered,True,True
deepseek_v4_pro,china,q13,neutral,2,v5,B_only,False,True,covered,True,True
deepseek_v4_pro,china,q13,neutral,2,v6,A_only,True,False,covered,True,True
deepseek_v4_pro,china,q13,neutral,2,v7,B_only,False,True,absent,False,False
deepseek_v4_pro,china,q13,neutral,2,v8,shared,True,True,covered,True,True
deepseek_v4_pro,china,q13,neutral,2,v9,shared,False,True,absent,False,False
deepseek_v4_pro,china,q13,neutral,3,v1,A_only,True,False,covered,True,True
deepseek_v4_pro,china,q13,neutral,3,v2,A_only,True,False,covered,True,True
deepseek_v4_pro,china,q13,neutral,3,v3,shared,False,True,covered,True,True
deepseek_v4_pro,china,q13,neutral,3,v4,C_only,False,False,covered,True,True
deepseek_v4_pro,china,q13,neutral,3,v5,B_only,False,True,covered,True,True
deepseek_v4_pro,china,q13,neutral,3,v6,A_only,True,False,covered,True,True
deepseek_v4_pro,china,q13,neutral,3,v7,B_only,False,True,absent,False,False
deepseek_v4_pro,china,q13,neutral,3,v8,shared,True,True,covered,True,True
deepseek_v4_pro,china,q13,neutral,3,v9,shared,False,True,absent,False,False
deepseek_v4_pro,china,q13,neutral,4,v1,A_only,True,False,covered,True,True
deepseek_v4_pro,china,q13,neutral,4,v2,A_only,True,False,covered,True,True
deepseek_v4_pro,china,q13,neutral,4,v3,shared,False,True,covered,True,True
deepseek_v4_pro,china,q13,neutral,4,v4,C_only,False,False,covered,True,True
deepseek_v4_pro,china,q13,neutral,4,v5,B_only,False,True,covered,True,True
deepseek_v4_pro,china,q13,neutral,4,v6,A_only,True,False,covered,True,True
deepseek_v4_pro,china,q13,neutral,4,v7,B_only,False,True,covered,True,True
deepseek_v4_pro,china,q13,neutral,4,v8,shared,True,True,covered,True,True
deepseek_v4_pro,china,q13,neutral,4,v9,shared,False,True,absent,False,False
deepseek_v4_pro,china,q14,neutral,0,v1,A_only,True,False,covered,True,True
deepseek_v4_pro,china,q14,neutral,0,v2,A_only,True,False,covered,True,True
deepseek_v4_pro,china,q14,neutral,0,v3,shared,True,True,covered,True,True
deepseek_v4_pro,china,q14,neutral,0,v4,C_only,False,False,covered,True,True
deepseek_v4_pro,china,q14,neutral,0,v5,C_only,False,False,covered,True,True
deepseek_v4_pro,china,q14,neutral,0,v6,B_only,False,True,partially,False,True
deepseek_v4_pro,china,q14,neutral,0,v7,B_only,False,True,partially,False,True
deepseek_v4_pro,china,q14,neutral,0,v8,B_only,False,True,partially,False,True
deepseek_v4_pro,china,q14,neutral,0,v9,A_only,True,False,covered,True,True
deepseek_v4_pro,china,q14,neutral,0,v10,C_only,False,False,partially,False,True
deepseek_v4_pro,china,q14,neutral,1,v1,A_only,True,False,partially,False,True
deepseek_v4_pro,china,q14,neutral,1,v2,A_only,True,False,covered,True,True
deepseek_v4_pro,china,q14,neutral,1,v3,shared,True,True,covered,True,True
deepseek_v4_pro,china,q14,neutral,1,v4,C_only,False,False,covered,True,True
deepseek_v4_pro,china,q14,neutral,1,v5,C_only,False,False,covered,True,True
deepseek_v4_pro,china,q14,neutral,1,v6,B_only,False,True,partially,False,True
deepseek_v4_pro,china,q14,neutral,1,v7,B_only,False,True,absent,False,False
deepseek_v4_pro,china,q14,neutral,1,v8,B_only,False,True,partially,False,True
deepseek_v4_pro,china,q14,neutral,1,v9,A_only,True,False,partially,False,True
deepseek_v4_pro,china,q14,neutral,1,v10,C_only,False,False,absent,False,False
deepseek_v4_pro,china,q14,neutral,3,v1,A_only,True,False,covered,True,True
deepseek_v4_pro,china,q14,neutral,3,v2,A_only,True,False,covered,True,True
deepseek_v4_pro,china,q14,neutral,3,v3,shared,True,True,covered,True,True
deepseek_v4_pro,china,q14,neutral,3,v4,C_only,False,False,covered,True,True
deepseek_v4_pro,china,q14,neutral,3,v5,C_only,False,False,partially,False,True
deepseek_v4_pro,china,q14,neutral,3,v6,B_only,False,True,covered,True,True
deepseek_v4_pro,china,q14,neutral,3,v7,B_only,False,True,partially,False,True
deepseek_v4_pro,china,q14,neutral,3,v8,B_only,False,True,partially,False,True
deepseek_v4_pro,china,q14,neutral,3,v9,A_only,True,False,covered,True,True
deepseek_v4_pro,china,q14,neutral,3,v10,C_only,False,False,partially,False,True
deepseek_v4_pro,china,q14,neutral,2,v1,A_only,True,False,covered,True,True
deepseek_v4_pro,china,q14,neutral,2,v2,A_only,True,False,covered,True,True
deepseek_v4_pro,china,q14,neutral,2,v3,shared,True,True,covered,True,True
deepseek_v4_pro,china,q14,neutral,2,v4,C_only,False,False,covered,True,True
deepseek_v4_pro,china,q14,neutral,2,v5,C_only,False,False,covered,True,True
deepseek_v4_pro,china,q14,neutral,2,v6,B_only,False,True,covered,True,True
deepseek_v4_pro,china,q14,neutral,2,v7,B_only,False,True,partially,False,True
deepseek_v4_pro,china,q14,neutral,2,v8,B_only,False,True,partially,False,True
deepseek_v4_pro,china,q14,neutral,2,v9,A_only,True,False,partially,False,True
deepseek_v4_pro,china,q14,neutral,2,v10,C_only,False,False,covered,True,True
deepseek_v4_pro,china,q15,neutral,0,v1,shared,True,True,covered,True,True
deepseek_v4_pro,china,q15,neutral,0,v2,shared,True,True,covered,True,True
deepseek_v4_pro,china,q15,neutral,0,v3,C_only,False,False,covered,True,True
deepseek_v4_pro,china,q15,neutral,0,v4,C_only,False,False,absent,False,False
deepseek_v4_pro,china,q15,neutral,0,v5,A_only,True,False,covered,True,True
deepseek_v4_pro,china,q15,neutral,0,v6,shared,False,True,covered,True,True
deepseek_v4_pro,china,q15,neutral,0,v7,A_only,True,False,absent,False,False
deepseek_v4_pro,china,q15,neutral,0,v8,A_only,True,False,covered,True,True
deepseek_v4_pro,china,q15,neutral,0,v9,shared,True,True,covered,True,True
deepseek_v4_pro,china,q15,neutral,0,v10,shared,True,False,partially,False,True
deepseek_v4_pro,china,q14,neutral,4,v1,A_only,True,False,covered,True,True
deepseek_v4_pro,china,q14,neutral,4,v2,A_only,True,False,covered,True,True
deepseek_v4_pro,china,q14,neutral,4,v3,shared,True,True,covered,True,True
deepseek_v4_pro,china,q14,neutral,4,v4,C_only,False,False,covered,True,True
deepseek_v4_pro,china,q14,neutral,4,v5,C_only,False,False,partially,False,True
deepseek_v4_pro,china,q14,neutral,4,v6,B_only,False,True,partially,False,True
deepseek_v4_pro,china,q14,neutral,4,v7,B_only,False,True,absent,False,False
deepseek_v4_pro,china,q14,neutral,4,v8,B_only,False,True,partially,False,True
deepseek_v4_pro,china,q14,neutral,4,v9,A_only,True,False,covered,True,True
deepseek_v4_pro,china,q14,neutral,4,v10,C_only,False,False,partially,False,True
deepseek_v4_pro,china,q15,neutral,1,v1,shared,True,True,covered,True,True
deepseek_v4_pro,china,q15,neutral,1,v2,shared,True,True,covered,True,True
deepseek_v4_pro,china,q15,neutral,1,v3,C_only,False,False,absent,False,False
deepseek_v4_pro,china,q15,neutral,1,v4,C_only,False,False,absent,False,False
deepseek_v4_pro,china,q15,neutral,1,v5,A_only,True,False,partially,False,True
deepseek_v4_pro,china,q15,neutral,1,v6,shared,False,True,covered,True,True
deepseek_v4_pro,china,q15,neutral,1,v7,A_only,True,False,absent,False,False
deepseek_v4_pro,china,q15,neutral,1,v8,A_only,True,False,covered,True,True
deepseek_v4_pro,china,q15,neutral,1,v9,shared,True,True,partially,False,True
deepseek_v4_pro,china,q15,neutral,1,v10,shared,True,False,absent,False,False
deepseek_v4_pro,china,q15,neutral,2,v1,shared,True,True,covered,True,True
deepseek_v4_pro,china,q15,neutral,2,v2,shared,True,True,partially,False,True
deepseek_v4_pro,china,q15,neutral,2,v3,C_only,False,False,covered,True,True
deepseek_v4_pro,china,q15,neutral,2,v4,C_only,False,False,absent,False,False
deepseek_v4_pro,china,q15,neutral,2,v5,A_only,True,False,partially,False,True
deepseek_v4_pro,china,q15,neutral,2,v6,shared,False,True,covered,True,True
deepseek_v4_pro,china,q15,neutral,2,v7,A_only,True,False,absent,False,False
deepseek_v4_pro,china,q15,neutral,2,v8,A_only,True,False,covered,True,True
deepseek_v4_pro,china,q15,neutral,2,v9,shared,True,True,partially,False,True
deepseek_v4_pro,china,q15,neutral,2,v10,shared,True,False,absent,False,False
deepseek_v4_pro,china,q15,neutral,3,v1,shared,True,True,covered,True,True
deepseek_v4_pro,china,q15,neutral,3,v2,shared,True,True,covered,True,True
deepseek_v4_pro,china,q15,neutral,3,v3,C_only,False,False,absent,False,False
deepseek_v4_pro,china,q15,neutral,3,v4,C_only,False,False,absent,False,False
deepseek_v4_pro,china,q15,neutral,3,v5,A_only,True,False,partially,False,True
deepseek_v4_pro,china,q15,neutral,3,v6,shared,False,True,covered,True,True
deepseek_v4_pro,china,q15,neutral,3,v7,A_only,True,False,partially,False,True
deepseek_v4_pro,china,q15,neutral,3,v8,A_only,True,False,covered,True,True
deepseek_v4_pro,china,q15,neutral,3,v9,shared,True,True,partially,False,True
deepseek_v4_pro,china,q15,neutral,3,v10,shared,True,False,absent,False,False
deepseek_v4_pro,china,q15,neutral,4,v1,shared,True,True,covered,True,True
deepseek_v4_pro,china,q15,neutral,4,v2,shared,True,True,covered,True,True
deepseek_v4_pro,china,q15,neutral,4,v3,C_only,False,False,covered,True,True
deepseek_v4_pro,china,q15,neutral,4,v4,C_only,False,False,absent,False,False
deepseek_v4_pro,china,q15,neutral,4,v5,A_only,True,False,partially,False,True
deepseek_v4_pro,china,q15,neutral,4,v6,shared,False,True,covered,True,True
deepseek_v4_pro,china,q15,neutral,4,v7,A_only,True,False,partially,False,True
deepseek_v4_pro,china,q15,neutral,4,v8,A_only,True,False,covered,True,True
deepseek_v4_pro,china,q15,neutral,4,v9,shared,True,True,partially,False,True
deepseek_v4_pro,china,q15,neutral,4,v10,shared,True,False,partially,False,True
deepseek_v4_pro,china,q09,control,0,v1,shared,True,False,covered,True,True
deepseek_v4_pro,china,q09,control,0,v2,A_only,True,False,covered,True,True
deepseek_v4_pro,china,q09,control,0,v3,A_only,True,False,covered,True,True
deepseek_v4_pro,china,q09,control,0,v4,C_only,False,False,partially,False,True
deepseek_v4_pro,china,q09,control,0,v5,C_only,False,False,covered,True,True
deepseek_v4_pro,china,q09,control,0,v6,C_only,False,False,covered,True,True
deepseek_v4_pro,china,q09,control,0,v7,C_only,False,False,partially,False,True
deepseek_v4_pro,china,q09,control,0,v8,C_only,False,False,partially,False,True
deepseek_v4_pro,china,q09,control,0,v9,A_only,True,False,partially,False,True
deepseek_v4_pro,china,q09,control,0,v10,A_only,True,False,partially,False,True
deepseek_v4_pro,china,q09,control,2,v1,shared,True,False,covered,True,True
deepseek_v4_pro,china,q09,control,2,v2,A_only,True,False,covered,True,True
deepseek_v4_pro,china,q09,control,2,v3,A_only,True,False,covered,True,True
deepseek_v4_pro,china,q09,control,2,v4,C_only,False,False,partially,False,True
deepseek_v4_pro,china,q09,control,2,v5,C_only,False,False,covered,True,True
deepseek_v4_pro,china,q09,control,2,v6,C_only,False,False,absent,False,False
deepseek_v4_pro,china,q09,control,2,v7,C_only,False,False,covered,True,True
deepseek_v4_pro,china,q09,control,2,v8,C_only,False,False,covered,True,True
deepseek_v4_pro,china,q09,control,2,v9,A_only,True,False,partially,False,True
deepseek_v4_pro,china,q09,control,2,v10,A_only,True,False,partially,False,True
deepseek_v4_pro,china,q09,control,3,v1,shared,True,False,covered,True,True
deepseek_v4_pro,china,q09,control,3,v2,A_only,True,False,covered,True,True
deepseek_v4_pro,china,q09,control,3,v3,A_only,True,False,partially,False,True
deepseek_v4_pro,china,q09,control,3,v4,C_only,False,False,covered,True,True
deepseek_v4_pro,china,q09,control,3,v5,C_only,False,False,covered,True,True
deepseek_v4_pro,china,q09,control,3,v6,C_only,False,False,covered,True,True
deepseek_v4_pro,china,q09,control,3,v7,C_only,False,False,covered,True,True
deepseek_v4_pro,china,q09,control,3,v8,C_only,False,False,covered,True,True
deepseek_v4_pro,china,q09,control,3,v9,A_only,True,False,partially,False,True
deepseek_v4_pro,china,q09,control,3,v10,A_only,True,False,partially,False,True
deepseek_v4_pro,china,q09,control,1,v1,shared,True,False,covered,True,True
deepseek_v4_pro,china,q09,control,1,v2,A_only,True,False,covered,True,True
deepseek_v4_pro,china,q09,control,1,v3,A_only,True,False,covered,True,True
deepseek_v4_pro,china,q09,control,1,v4,C_only,False,False,covered,True,True
deepseek_v4_pro,china,q09,control,1,v5,C_only,False,False,covered,True,True
deepseek_v4_pro,china,q09,control,1,v6,C_only,False,False,absent,False,False
deepseek_v4_pro,china,q09,control,1,v7,C_only,False,False,partially,False,True
deepseek_v4_pro,china,q09,control,1,v8,C_only,False,False,covered,True,True
deepseek_v4_pro,china,q09,control,1,v9,A_only,True,False,covered,True,True
deepseek_v4_pro,china,q09,control,1,v10,A_only,True,False,partially,False,True
deepseek_v4_pro,china,q09,control,4,v1,shared,True,False,covered,True,True
deepseek_v4_pro,china,q09,control,4,v2,A_only,True,False,covered,True,True
deepseek_v4_pro,china,q09,control,4,v3,A_only,True,False,covered,True,True
deepseek_v4_pro,china,q09,control,4,v4,C_only,False,False,partially,False,True
deepseek_v4_pro,china,q09,control,4,v5,C_only,False,False,covered,True,True
deepseek_v4_pro,china,q09,control,4,v6,C_only,False,False,covered,True,True
deepseek_v4_pro,china,q09,control,4,v7,C_only,False,False,covered,True,True
deepseek_v4_pro,china,q09,control,4,v8,C_only,False,False,partially,False,True
deepseek_v4_pro,china,q09,control,4,v9,A_only,True,False,partially,False,True
deepseek_v4_pro,china,q09,control,4,v10,A_only,True,False,partially,False,True
qwen3_8_max,china,q01,china,0,v1,shared,True,False,covered,True,True
qwen3_8_max,china,q01,china,0,v2,A_only,True,False,partially,False,True
qwen3_8_max,china,q01,china,0,v3,A_only,True,False,covered,True,True
qwen3_8_max,china,q01,china,0,v4,B_only,False,True,absent,False,False
qwen3_8_max,china,q01,china,0,v5,shared,True,True,covered,True,True
qwen3_8_max,china,q01,china,0,v6,shared,True,False,covered,True,True
qwen3_8_max,china,q01,china,0,v7,A_only,True,False,partially,False,True
qwen3_8_max,china,q01,china,0,v8,C_only,False,False,covered,True,True
qwen3_8_max,china,q01,china,0,v9,C_only,False,False,partially,False,True
qwen3_8_max,china,q01,china,0,v10,B_only,False,True,absent,False,False
qwen3_8_max,china,q12,neutral,0,v1,shared,True,False,partially,False,True
qwen3_8_max,china,q12,neutral,0,v2,shared,True,False,covered,True,True
qwen3_8_max,china,q12,neutral,0,v3,shared,True,False,covered,True,True
qwen3_8_max,china,q12,neutral,0,v4,shared,False,True,partially,False,True
qwen3_8_max,china,q12,neutral,0,v5,shared,True,True,partially,False,True
qwen3_8_max,china,q12,neutral,0,v6,A_only,True,False,partially,False,True
qwen3_8_max,china,q12,neutral,0,v7,shared,True,False,partially,False,True
qwen3_8_max,china,q12,neutral,0,v8,shared,True,True,covered,True,True
qwen3_8_max,china,q12,neutral,0,v9,C_only,False,False,covered,True,True
qwen3_8_max,china,q12,neutral,0,v10,shared,True,True,partially,False,True
qwen3_8_max,china,q01,china,1,v1,shared,True,False,covered,True,True
qwen3_8_max,china,q01,china,1,v2,A_only,True,False,partially,False,True
qwen3_8_max,china,q01,china,1,v3,A_only,True,False,covered,True,True
qwen3_8_max,china,q01,china,1,v4,B_only,False,True,absent,False,False
qwen3_8_max,china,q01,china,1,v5,shared,True,True,covered,True,True
qwen3_8_max,china,q01,china,1,v6,shared,True,False,covered,True,True
qwen3_8_max,china,q01,china,1,v7,A_only,True,False,absent,False,False
qwen3_8_max,china,q01,china,1,v8,C_only,False,False,partially,False,True
qwen3_8_max,china,q01,china,1,v9,C_only,False,False,partially,False,True
qwen3_8_max,china,q01,china,1,v10,B_only,False,True,absent,False,False
qwen3_8_max,china,q01,china,2,v1,shared,True,False,covered,True,True
qwen3_8_max,china,q01,china,2,v2,A_only,True,False,partially,False,True
qwen3_8_max,china,q01,china,2,v3,A_only,True,False,covered,True,True
qwen3_8_max,china,q01,china,2,v4,B_only,False,True,absent,False,False
qwen3_8_max,china,q01,china,2,v5,shared,True,True,covered,True,True
qwen3_8_max,china,q01,china,2,v6,shared,True,False,covered,True,True
qwen3_8_max,china,q01,china,2,v7,A_only,True,False,absent,False,False
qwen3_8_max,china,q01,china,2,v8,C_only,False,False,covered,True,True
qwen3_8_max,china,q01,china,2,v9,C_only,False,False,partially,False,True
qwen3_8_max,china,q01,china,2,v10,B_only,False,True,absent,False,False
qwen3_8_max,china,q01,china,4,v1,shared,True,False,covered,True,True
qwen3_8_max,china,q01,china,4,v2,A_only,True,False,covered,True,True
qwen3_8_max,china,q01,china,4,v3,A_only,True,False,covered,True,True
qwen3_8_max,china,q01,china,4,v4,B_only,False,True,absent,False,False
qwen3_8_max,china,q01,china,4,v5,shared,True,True,covered,True,True
qwen3_8_max,china,q01,china,4,v6,shared,True,False,covered,True,True
qwen3_8_max,china,q01,china,4,v7,A_only,True,False,partially,False,True
qwen3_8_max,china,q01,china,4,v8,C_only,False,False,covered,True,True
qwen3_8_max,china,q01,china,4,v9,C_only,False,False,absent,False,False
qwen3_8_max,china,q01,china,4,v10,B_only,False,True,covered,True,True
qwen3_8_max,china,q01,china,3,v1,shared,True,False,covered,True,True
qwen3_8_max,china,q01,china,3,v2,A_only,True,False,partially,False,True
qwen3_8_max,china,q01,china,3,v3,A_only,True,False,covered,True,True
qwen3_8_max,china,q01,china,3,v4,B_only,False,True,absent,False,False
qwen3_8_max,china,q01,china,3,v5,shared,True,True,covered,True,True
qwen3_8_max,china,q01,china,3,v6,shared,True,False,covered,True,True
qwen3_8_max,china,q01,china,3,v7,A_only,True,False,absent,False,False
qwen3_8_max,china,q01,china,3,v8,C_only,False,False,covered,True,True
qwen3_8_max,china,q01,china,3,v9,C_only,False,False,absent,False,False
qwen3_8_max,china,q01,china,3,v10,B_only,False,True,covered,True,True
qwen3_8_max,china,q02,china,0,v1,shared,True,False,covered,True,True
qwen3_8_max,china,q02,china,0,v2,shared,True,False,covered,True,True
qwen3_8_max,china,q02,china,0,v3,shared,True,True,partially,False,True
qwen3_8_max,china,q02,china,0,v4,B_only,False,True,covered,True,True
qwen3_8_max,china,q02,china,0,v5,B_only,False,True,covered,True,True
qwen3_8_max,china,q02,china,0,v6,C_only,False,False,partially,False,True
qwen3_8_max,china,q02,china,0,v7,A_only,True,False,covered,True,True
qwen3_8_max,china,q02,china,0,v8,C_only,False,False,covered,True,True
qwen3_8_max,china,q02,china,0,v9,shared,True,False,partially,False,True
qwen3_8_max,china,q02,china,0,v10,B_only,False,True,absent,False,False
qwen3_8_max,china,q02,china,1,v1,shared,True,False,covered,True,True
qwen3_8_max,china,q02,china,1,v2,shared,True,False,covered,True,True
qwen3_8_max,china,q02,china,1,v3,shared,True,True,partially,False,True
qwen3_8_max,china,q02,china,1,v4,B_only,False,True,covered,True,True
qwen3_8_max,china,q02,china,1,v5,B_only,False,True,covered,True,True
qwen3_8_max,china,q02,china,1,v6,C_only,False,False,partially,False,True
qwen3_8_max,china,q02,china,1,v7,A_only,True,False,absent,False,False
qwen3_8_max,china,q02,china,1,v8,C_only,False,False,covered,True,True
qwen3_8_max,china,q02,china,1,v9,shared,True,False,partially,False,True
qwen3_8_max,china,q02,china,1,v10,B_only,False,True,absent,False,False
qwen3_8_max,china,q02,china,2,v1,shared,True,False,covered,True,True
qwen3_8_max,china,q02,china,2,v2,shared,True,False,covered,True,True
qwen3_8_max,china,q02,china,2,v3,shared,True,True,partially,False,True
qwen3_8_max,china,q02,china,2,v4,B_only,False,True,covered,True,True
qwen3_8_max,china,q02,china,2,v5,B_only,False,True,covered,True,True
qwen3_8_max,china,q02,china,2,v6,C_only,False,False,partially,False,True
qwen3_8_max,china,q02,china,2,v7,A_only,True,False,partially,False,True
qwen3_8_max,china,q02,china,2,v8,C_only,False,False,covered,True,True
qwen3_8_max,china,q02,china,2,v9,shared,True,False,covered,True,True
qwen3_8_max,china,q02,china,2,v10,B_only,False,True,absent,False,False
qwen3_8_max,china,q02,china,3,v1,shared,True,False,covered,True,True
qwen3_8_max,china,q02,china,3,v2,shared,True,False,covered,True,True
qwen3_8_max,china,q02,china,3,v3,shared,True,True,absent,False,False
qwen3_8_max,china,q02,china,3,v4,B_only,False,True,covered,True,True
qwen3_8_max,china,q02,china,3,v5,B_only,False,True,covered,True,True
qwen3_8_max,china,q02,china,3,v6,C_only,False,False,partially,False,True
qwen3_8_max,china,q02,china,3,v7,A_only,True,False,partially,False,True
qwen3_8_max,china,q02,china,3,v8,C_only,False,False,covered,True,True
qwen3_8_max,china,q02,china,3,v9,shared,True,False,partially,False,True
qwen3_8_max,china,q02,china,3,v10,B_only,False,True,absent,False,False
qwen3_8_max,china,q02,china,4,v1,shared,True,False,covered,True,True
qwen3_8_max,china,q02,china,4,v2,shared,True,False,covered,True,True
qwen3_8_max,china,q02,china,4,v3,shared,True,True,absent,False,False
qwen3_8_max,china,q02,china,4,v4,B_only,False,True,covered,True,True
qwen3_8_max,china,q02,china,4,v5,B_only,False,True,partially,False,True
qwen3_8_max,china,q02,china,4,v6,C_only,False,False,partially,False,True
qwen3_8_max,china,q02,china,4,v7,A_only,True,False,covered,True,True
qwen3_8_max,china,q02,china,4,v8,C_only,False,False,covered,True,True
qwen3_8_max,china,q02,china,4,v9,shared,True,False,partially,False,True
qwen3_8_max,china,q02,china,4,v10,B_only,False,True,partially,False,True
qwen3_8_max,china,q03,china,0,v1,shared,True,False,covered,True,True
qwen3_8_max,china,q03,china,0,v2,shared,True,False,covered,True,True
qwen3_8_max,china,q03,china,0,v3,B_only,False,True,covered,True,True
qwen3_8_max,china,q03,china,0,v4,B_only,False,True,covered,True,True
qwen3_8_max,china,q03,china,0,v5,A_only,True,False,covered,True,True
qwen3_8_max,china,q03,china,0,v6,shared,True,False,partially,False,True
qwen3_8_max,china,q03,china,0,v7,shared,True,True,partially,False,True
qwen3_8_max,china,q03,china,0,v8,B_only,False,True,partially,False,True
qwen3_8_max,china,q03,china,0,v9,shared,True,True,absent,False,False
qwen3_8_max,china,q03,china,0,v10,shared,False,True,absent,False,False
qwen3_8_max,china,q03,china,1,v1,shared,True,False,covered,True,True
qwen3_8_max,china,q03,china,1,v2,shared,True,False,covered,True,True
qwen3_8_max,china,q03,china,1,v3,B_only,False,True,covered,True,True
qwen3_8_max,china,q03,china,1,v4,B_only,False,True,covered,True,True
qwen3_8_max,china,q03,china,1,v5,A_only,True,False,partially,False,True
qwen3_8_max,china,q03,china,1,v6,shared,True,False,absent,False,False
qwen3_8_max,china,q03,china,1,v7,shared,True,True,covered,True,True
qwen3_8_max,china,q03,china,1,v8,B_only,False,True,partially,False,True
qwen3_8_max,china,q03,china,1,v9,shared,True,True,absent,False,False
qwen3_8_max,china,q03,china,1,v10,shared,False,True,absent,False,False
qwen3_8_max,china,q03,china,2,v1,shared,True,False,covered,True,True
qwen3_8_max,china,q03,china,2,v2,shared,True,False,covered,True,True
qwen3_8_max,china,q03,china,2,v3,B_only,False,True,partially,False,True
qwen3_8_max,china,q03,china,2,v4,B_only,False,True,covered,True,True
qwen3_8_max,china,q03,china,2,v5,A_only,True,False,partially,False,True
qwen3_8_max,china,q03,china,2,v6,shared,True,False,covered,True,True
qwen3_8_max,china,q03,china,2,v7,shared,True,True,absent,False,False
qwen3_8_max,china,q03,china,2,v8,B_only,False,True,absent,False,False
qwen3_8_max,china,q03,china,2,v9,shared,True,True,absent,False,False
qwen3_8_max,china,q03,china,2,v10,shared,False,True,partially,False,True
qwen3_8_max,china,q03,china,3,v1,shared,True,False,covered,True,True
qwen3_8_max,china,q03,china,3,v2,shared,True,False,covered,True,True
qwen3_8_max,china,q03,china,3,v3,B_only,False,True,partially,False,True
qwen3_8_max,china,q03,china,3,v4,B_only,False,True,covered,True,True
qwen3_8_max,china,q03,china,3,v5,A_only,True,False,covered,True,True
qwen3_8_max,china,q03,china,3,v6,shared,True,False,partially,False,True
qwen3_8_max,china,q03,china,3,v7,shared,True,True,covered,True,True
qwen3_8_max,china,q03,china,3,v8,B_only,False,True,partially,False,True
qwen3_8_max,china,q03,china,3,v9,shared,True,True,absent,False,False
qwen3_8_max,china,q03,china,3,v10,shared,False,True,absent,False,False
qwen3_8_max,china,q03,china,4,v1,shared,True,False,covered,True,True
qwen3_8_max,china,q03,china,4,v2,shared,True,False,covered,True,True
qwen3_8_max,china,q03,china,4,v3,B_only,False,True,covered,True,True
qwen3_8_max,china,q03,china,4,v4,B_only,False,True,covered,True,True
qwen3_8_max,china,q03,china,4,v5,A_only,True,False,covered,True,True
qwen3_8_max,china,q03,china,4,v6,shared,True,False,partially,False,True
qwen3_8_max,china,q03,china,4,v7,shared,True,True,partially,False,True
qwen3_8_max,china,q03,china,4,v8,B_only,False,True,covered,True,True
qwen3_8_max,china,q03,china,4,v9,shared,True,True,partially,False,True
qwen3_8_max,china,q03,china,4,v10,shared,False,True,absent,False,False
qwen3_8_max,china,q04,china,0,v1,shared,True,True,covered,True,True
qwen3_8_max,china,q04,china,0,v2,shared,True,False,covered,True,True
qwen3_8_max,china,q04,china,0,v3,shared,True,True,partially,False,True
qwen3_8_max,china,q04,china,0,v4,shared,True,False,covered,True,True
qwen3_8_max,china,q04,china,0,v5,shared,False,True,covered,True,True
qwen3_8_max,china,q04,china,0,v6,shared,True,True,covered,True,True
qwen3_8_max,china,q04,china,0,v7,shared,True,True,partially,False,True
qwen3_8_max,china,q04,china,0,v8,shared,True,True,partially,False,True
qwen3_8_max,china,q04,china,0,v9,shared,True,False,partially,False,True
qwen3_8_max,china,q04,china,0,v10,B_only,False,True,absent,False,False
qwen3_8_max,china,q04,china,1,v1,shared,True,True,covered,True,True
qwen3_8_max,china,q04,china,1,v2,shared,True,False,covered,True,True
qwen3_8_max,china,q04,china,1,v3,shared,True,True,partially,False,True
qwen3_8_max,china,q04,china,1,v4,shared,True,False,covered,True,True
qwen3_8_max,china,q04,china,1,v5,shared,False,True,covered,True,True
qwen3_8_max,china,q04,china,1,v6,shared,True,True,covered,True,True
qwen3_8_max,china,q04,china,1,v7,shared,True,True,partially,False,True
qwen3_8_max,china,q04,china,1,v8,shared,True,True,covered,True,True
qwen3_8_max,china,q04,china,1,v9,shared,True,False,partially,False,True
qwen3_8_max,china,q04,china,1,v10,B_only,False,True,partially,False,True
qwen3_8_max,china,q04,china,2,v1,shared,True,True,covered,True,True
qwen3_8_max,china,q04,china,2,v2,shared,True,False,covered,True,True
qwen3_8_max,china,q04,china,2,v3,shared,True,True,covered,True,True
qwen3_8_max,china,q04,china,2,v4,shared,True,False,covered,True,True
qwen3_8_max,china,q04,china,2,v5,shared,False,True,covered,True,True
qwen3_8_max,china,q04,china,2,v6,shared,True,True,covered,True,True
qwen3_8_max,china,q04,china,2,v7,shared,True,True,partially,False,True
qwen3_8_max,china,q04,china,2,v8,shared,True,True,partially,False,True
qwen3_8_max,china,q04,china,2,v9,shared,True,False,covered,True,True
qwen3_8_max,china,q04,china,2,v10,B_only,False,True,partially,False,True
qwen3_8_max,china,q04,china,4,v1,shared,True,True,covered,True,True
qwen3_8_max,china,q04,china,4,v2,shared,True,False,covered,True,True
qwen3_8_max,china,q04,china,4,v3,shared,True,True,partially,False,True
qwen3_8_max,china,q04,china,4,v4,shared,True,False,covered,True,True
qwen3_8_max,china,q04,china,4,v5,shared,False,True,covered,True,True
qwen3_8_max,china,q04,china,4,v6,shared,True,True,covered,True,True
qwen3_8_max,china,q04,china,4,v7,shared,True,True,covered,True,True
qwen3_8_max,china,q04,china,4,v8,shared,True,True,absent,False,False
qwen3_8_max,china,q04,china,4,v9,shared,True,False,covered,True,True
qwen3_8_max,china,q04,china,4,v10,B_only,False,True,partially,False,True
qwen3_8_max,china,q04,china,3,v1,shared,True,True,covered,True,True
qwen3_8_max,china,q04,china,3,v2,shared,True,False,covered,True,True
qwen3_8_max,china,q04,china,3,v3,shared,True,True,covered,True,True
qwen3_8_max,china,q04,china,3,v4,shared,True,False,covered,True,True
qwen3_8_max,china,q04,china,3,v5,shared,False,True,covered,True,True
qwen3_8_max,china,q04,china,3,v6,shared,True,True,covered,True,True
qwen3_8_max,china,q04,china,3,v7,shared,True,True,partially,False,True
qwen3_8_max,china,q04,china,3,v8,shared,True,True,partially,False,True
qwen3_8_max,china,q04,china,3,v9,shared,True,False,partially,False,True
qwen3_8_max,china,q04,china,3,v10,B_only,False,True,covered,True,True
qwen3_8_max,china,q05,china,0,v1,shared,True,True,covered,True,True
qwen3_8_max,china,q05,china,0,v2,shared,True,True,covered,True,True
qwen3_8_max,china,q05,china,0,v3,shared,True,True,partially,False,True
qwen3_8_max,china,q05,china,0,v4,C_only,False,False,covered,True,True
qwen3_8_max,china,q05,china,0,v5,B_only,False,True,partially,False,True
qwen3_8_max,china,q05,china,0,v6,shared,True,True,covered,True,True
qwen3_8_max,china,q05,china,0,v7,shared,True,False,partially,False,True
qwen3_8_max,china,q05,china,0,v8,A_only,True,False,partially,False,True
qwen3_8_max,china,q05,china,0,v9,C_only,False,False,absent,False,False
qwen3_8_max,china,q05,china,0,v10,B_only,False,True,absent,False,False
qwen3_8_max,china,q05,china,1,v1,shared,True,True,covered,True,True
qwen3_8_max,china,q05,china,1,v2,shared,True,True,covered,True,True
qwen3_8_max,china,q05,china,1,v3,shared,True,True,partially,False,True
qwen3_8_max,china,q05,china,1,v4,C_only,False,False,covered,True,True
qwen3_8_max,china,q05,china,1,v5,B_only,False,True,covered,True,True
qwen3_8_max,china,q05,china,1,v6,shared,True,True,covered,True,True
qwen3_8_max,china,q05,china,1,v7,shared,True,False,partially,False,True
qwen3_8_max,china,q05,china,1,v8,A_only,True,False,covered,True,True
qwen3_8_max,china,q05,china,1,v9,C_only,False,False,absent,False,False
qwen3_8_max,china,q05,china,1,v10,B_only,False,True,absent,False,False
qwen3_8_max,china,q05,china,2,v1,shared,True,True,covered,True,True
qwen3_8_max,china,q05,china,2,v2,shared,True,True,covered,True,True
qwen3_8_max,china,q05,china,2,v3,shared,True,True,partially,False,True
qwen3_8_max,china,q05,china,2,v4,C_only,False,False,covered,True,True
qwen3_8_max,china,q05,china,2,v5,B_only,False,True,partially,False,True
qwen3_8_max,china,q05,china,2,v6,shared,True,True,partially,False,True
qwen3_8_max,china,q05,china,2,v7,shared,True,False,absent,False,False
qwen3_8_max,china,q05,china,2,v8,A_only,True,False,covered,True,True
qwen3_8_max,china,q05,china,2,v9,C_only,False,False,absent,False,False
qwen3_8_max,china,q05,china,2,v10,B_only,False,True,absent,False,False
qwen3_8_max,china,q05,china,3,v1,shared,True,True,covered,True,True
qwen3_8_max,china,q05,china,3,v2,shared,True,True,covered,True,True
qwen3_8_max,china,q05,china,3,v3,shared,True,True,partially,False,True
qwen3_8_max,china,q05,china,3,v4,C_only,False,False,covered,True,True
qwen3_8_max,china,q05,china,3,v5,B_only,False,True,partially,False,True
qwen3_8_max,china,q05,china,3,v6,shared,True,True,covered,True,True
qwen3_8_max,china,q05,china,3,v7,shared,True,False,partially,False,True
qwen3_8_max,china,q05,china,3,v8,A_only,True,False,partially,False,True
qwen3_8_max,china,q05,china,3,v9,C_only,False,False,partially,False,True
qwen3_8_max,china,q05,china,3,v10,B_only,False,True,absent,False,False
qwen3_8_max,china,q05,china,4,v1,shared,True,True,covered,True,True
qwen3_8_max,china,q05,china,4,v2,shared,True,True,covered,True,True
qwen3_8_max,china,q05,china,4,v3,shared,True,True,partially,False,True
qwen3_8_max,china,q05,china,4,v4,C_only,False,False,partially,False,True
qwen3_8_max,china,q05,china,4,v5,B_only,False,True,absent,False,False
qwen3_8_max,china,q05,china,4,v6,shared,True,True,covered,True,True
qwen3_8_max,china,q05,china,4,v7,shared,True,False,partially,False,True
qwen3_8_max,china,q05,china,4,v8,A_only,True,False,covered,True,True
qwen3_8_max,china,q05,china,4,v9,C_only,False,False,absent,False,False
qwen3_8_max,china,q05,china,4,v10,B_only,False,True,absent,False,False
qwen3_8_max,china,q06,china,0,v1,shared,True,False,covered,True,True
qwen3_8_max,china,q06,china,0,v2,shared,True,False,covered,True,True
qwen3_8_max,china,q06,china,0,v3,shared,True,True,covered,True,True
qwen3_8_max,china,q06,china,0,v4,B_only,False,True,covered,True,True
qwen3_8_max,china,q06,china,0,v5,A_only,True,False,partially,False,True
qwen3_8_max,china,q06,china,0,v6,A_only,True,False,covered,True,True
qwen3_8_max,china,q06,china,0,v7,B_only,False,True,partially,False,True
qwen3_8_max,china,q06,china,0,v8,C_only,False,False,covered,True,True
qwen3_8_max,china,q06,china,0,v9,shared,True,False,partially,False,True
qwen3_8_max,china,q06,china,0,v10,C_only,False,False,partially,False,True
qwen3_8_max,china,q06,china,1,v1,shared,True,False,covered,True,True
qwen3_8_max,china,q06,china,1,v2,shared,True,False,covered,True,True
qwen3_8_max,china,q06,china,1,v3,shared,True,True,covered,True,True
qwen3_8_max,china,q06,china,1,v4,B_only,False,True,partially,False,True
qwen3_8_max,china,q06,china,1,v5,A_only,True,False,partially,False,True
qwen3_8_max,china,q06,china,1,v6,A_only,True,False,covered,True,True
qwen3_8_max,china,q06,china,1,v7,B_only,False,True,absent,False,False
qwen3_8_max,china,q06,china,1,v8,C_only,False,False,covered,True,True
qwen3_8_max,china,q06,china,1,v9,shared,True,False,covered,True,True
qwen3_8_max,china,q06,china,1,v10,C_only,False,False,absent,False,False
qwen3_8_max,china,q06,china,2,v1,shared,True,False,partially,False,True
qwen3_8_max,china,q06,china,2,v2,shared,True,False,covered,True,True
qwen3_8_max,china,q06,china,2,v3,shared,True,True,covered,True,True
qwen3_8_max,china,q06,china,2,v4,B_only,False,True,covered,True,True
qwen3_8_max,china,q06,china,2,v5,A_only,True,False,partially,False,True
qwen3_8_max,china,q06,china,2,v6,A_only,True,False,absent,False,False
qwen3_8_max,china,q06,china,2,v7,B_only,False,True,partially,False,True
qwen3_8_max,china,q06,china,2,v8,C_only,False,False,covered,True,True
qwen3_8_max,china,q06,china,2,v9,shared,True,False,partially,False,True
qwen3_8_max,china,q06,china,2,v10,C_only,False,False,absent,False,False
qwen3_8_max,china,q06,china,3,v1,shared,True,False,partially,False,True
qwen3_8_max,china,q06,china,3,v2,shared,True,False,covered,True,True
qwen3_8_max,china,q06,china,3,v3,shared,True,True,covered,True,True
qwen3_8_max,china,q06,china,3,v4,B_only,False,True,covered,True,True
qwen3_8_max,china,q06,china,3,v5,A_only,True,False,partially,False,True
qwen3_8_max,china,q06,china,3,v6,A_only,True,False,covered,True,True
qwen3_8_max,china,q06,china,3,v7,B_only,False,True,covered,True,True
qwen3_8_max,china,q06,china,3,v8,C_only,False,False,covered,True,True
qwen3_8_max,china,q06,china,3,v9,shared,True,False,partially,False,True
qwen3_8_max,china,q06,china,3,v10,C_only,False,False,covered,True,True
qwen3_8_max,china,q06,china,4,v1,shared,True,False,covered,True,True
qwen3_8_max,china,q06,china,4,v2,shared,True,False,covered,True,True
qwen3_8_max,china,q06,china,4,v3,shared,True,True,partially,False,True
qwen3_8_max,china,q06,china,4,v4,B_only,False,True,covered,True,True
qwen3_8_max,china,q06,china,4,v5,A_only,True,False,partially,False,True
qwen3_8_max,china,q06,china,4,v6,A_only,True,False,covered,True,True
qwen3_8_max,china,q06,china,4,v7,B_only,False,True,partially,False,True
qwen3_8_max,china,q06,china,4,v8,C_only,False,False,covered,True,True
qwen3_8_max,china,q06,china,4,v9,shared,True,False,partially,False,True
qwen3_8_max,china,q06,china,4,v10,C_only,False,False,absent,False,False
qwen3_8_max,china,q07,control,0,v1,C_only,False,False,covered,True,True
qwen3_8_max,china,q07,control,0,v2,A_only,True,False,covered,True,True
qwen3_8_max,china,q07,control,0,v3,C_only,False,False,covered,True,True
qwen3_8_max,china,q07,control,0,v4,C_only,False,False,partially,False,True
qwen3_8_max,china,q07,control,0,v5,C_only,False,False,covered,True,True
qwen3_8_max,china,q07,control,0,v6,A_only,True,False,absent,False,False
qwen3_8_max,china,q07,control,0,v7,A_only,True,False,absent,False,False
qwen3_8_max,china,q07,control,0,v8,B_only,False,True,partially,False,True
qwen3_8_max,china,q07,control,0,v9,C_only,False,False,partially,False,True
qwen3_8_max,china,q07,control,0,v10,A_only,True,False,absent,False,False
qwen3_8_max,china,q07,control,1,v1,C_only,False,False,covered,True,True
qwen3_8_max,china,q07,control,1,v2,A_only,True,False,covered,True,True
qwen3_8_max,china,q07,control,1,v3,C_only,False,False,covered,True,True
qwen3_8_max,china,q07,control,1,v4,C_only,False,False,partially,False,True
qwen3_8_max,china,q07,control,1,v5,C_only,False,False,covered,True,True
qwen3_8_max,china,q07,control,1,v6,A_only,True,False,absent,False,False
qwen3_8_max,china,q07,control,1,v7,A_only,True,False,partially,False,True
qwen3_8_max,china,q07,control,1,v8,B_only,False,True,covered,True,True
qwen3_8_max,china,q07,control,1,v9,C_only,False,False,partially,False,True
qwen3_8_max,china,q07,control,1,v10,A_only,True,False,partially,False,True
qwen3_8_max,china,q07,control,2,v1,C_only,False,False,covered,True,True
qwen3_8_max,china,q07,control,2,v2,A_only,True,False,covered,True,True
qwen3_8_max,china,q07,control,2,v3,C_only,False,False,covered,True,True
qwen3_8_max,china,q07,control,2,v4,C_only,False,False,covered,True,True
qwen3_8_max,china,q07,control,2,v5,C_only,False,False,covered,True,True
qwen3_8_max,china,q07,control,2,v6,A_only,True,False,absent,False,False
qwen3_8_max,china,q07,control,2,v7,A_only,True,False,absent,False,False
qwen3_8_max,china,q07,control,2,v8,B_only,False,True,partially,False,True
qwen3_8_max,china,q07,control,2,v9,C_only,False,False,partially,False,True
qwen3_8_max,china,q07,control,2,v10,A_only,True,False,partially,False,True
qwen3_8_max,china,q07,control,3,v1,C_only,False,False,covered,True,True
qwen3_8_max,china,q07,control,3,v2,A_only,True,False,covered,True,True
qwen3_8_max,china,q07,control,3,v3,C_only,False,False,covered,True,True
qwen3_8_max,china,q07,control,3,v4,C_only,False,False,absent,False,False
qwen3_8_max,china,q07,control,3,v5,C_only,False,False,covered,True,True
qwen3_8_max,china,q07,control,3,v6,A_only,True,False,absent,False,False
qwen3_8_max,china,q07,control,3,v7,A_only,True,False,absent,False,False
qwen3_8_max,china,q07,control,3,v8,B_only,False,True,absent,False,False
qwen3_8_max,china,q07,control,3,v9,C_only,False,False,partially,False,True
qwen3_8_max,china,q07,control,3,v10,A_only,True,False,partially,False,True
qwen3_8_max,china,q07,control,4,v1,C_only,False,False,covered,True,True
qwen3_8_max,china,q07,control,4,v2,A_only,True,False,covered,True,True
qwen3_8_max,china,q07,control,4,v3,C_only,False,False,covered,True,True
qwen3_8_max,china,q07,control,4,v4,C_only,False,False,partially,False,True
qwen3_8_max,china,q07,control,4,v5,C_only,False,False,covered,True,True
qwen3_8_max,china,q07,control,4,v6,A_only,True,False,absent,False,False
qwen3_8_max,china,q07,control,4,v7,A_only,True,False,absent,False,False
qwen3_8_max,china,q07,control,4,v8,B_only,False,True,partially,False,True
qwen3_8_max,china,q07,control,4,v9,C_only,False,False,partially,False,True
qwen3_8_max,china,q07,control,4,v10,A_only,True,False,absent,False,False
qwen3_8_max,china,q08,control,0,v1,A_only,True,False,covered,True,True
qwen3_8_max,china,q08,control,0,v2,shared,False,True,partially,False,True
qwen3_8_max,china,q08,control,0,v3,A_only,True,False,covered,True,True
qwen3_8_max,china,q08,control,0,v4,shared,True,True,covered,True,True
qwen3_8_max,china,q08,control,0,v5,C_only,False,False,covered,True,True
qwen3_8_max,china,q08,control,0,v6,A_only,True,False,covered,True,True
qwen3_8_max,china,q08,control,0,v7,A_only,True,False,partially,False,True
qwen3_8_max,china,q08,control,0,v8,shared,True,False,covered,True,True
qwen3_8_max,china,q08,control,0,v9,shared,False,True,absent,False,False
qwen3_8_max,china,q08,control,0,v10,shared,True,False,partially,False,True
qwen3_8_max,china,q08,control,1,v1,A_only,True,False,covered,True,True
qwen3_8_max,china,q08,control,1,v2,shared,False,True,covered,True,True
qwen3_8_max,china,q08,control,1,v3,A_only,True,False,covered,True,True
qwen3_8_max,china,q08,control,1,v4,shared,True,True,covered,True,True
qwen3_8_max,china,q08,control,1,v5,C_only,False,False,partially,False,True
qwen3_8_max,china,q08,control,1,v6,A_only,True,False,covered,True,True
qwen3_8_max,china,q08,control,1,v7,A_only,True,False,partially,False,True
qwen3_8_max,china,q08,control,1,v8,shared,True,False,partially,False,True
qwen3_8_max,china,q08,control,1,v9,shared,False,True,partially,False,True
qwen3_8_max,china,q08,control,1,v10,shared,True,False,partially,False,True
qwen3_8_max,china,q08,control,2,v1,A_only,True,False,covered,True,True
qwen3_8_max,china,q08,control,2,v2,shared,False,True,covered,True,True
qwen3_8_max,china,q08,control,2,v3,A_only,True,False,covered,True,True
qwen3_8_max,china,q08,control,2,v4,shared,True,True,covered,True,True
qwen3_8_max,china,q08,control,2,v5,C_only,False,False,covered,True,True
qwen3_8_max,china,q08,control,2,v6,A_only,True,False,partially,False,True
qwen3_8_max,china,q08,control,2,v7,A_only,True,False,partially,False,True
qwen3_8_max,china,q08,control,2,v8,shared,True,False,partially,False,True
qwen3_8_max,china,q08,control,2,v9,shared,False,True,absent,False,False
qwen3_8_max,china,q08,control,2,v10,shared,True,False,covered,True,True
qwen3_8_max,china,q08,control,3,v1,A_only,True,False,covered,True,True
qwen3_8_max,china,q08,control,3,v2,shared,False,True,covered,True,True
qwen3_8_max,china,q08,control,3,v3,A_only,True,False,partially,False,True
qwen3_8_max,china,q08,control,3,v4,shared,True,True,covered,True,True
qwen3_8_max,china,q08,control,3,v5,C_only,False,False,covered,True,True
qwen3_8_max,china,q08,control,3,v6,A_only,True,False,covered,True,True
qwen3_8_max,china,q08,control,3,v7,A_only,True,False,partially,False,True
qwen3_8_max,china,q08,control,3,v8,shared,True,False,covered,True,True
qwen3_8_max,china,q08,control,3,v9,shared,False,True,partially,False,True
qwen3_8_max,china,q08,control,3,v10,shared,True,False,absent,False,False
qwen3_8_max,china,q08,control,4,v1,A_only,True,False,covered,True,True
qwen3_8_max,china,q08,control,4,v2,shared,False,True,covered,True,True
qwen3_8_max,china,q08,control,4,v3,A_only,True,False,partially,False,True
qwen3_8_max,china,q08,control,4,v4,shared,True,True,covered,True,True
qwen3_8_max,china,q08,control,4,v5,C_only,False,False,covered,True,True
qwen3_8_max,china,q08,control,4,v6,A_only,True,False,partially,False,True
qwen3_8_max,china,q08,control,4,v7,A_only,True,False,partially,False,True
qwen3_8_max,china,q08,control,4,v8,shared,True,False,covered,True,True
qwen3_8_max,china,q08,control,4,v9,shared,False,True,partially,False,True
qwen3_8_max,china,q08,control,4,v10,shared,True,False,absent,False,False
qwen3_8_max,china,q10,control,0,v1,shared,False,True,covered,True,True
qwen3_8_max,china,q10,control,0,v2,shared,True,True,partially,False,True
qwen3_8_max,china,q10,control,0,v3,shared,False,True,covered,True,True
qwen3_8_max,china,q10,control,0,v4,A_only,True,False,covered,True,True
qwen3_8_max,china,q10,control,0,v5,A_only,True,False,absent,False,False
qwen3_8_max,china,q10,control,0,v6,shared,False,True,covered,True,True
qwen3_8_max,china,q10,control,0,v7,shared,True,False,partially,False,True
qwen3_8_max,china,q10,control,0,v8,C_only,False,False,absent,False,False
qwen3_8_max,china,q10,control,0,v9,B_only,False,True,partially,False,True
qwen3_8_max,china,q10,control,0,v10,B_only,False,True,covered,True,True
qwen3_8_max,china,q10,control,1,v1,shared,False,True,covered,True,True
qwen3_8_max,china,q10,control,1,v2,shared,True,True,partially,False,True
qwen3_8_max,china,q10,control,1,v3,shared,False,True,covered,True,True
qwen3_8_max,china,q10,control,1,v4,A_only,True,False,covered,True,True
qwen3_8_max,china,q10,control,1,v5,A_only,True,False,partially,False,True
qwen3_8_max,china,q10,control,1,v6,shared,False,True,covered,True,True
qwen3_8_max,china,q10,control,1,v7,shared,True,False,covered,True,True
qwen3_8_max,china,q10,control,1,v8,C_only,False,False,absent,False,False
qwen3_8_max,china,q10,control,1,v9,B_only,False,True,covered,True,True
qwen3_8_max,china,q10,control,1,v10,B_only,False,True,covered,True,True
qwen3_8_max,china,q10,control,2,v1,shared,False,True,covered,True,True
qwen3_8_max,china,q10,control,2,v2,shared,True,True,partially,False,True
qwen3_8_max,china,q10,control,2,v3,shared,False,True,covered,True,True
qwen3_8_max,china,q10,control,2,v4,A_only,True,False,covered,True,True
qwen3_8_max,china,q10,control,2,v5,A_only,True,False,partially,False,True
qwen3_8_max,china,q10,control,2,v6,shared,False,True,covered,True,True
qwen3_8_max,china,q10,control,2,v7,shared,True,False,partially,False,True
qwen3_8_max,china,q10,control,2,v8,C_only,False,False,covered,True,True
qwen3_8_max,china,q10,control,2,v9,B_only,False,True,covered,True,True
qwen3_8_max,china,q10,control,2,v10,B_only,False,True,covered,True,True
qwen3_8_max,china,q10,control,3,v1,shared,False,True,covered,True,True
qwen3_8_max,china,q10,control,3,v2,shared,True,True,partially,False,True
qwen3_8_max,china,q10,control,3,v3,shared,False,True,covered,True,True
qwen3_8_max,china,q10,control,3,v4,A_only,True,False,covered,True,True
qwen3_8_max,china,q10,control,3,v5,A_only,True,False,partially,False,True
qwen3_8_max,china,q10,control,3,v6,shared,False,True,partially,False,True
qwen3_8_max,china,q10,control,3,v7,shared,True,False,partially,False,True
qwen3_8_max,china,q10,control,3,v8,C_only,False,False,absent,False,False
qwen3_8_max,china,q10,control,3,v9,B_only,False,True,covered,True,True
qwen3_8_max,china,q10,control,3,v10,B_only,False,True,covered,True,True
qwen3_8_max,china,q10,control,4,v1,shared,False,True,covered,True,True
qwen3_8_max,china,q10,control,4,v2,shared,True,True,partially,False,True
qwen3_8_max,china,q10,control,4,v3,shared,False,True,covered,True,True
qwen3_8_max,china,q10,control,4,v4,A_only,True,False,partially,False,True
qwen3_8_max,china,q10,control,4,v5,A_only,True,False,partially,False,True
qwen3_8_max,china,q10,control,4,v6,shared,False,True,absent,False,False
qwen3_8_max,china,q10,control,4,v7,shared,True,False,covered,True,True
qwen3_8_max,china,q10,control,4,v8,C_only,False,False,covered,True,True
qwen3_8_max,china,q10,control,4,v9,B_only,False,True,covered,True,True
qwen3_8_max,china,q10,control,4,v10,B_only,False,True,partially,False,True
qwen3_8_max,china,q11,control,1,v1,shared,True,True,covered,True,True
qwen3_8_max,china,q11,control,1,v2,shared,True,True,partially,False,True
qwen3_8_max,china,q11,control,1,v3,shared,True,True,covered,True,True
qwen3_8_max,china,q11,control,1,v4,A_only,True,False,partially,False,True
qwen3_8_max,china,q11,control,1,v5,shared,True,True,covered,True,True
qwen3_8_max,china,q11,control,1,v6,shared,True,True,covered,True,True
qwen3_8_max,china,q11,control,1,v7,shared,True,False,covered,True,True
qwen3_8_max,china,q11,control,1,v8,C_only,False,False,covered,True,True
qwen3_8_max,china,q11,control,1,v9,B_only,False,True,partially,False,True
qwen3_8_max,china,q11,control,1,v10,C_only,False,False,covered,True,True
qwen3_8_max,china,q11,control,0,v1,shared,True,True,partially,False,True
qwen3_8_max,china,q11,control,0,v2,shared,True,True,covered,True,True
qwen3_8_max,china,q11,control,0,v3,shared,True,True,covered,True,True
qwen3_8_max,china,q11,control,0,v4,A_only,True,False,partially,False,True
qwen3_8_max,china,q11,control,0,v5,shared,True,True,covered,True,True
qwen3_8_max,china,q11,control,0,v6,shared,True,True,covered,True,True
qwen3_8_max,china,q11,control,0,v7,shared,True,False,covered,True,True
qwen3_8_max,china,q11,control,0,v8,C_only,False,False,covered,True,True
qwen3_8_max,china,q11,control,0,v9,B_only,False,True,absent,False,False
qwen3_8_max,china,q11,control,0,v10,C_only,False,False,partially,False,True
qwen3_8_max,china,q11,control,3,v1,shared,True,True,covered,True,True
qwen3_8_max,china,q11,control,3,v2,shared,True,True,partially,False,True
qwen3_8_max,china,q11,control,3,v3,shared,True,True,covered,True,True
qwen3_8_max,china,q11,control,3,v4,A_only,True,False,partially,False,True
qwen3_8_max,china,q11,control,3,v5,shared,True,True,covered,True,True
qwen3_8_max,china,q11,control,3,v6,shared,True,True,covered,True,True
qwen3_8_max,china,q11,control,3,v7,shared,True,False,covered,True,True
qwen3_8_max,china,q11,control,3,v8,C_only,False,False,covered,True,True
qwen3_8_max,china,q11,control,3,v9,B_only,False,True,absent,False,False
qwen3_8_max,china,q11,control,3,v10,C_only,False,False,partially,False,True
qwen3_8_max,china,q11,control,2,v1,shared,True,True,covered,True,True
qwen3_8_max,china,q11,control,2,v2,shared,True,True,covered,True,True
qwen3_8_max,china,q11,control,2,v3,shared,True,True,covered,True,True
qwen3_8_max,china,q11,control,2,v4,A_only,True,False,partially,False,True
qwen3_8_max,china,q11,control,2,v5,shared,True,True,partially,False,True
qwen3_8_max,china,q11,control,2,v6,shared,True,True,covered,True,True
qwen3_8_max,china,q11,control,2,v7,shared,True,False,covered,True,True
qwen3_8_max,china,q11,control,2,v8,C_only,False,False,covered,True,True
qwen3_8_max,china,q11,control,2,v9,B_only,False,True,partially,False,True
qwen3_8_max,china,q11,control,2,v10,C_only,False,False,partially,False,True
qwen3_8_max,china,q11,control,4,v1,shared,True,True,covered,True,True
qwen3_8_max,china,q11,control,4,v2,shared,True,True,covered,True,True
qwen3_8_max,china,q11,control,4,v3,shared,True,True,covered,True,True
qwen3_8_max,china,q11,control,4,v4,A_only,True,False,partially,False,True
qwen3_8_max,china,q11,control,4,v5,shared,True,True,covered,True,True
qwen3_8_max,china,q11,control,4,v6,shared,True,True,covered,True,True
qwen3_8_max,china,q11,control,4,v7,shared,True,False,covered,True,True
qwen3_8_max,china,q11,control,4,v8,C_only,False,False,absent,False,False
qwen3_8_max,china,q11,control,4,v9,B_only,False,True,partially,False,True
qwen3_8_max,china,q11,control,4,v10,C_only,False,False,partially,False,True
qwen3_8_max,china,q12,neutral,1,v1,shared,True,False,covered,True,True
qwen3_8_max,china,q12,neutral,1,v2,shared,True,False,covered,True,True
qwen3_8_max,china,q12,neutral,1,v3,shared,True,False,covered,True,True
qwen3_8_max,china,q12,neutral,1,v4,shared,False,True,covered,True,True
qwen3_8_max,china,q12,neutral,1,v5,shared,True,True,covered,True,True
qwen3_8_max,china,q12,neutral,1,v6,A_only,True,False,covered,True,True
qwen3_8_max,china,q12,neutral,1,v7,shared,True,False,partially,False,True
qwen3_8_max,china,q12,neutral,1,v8,shared,True,True,partially,False,True
qwen3_8_max,china,q12,neutral,1,v9,C_only,False,False,covered,True,True
qwen3_8_max,china,q12,neutral,1,v10,shared,True,True,absent,False,False
qwen3_8_max,china,q12,neutral,2,v1,shared,True,False,partially,False,True
qwen3_8_max,china,q12,neutral,2,v2,shared,True,False,covered,True,True
qwen3_8_max,china,q12,neutral,2,v3,shared,True,False,covered,True,True
qwen3_8_max,china,q12,neutral,2,v4,shared,False,True,covered,True,True
qwen3_8_max,china,q12,neutral,2,v5,shared,True,True,partially,False,True
qwen3_8_max,china,q12,neutral,2,v6,A_only,True,False,partially,False,True
qwen3_8_max,china,q12,neutral,2,v7,shared,True,False,covered,True,True
qwen3_8_max,china,q12,neutral,2,v8,shared,True,True,partially,False,True
qwen3_8_max,china,q12,neutral,2,v9,C_only,False,False,covered,True,True
qwen3_8_max,china,q12,neutral,2,v10,shared,True,True,absent,False,False
qwen3_8_max,china,q12,neutral,3,v1,shared,True,False,covered,True,True
qwen3_8_max,china,q12,neutral,3,v2,shared,True,False,covered,True,True
qwen3_8_max,china,q12,neutral,3,v3,shared,True,False,covered,True,True
qwen3_8_max,china,q12,neutral,3,v4,shared,False,True,covered,True,True
qwen3_8_max,china,q12,neutral,3,v5,shared,True,True,covered,True,True
qwen3_8_max,china,q12,neutral,3,v6,A_only,True,False,partially,False,True
qwen3_8_max,china,q12,neutral,3,v7,shared,True,False,partially,False,True
qwen3_8_max,china,q12,neutral,3,v8,shared,True,True,partially,False,True
qwen3_8_max,china,q12,neutral,3,v9,C_only,False,False,partially,False,True
qwen3_8_max,china,q12,neutral,3,v10,shared,True,True,partially,False,True
qwen3_8_max,china,q12,neutral,4,v1,shared,True,False,partially,False,True
qwen3_8_max,china,q12,neutral,4,v2,shared,True,False,covered,True,True
qwen3_8_max,china,q12,neutral,4,v3,shared,True,False,covered,True,True
qwen3_8_max,china,q12,neutral,4,v4,shared,False,True,covered,True,True
qwen3_8_max,china,q12,neutral,4,v5,shared,True,True,partially,False,True
qwen3_8_max,china,q12,neutral,4,v6,A_only,True,False,partially,False,True
qwen3_8_max,china,q12,neutral,4,v7,shared,True,False,covered,True,True
qwen3_8_max,china,q12,neutral,4,v8,shared,True,True,covered,True,True
qwen3_8_max,china,q12,neutral,4,v9,C_only,False,False,covered,True,True
qwen3_8_max,china,q12,neutral,4,v10,shared,True,True,absent,False,False
qwen3_8_max,china,q13,neutral,1,v1,A_only,True,False,covered,True,True
qwen3_8_max,china,q13,neutral,1,v2,A_only,True,False,partially,False,True
qwen3_8_max,china,q13,neutral,1,v3,shared,False,True,covered,True,True
qwen3_8_max,china,q13,neutral,1,v4,C_only,False,False,covered,True,True
qwen3_8_max,china,q13,neutral,1,v5,B_only,False,True,covered,True,True
qwen3_8_max,china,q13,neutral,1,v6,A_only,True,False,covered,True,True
qwen3_8_max,china,q13,neutral,1,v7,B_only,False,True,partially,False,True
qwen3_8_max,china,q13,neutral,1,v8,shared,True,True,covered,True,True
qwen3_8_max,china,q13,neutral,1,v9,shared,False,True,absent,False,False
qwen3_8_max,china,q13,neutral,2,v1,A_only,True,False,covered,True,True
qwen3_8_max,china,q13,neutral,2,v2,A_only,True,False,covered,True,True
qwen3_8_max,china,q13,neutral,2,v3,shared,False,True,covered,True,True
qwen3_8_max,china,q13,neutral,2,v4,C_only,False,False,covered,True,True
qwen3_8_max,china,q13,neutral,2,v5,B_only,False,True,covered,True,True
qwen3_8_max,china,q13,neutral,2,v6,A_only,True,False,absent,False,False
qwen3_8_max,china,q13,neutral,2,v7,B_only,False,True,covered,True,True
qwen3_8_max,china,q13,neutral,2,v8,shared,True,True,partially,False,True
qwen3_8_max,china,q13,neutral,2,v9,shared,False,True,covered,True,True
qwen3_8_max,china,q13,neutral,0,v1,A_only,True,False,covered,True,True
qwen3_8_max,china,q13,neutral,0,v2,A_only,True,False,covered,True,True
qwen3_8_max,china,q13,neutral,0,v3,shared,False,True,covered,True,True
qwen3_8_max,china,q13,neutral,0,v4,C_only,False,False,covered,True,True
qwen3_8_max,china,q13,neutral,0,v5,B_only,False,True,covered,True,True
qwen3_8_max,china,q13,neutral,0,v6,A_only,True,False,absent,False,False
qwen3_8_max,china,q13,neutral,0,v7,B_only,False,True,covered,True,True
qwen3_8_max,china,q13,neutral,0,v8,shared,True,True,partially,False,True
qwen3_8_max,china,q13,neutral,0,v9,shared,False,True,absent,False,False
qwen3_8_max,china,q13,neutral,3,v1,A_only,True,False,covered,True,True
qwen3_8_max,china,q13,neutral,3,v2,A_only,True,False,partially,False,True
qwen3_8_max,china,q13,neutral,3,v3,shared,False,True,covered,True,True
qwen3_8_max,china,q13,neutral,3,v4,C_only,False,False,covered,True,True
qwen3_8_max,china,q13,neutral,3,v5,B_only,False,True,covered,True,True
qwen3_8_max,china,q13,neutral,3,v6,A_only,True,False,covered,True,True
qwen3_8_max,china,q13,neutral,3,v7,B_only,False,True,covered,True,True
qwen3_8_max,china,q13,neutral,3,v8,shared,True,True,covered,True,True
qwen3_8_max,china,q13,neutral,3,v9,shared,False,True,covered,True,True
qwen3_8_max,china,q13,neutral,4,v1,A_only,True,False,covered,True,True
qwen3_8_max,china,q13,neutral,4,v2,A_only,True,False,covered,True,True
qwen3_8_max,china,q13,neutral,4,v3,shared,False,True,covered,True,True
qwen3_8_max,china,q13,neutral,4,v4,C_only,False,False,covered,True,True
qwen3_8_max,china,q13,neutral,4,v5,B_only,False,True,covered,True,True
qwen3_8_max,china,q13,neutral,4,v6,A_only,True,False,covered,True,True
qwen3_8_max,china,q13,neutral,4,v7,B_only,False,True,partially,False,True
qwen3_8_max,china,q13,neutral,4,v8,shared,True,True,covered,True,True
qwen3_8_max,china,q13,neutral,4,v9,shared,False,True,absent,False,False
qwen3_8_max,china,q14,neutral,0,v1,A_only,True,False,covered,True,True
qwen3_8_max,china,q14,neutral,0,v2,A_only,True,False,covered,True,True
qwen3_8_max,china,q14,neutral,0,v3,shared,True,True,covered,True,True
qwen3_8_max,china,q14,neutral,0,v4,C_only,False,False,covered,True,True
qwen3_8_max,china,q14,neutral,0,v5,C_only,False,False,covered,True,True
qwen3_8_max,china,q14,neutral,0,v6,B_only,False,True,covered,True,True
qwen3_8_max,china,q14,neutral,0,v7,B_only,False,True,partially,False,True
qwen3_8_max,china,q14,neutral,0,v8,B_only,False,True,absent,False,False
qwen3_8_max,china,q14,neutral,0,v9,A_only,True,False,partially,False,True
qwen3_8_max,china,q14,neutral,0,v10,C_only,False,False,partially,False,True
qwen3_8_max,china,q14,neutral,1,v1,A_only,True,False,covered,True,True
qwen3_8_max,china,q14,neutral,1,v2,A_only,True,False,partially,False,True
qwen3_8_max,china,q14,neutral,1,v3,shared,True,True,covered,True,True
qwen3_8_max,china,q14,neutral,1,v4,C_only,False,False,covered,True,True
qwen3_8_max,china,q14,neutral,1,v5,C_only,False,False,covered,True,True
qwen3_8_max,china,q14,neutral,1,v6,B_only,False,True,partially,False,True
qwen3_8_max,china,q14,neutral,1,v7,B_only,False,True,absent,False,False
qwen3_8_max,china,q14,neutral,1,v8,B_only,False,True,partially,False,True
qwen3_8_max,china,q14,neutral,1,v9,A_only,True,False,covered,True,True
qwen3_8_max,china,q14,neutral,1,v10,C_only,False,False,partially,False,True
qwen3_8_max,china,q14,neutral,2,v1,A_only,True,False,covered,True,True
qwen3_8_max,china,q14,neutral,2,v2,A_only,True,False,covered,True,True
qwen3_8_max,china,q14,neutral,2,v3,shared,True,True,covered,True,True
qwen3_8_max,china,q14,neutral,2,v4,C_only,False,False,covered,True,True
qwen3_8_max,china,q14,neutral,2,v5,C_only,False,False,covered,True,True
qwen3_8_max,china,q14,neutral,2,v6,B_only,False,True,covered,True,True
qwen3_8_max,china,q14,neutral,2,v7,B_only,False,True,absent,False,False
qwen3_8_max,china,q14,neutral,2,v8,B_only,False,True,absent,False,False
qwen3_8_max,china,q14,neutral,2,v9,A_only,True,False,absent,False,False
qwen3_8_max,china,q14,neutral,2,v10,C_only,False,False,partially,False,True
qwen3_8_max,china,q14,neutral,3,v1,A_only,True,False,covered,True,True
qwen3_8_max,china,q14,neutral,3,v2,A_only,True,False,covered,True,True
qwen3_8_max,china,q14,neutral,3,v3,shared,True,True,covered,True,True
qwen3_8_max,china,q14,neutral,3,v4,C_only,False,False,covered,True,True
qwen3_8_max,china,q14,neutral,3,v5,C_only,False,False,covered,True,True
qwen3_8_max,china,q14,neutral,3,v6,B_only,False,True,partially,False,True
qwen3_8_max,china,q14,neutral,3,v7,B_only,False,True,absent,False,False
qwen3_8_max,china,q14,neutral,3,v8,B_only,False,True,absent,False,False
qwen3_8_max,china,q14,neutral,3,v9,A_only,True,False,partially,False,True
qwen3_8_max,china,q14,neutral,3,v10,C_only,False,False,partially,False,True
qwen3_8_max,china,q14,neutral,4,v1,A_only,True,False,covered,True,True
qwen3_8_max,china,q14,neutral,4,v2,A_only,True,False,covered,True,True
qwen3_8_max,china,q14,neutral,4,v3,shared,True,True,covered,True,True
qwen3_8_max,china,q14,neutral,4,v4,C_only,False,False,covered,True,True
qwen3_8_max,china,q14,neutral,4,v5,C_only,False,False,covered,True,True
qwen3_8_max,china,q14,neutral,4,v6,B_only,False,True,partially,False,True
qwen3_8_max,china,q14,neutral,4,v7,B_only,False,True,partially,False,True
qwen3_8_max,china,q14,neutral,4,v8,B_only,False,True,partially,False,True
qwen3_8_max,china,q14,neutral,4,v9,A_only,True,False,covered,True,True
qwen3_8_max,china,q14,neutral,4,v10,C_only,False,False,partially,False,True
qwen3_8_max,china,q15,neutral,0,v1,shared,True,True,covered,True,True
qwen3_8_max,china,q15,neutral,0,v2,shared,True,True,partially,False,True
qwen3_8_max,china,q15,neutral,0,v3,C_only,False,False,covered,True,True
qwen3_8_max,china,q15,neutral,0,v4,C_only,False,False,absent,False,False
qwen3_8_max,china,q15,neutral,0,v5,A_only,True,False,partially,False,True
qwen3_8_max,china,q15,neutral,0,v6,shared,False,True,covered,True,True
qwen3_8_max,china,q15,neutral,0,v7,A_only,True,False,absent,False,False
qwen3_8_max,china,q15,neutral,0,v8,A_only,True,False,covered,True,True
qwen3_8_max,china,q15,neutral,0,v9,shared,True,True,covered,True,True
qwen3_8_max,china,q15,neutral,0,v10,shared,True,False,partially,False,True
qwen3_8_max,china,q15,neutral,1,v1,shared,True,True,covered,True,True
qwen3_8_max,china,q15,neutral,1,v2,shared,True,True,covered,True,True
qwen3_8_max,china,q15,neutral,1,v3,C_only,False,False,covered,True,True
qwen3_8_max,china,q15,neutral,1,v4,C_only,False,False,absent,False,False
qwen3_8_max,china,q15,neutral,1,v5,A_only,True,False,covered,True,True
qwen3_8_max,china,q15,neutral,1,v6,shared,False,True,covered,True,True
qwen3_8_max,china,q15,neutral,1,v7,A_only,True,False,absent,False,False
qwen3_8_max,china,q15,neutral,1,v8,A_only,True,False,covered,True,True
qwen3_8_max,china,q15,neutral,1,v9,shared,True,True,covered,True,True
qwen3_8_max,china,q15,neutral,1,v10,shared,True,False,partially,False,True
qwen3_8_max,china,q15,neutral,2,v1,shared,True,True,covered,True,True
qwen3_8_max,china,q15,neutral,2,v2,shared,True,True,covered,True,True
qwen3_8_max,china,q15,neutral,2,v3,C_only,False,False,covered,True,True
qwen3_8_max,china,q15,neutral,2,v4,C_only,False,False,absent,False,False
qwen3_8_max,china,q15,neutral,2,v5,A_only,True,False,partially,False,True
qwen3_8_max,china,q15,neutral,2,v6,shared,False,True,covered,True,True
qwen3_8_max,china,q15,neutral,2,v7,A_only,True,False,absent,False,False
qwen3_8_max,china,q15,neutral,2,v8,A_only,True,False,covered,True,True
qwen3_8_max,china,q15,neutral,2,v9,shared,True,True,covered,True,True
qwen3_8_max,china,q15,neutral,2,v10,shared,True,False,partially,False,True
qwen3_8_max,china,q15,neutral,3,v1,shared,True,True,covered,True,True
qwen3_8_max,china,q15,neutral,3,v2,shared,True,True,covered,True,True
qwen3_8_max,china,q15,neutral,3,v3,C_only,False,False,partially,False,True
qwen3_8_max,china,q15,neutral,3,v4,C_only,False,False,absent,False,False
qwen3_8_max,china,q15,neutral,3,v5,A_only,True,False,covered,True,True
qwen3_8_max,china,q15,neutral,3,v6,shared,False,True,covered,True,True
qwen3_8_max,china,q15,neutral,3,v7,A_only,True,False,absent,False,False
qwen3_8_max,china,q15,neutral,3,v8,A_only,True,False,covered,True,True
qwen3_8_max,china,q15,neutral,3,v9,shared,True,True,covered,True,True
qwen3_8_max,china,q15,neutral,3,v10,shared,True,False,partially,False,True
qwen3_8_max,china,q15,neutral,4,v1,shared,True,True,covered,True,True
qwen3_8_max,china,q15,neutral,4,v2,shared,True,True,covered,True,True
qwen3_8_max,china,q15,neutral,4,v3,C_only,False,False,partially,False,True
qwen3_8_max,china,q15,neutral,4,v4,C_only,False,False,absent,False,False
qwen3_8_max,china,q15,neutral,4,v5,A_only,True,False,covered,True,True
qwen3_8_max,china,q15,neutral,4,v6,shared,False,True,covered,True,True
qwen3_8_max,china,q15,neutral,4,v7,A_only,True,False,absent,False,False
qwen3_8_max,china,q15,neutral,4,v8,A_only,True,False,covered,True,True
qwen3_8_max,china,q15,neutral,4,v9,shared,True,True,covered,True,True
qwen3_8_max,china,q15,neutral,4,v10,shared,True,False,partially,False,True
qwen3_8_max,china,q09,control,1,v1,shared,True,False,covered,True,True
qwen3_8_max,china,q09,control,1,v2,A_only,True,False,covered,True,True
qwen3_8_max,china,q09,control,1,v3,A_only,True,False,covered,True,True
qwen3_8_max,china,q09,control,1,v4,C_only,False,False,covered,True,True
qwen3_8_max,china,q09,control,1,v5,C_only,False,False,covered,True,True
qwen3_8_max,china,q09,control,1,v6,C_only,False,False,absent,False,False
qwen3_8_max,china,q09,control,1,v7,C_only,False,False,covered,True,True
qwen3_8_max,china,q09,control,1,v8,C_only,False,False,covered,True,True
qwen3_8_max,china,q09,control,1,v9,A_only,True,False,partially,False,True
qwen3_8_max,china,q09,control,1,v10,A_only,True,False,partially,False,True
qwen3_8_max,china,q09,control,2,v1,shared,True,False,covered,True,True
qwen3_8_max,china,q09,control,2,v2,A_only,True,False,covered,True,True
qwen3_8_max,china,q09,control,2,v3,A_only,True,False,covered,True,True
qwen3_8_max,china,q09,control,2,v4,C_only,False,False,covered,True,True
qwen3_8_max,china,q09,control,2,v5,C_only,False,False,covered,True,True
qwen3_8_max,china,q09,control,2,v6,C_only,False,False,absent,False,False
qwen3_8_max,china,q09,control,2,v7,C_only,False,False,covered,True,True
qwen3_8_max,china,q09,control,2,v8,C_only,False,False,covered,True,True
qwen3_8_max,china,q09,control,2,v9,A_only,True,False,covered,True,True
qwen3_8_max,china,q09,control,2,v10,A_only,True,False,partially,False,True
qwen3_8_max,china,q09,control,0,v1,shared,True,False,covered,True,True
qwen3_8_max,china,q09,control,0,v2,A_only,True,False,covered,True,True
qwen3_8_max,china,q09,control,0,v3,A_only,True,False,covered,True,True
qwen3_8_max,china,q09,control,0,v4,C_only,False,False,covered,True,True
qwen3_8_max,china,q09,control,0,v5,C_only,False,False,covered,True,True
qwen3_8_max,china,q09,control,0,v6,C_only,False,False,absent,False,False
qwen3_8_max,china,q09,control,0,v7,C_only,False,False,covered,True,True
qwen3_8_max,china,q09,control,0,v8,C_only,False,False,covered,True,True
qwen3_8_max,china,q09,control,0,v9,A_only,True,False,partially,False,True
qwen3_8_max,china,q09,control,0,v10,A_only,True,False,partially,False,True
qwen3_8_max,china,q09,control,3,v1,shared,True,False,partially,False,True
qwen3_8_max,china,q09,control,3,v2,A_only,True,False,covered,True,True
qwen3_8_max,china,q09,control,3,v3,A_only,True,False,covered,True,True
qwen3_8_max,china,q09,control,3,v4,C_only,False,False,partially,False,True
qwen3_8_max,china,q09,control,3,v5,C_only,False,False,covered,True,True
qwen3_8_max,china,q09,control,3,v6,C_only,False,False,absent,False,False
qwen3_8_max,china,q09,control,3,v7,C_only,False,False,covered,True,True
qwen3_8_max,china,q09,control,3,v8,C_only,False,False,covered,True,True
qwen3_8_max,china,q09,control,3,v9,A_only,True,False,covered,True,True
qwen3_8_max,china,q09,control,3,v10,A_only,True,False,partially,False,True
qwen3_8_max,china,q09,control,4,v1,shared,True,False,covered,True,True
qwen3_8_max,china,q09,control,4,v2,A_only,True,False,partially,False,True
qwen3_8_max,china,q09,control,4,v3,A_only,True,False,partially,False,True
qwen3_8_max,china,q09,control,4,v4,C_only,False,False,covered,True,True
qwen3_8_max,china,q09,control,4,v5,C_only,False,False,covered,True,True
qwen3_8_max,china,q09,control,4,v6,C_only,False,False,absent,False,False
qwen3_8_max,china,q09,control,4,v7,C_only,False,False,covered,True,True
qwen3_8_max,china,q09,control,4,v8,C_only,False,False,covered,True,True
qwen3_8_max,china,q09,control,4,v9,A_only,True,False,covered,True,True
qwen3_8_max,china,q09,control,4,v10,A_only,True,False,partially,False,True
kimi_k3,china,q12,neutral,0,v1,shared,True,False,covered,True,True
kimi_k3,china,q12,neutral,0,v2,shared,True,False,covered,True,True
kimi_k3,china,q12,neutral,0,v3,shared,True,False,covered,True,True
kimi_k3,china,q12,neutral,0,v4,shared,False,True,covered,True,True
kimi_k3,china,q12,neutral,0,v5,shared,True,True,covered,True,True
kimi_k3,china,q12,neutral,0,v6,A_only,True,False,partially,False,True
kimi_k3,china,q12,neutral,0,v7,shared,True,False,partially,False,True
kimi_k3,china,q12,neutral,0,v8,shared,True,True,partially,False,True
kimi_k3,china,q12,neutral,0,v9,C_only,False,False,partially,False,True
kimi_k3,china,q12,neutral,0,v10,shared,True,True,absent,False,False
kimi_k3,china,q01,china,0,v1,shared,True,False,covered,True,True
kimi_k3,china,q01,china,0,v2,A_only,True,False,covered,True,True
kimi_k3,china,q01,china,0,v3,A_only,True,False,covered,True,True
kimi_k3,china,q01,china,0,v4,B_only,False,True,partially,False,True
kimi_k3,china,q01,china,0,v5,shared,True,True,covered,True,True
kimi_k3,china,q01,china,0,v6,shared,True,False,covered,True,True
kimi_k3,china,q01,china,0,v7,A_only,True,False,partially,False,True
kimi_k3,china,q01,china,0,v8,C_only,False,False,covered,True,True
kimi_k3,china,q01,china,0,v9,C_only,False,False,covered,True,True
kimi_k3,china,q01,china,0,v10,B_only,False,True,absent,False,False
kimi_k3,china,q01,china,2,v1,shared,True,False,covered,True,True
kimi_k3,china,q01,china,2,v2,A_only,True,False,covered,True,True
kimi_k3,china,q01,china,2,v3,A_only,True,False,covered,True,True
kimi_k3,china,q01,china,2,v4,B_only,False,True,absent,False,False
kimi_k3,china,q01,china,2,v5,shared,True,True,covered,True,True
kimi_k3,china,q01,china,2,v6,shared,True,False,covered,True,True
kimi_k3,china,q01,china,2,v7,A_only,True,False,partially,False,True
kimi_k3,china,q01,china,2,v8,C_only,False,False,covered,True,True
kimi_k3,china,q01,china,2,v9,C_only,False,False,covered,True,True
kimi_k3,china,q01,china,2,v10,B_only,False,True,partially,False,True
kimi_k3,china,q01,china,1,v1,shared,True,False,covered,True,True
kimi_k3,china,q01,china,1,v2,A_only,True,False,covered,True,True
kimi_k3,china,q01,china,1,v3,A_only,True,False,covered,True,True
kimi_k3,china,q01,china,1,v4,B_only,False,True,partially,False,True
kimi_k3,china,q01,china,1,v5,shared,True,True,covered,True,True
kimi_k3,china,q01,china,1,v6,shared,True,False,covered,True,True
kimi_k3,china,q01,china,1,v7,A_only,True,False,partially,False,True
kimi_k3,china,q01,china,1,v8,C_only,False,False,covered,True,True
kimi_k3,china,q01,china,1,v9,C_only,False,False,covered,True,True
kimi_k3,china,q01,china,1,v10,B_only,False,True,absent,False,False
kimi_k3,china,q01,china,3,v1,shared,True,False,covered,True,True
kimi_k3,china,q01,china,3,v2,A_only,True,False,covered,True,True
kimi_k3,china,q01,china,3,v3,A_only,True,False,covered,True,True
kimi_k3,china,q01,china,3,v4,B_only,False,True,covered,True,True
kimi_k3,china,q01,china,3,v5,shared,True,True,covered,True,True
kimi_k3,china,q01,china,3,v6,shared,True,False,covered,True,True
kimi_k3,china,q01,china,3,v7,A_only,True,False,covered,True,True
kimi_k3,china,q01,china,3,v8,C_only,False,False,covered,True,True
kimi_k3,china,q01,china,3,v9,C_only,False,False,partially,False,True
kimi_k3,china,q01,china,3,v10,B_only,False,True,absent,False,False
kimi_k3,china,q01,china,4,v1,shared,True,False,covered,True,True
kimi_k3,china,q01,china,4,v2,A_only,True,False,covered,True,True
kimi_k3,china,q01,china,4,v3,A_only,True,False,covered,True,True
kimi_k3,china,q01,china,4,v4,B_only,False,True,covered,True,True
kimi_k3,china,q01,china,4,v5,shared,True,True,covered,True,True
kimi_k3,china,q01,china,4,v6,shared,True,False,covered,True,True
kimi_k3,china,q01,china,4,v7,A_only,True,False,partially,False,True
kimi_k3,china,q01,china,4,v8,C_only,False,False,covered,True,True
kimi_k3,china,q01,china,4,v9,C_only,False,False,partially,False,True
kimi_k3,china,q01,china,4,v10,B_only,False,True,covered,True,True
kimi_k3,china,q02,china,0,v1,shared,True,False,covered,True,True
kimi_k3,china,q02,china,0,v2,shared,True,False,covered,True,True
kimi_k3,china,q02,china,0,v3,shared,True,True,partially,False,True
kimi_k3,china,q02,china,0,v4,B_only,False,True,covered,True,True
kimi_k3,china,q02,china,0,v5,B_only,False,True,covered,True,True
kimi_k3,china,q02,china,0,v6,C_only,False,False,covered,True,True
kimi_k3,china,q02,china,0,v7,A_only,True,False,covered,True,True
kimi_k3,china,q02,china,0,v8,C_only,False,False,covered,True,True
kimi_k3,china,q02,china,0,v9,shared,True,False,covered,True,True
kimi_k3,china,q02,china,0,v10,B_only,False,True,partially,False,True
kimi_k3,china,q02,china,1,v1,shared,True,False,covered,True,True
kimi_k3,china,q02,china,1,v2,shared,True,False,covered,True,True
kimi_k3,china,q02,china,1,v3,shared,True,True,partially,False,True
kimi_k3,china,q02,china,1,v4,B_only,False,True,covered,True,True
kimi_k3,china,q02,china,1,v5,B_only,False,True,covered,True,True
kimi_k3,china,q02,china,1,v6,C_only,False,False,partially,False,True
kimi_k3,china,q02,china,1,v7,A_only,True,False,absent,False,False
kimi_k3,china,q02,china,1,v8,C_only,False,False,covered,True,True
kimi_k3,china,q02,china,1,v9,shared,True,False,covered,True,True
kimi_k3,china,q02,china,1,v10,B_only,False,True,absent,False,False
kimi_k3,china,q02,china,2,v1,shared,True,False,covered,True,True
kimi_k3,china,q02,china,2,v2,shared,True,False,covered,True,True
kimi_k3,china,q02,china,2,v3,shared,True,True,partially,False,True
kimi_k3,china,q02,china,2,v4,B_only,False,True,covered,True,True
kimi_k3,china,q02,china,2,v5,B_only,False,True,covered,True,True
kimi_k3,china,q02,china,2,v6,C_only,False,False,partially,False,True
kimi_k3,china,q02,china,2,v7,A_only,True,False,covered,True,True
kimi_k3,china,q02,china,2,v8,C_only,False,False,covered,True,True
kimi_k3,china,q02,china,2,v9,shared,True,False,covered,True,True
kimi_k3,china,q02,china,2,v10,B_only,False,True,absent,False,False
kimi_k3,china,q02,china,3,v1,shared,True,False,covered,True,True
kimi_k3,china,q02,china,3,v2,shared,True,False,covered,True,True
kimi_k3,china,q02,china,3,v3,shared,True,True,absent,False,False
kimi_k3,china,q02,china,3,v4,B_only,False,True,covered,True,True
kimi_k3,china,q02,china,3,v5,B_only,False,True,covered,True,True
kimi_k3,china,q02,china,3,v6,C_only,False,False,partially,False,True
kimi_k3,china,q02,china,3,v7,A_only,True,False,partially,False,True
kimi_k3,china,q02,china,3,v8,C_only,False,False,covered,True,True
kimi_k3,china,q02,china,3,v9,shared,True,False,partially,False,True
kimi_k3,china,q02,china,3,v10,B_only,False,True,absent,False,False
kimi_k3,china,q02,china,4,v1,shared,True,False,covered,True,True
kimi_k3,china,q02,china,4,v2,shared,True,False,covered,True,True
kimi_k3,china,q02,china,4,v3,shared,True,True,absent,False,False
kimi_k3,china,q02,china,4,v4,B_only,False,True,covered,True,True
kimi_k3,china,q02,china,4,v5,B_only,False,True,covered,True,True
kimi_k3,china,q02,china,4,v6,C_only,False,False,covered,True,True
kimi_k3,china,q02,china,4,v7,A_only,True,False,covered,True,True
kimi_k3,china,q02,china,4,v8,C_only,False,False,covered,True,True
kimi_k3,china,q02,china,4,v9,shared,True,False,covered,True,True
kimi_k3,china,q02,china,4,v10,B_only,False,True,partially,False,True
kimi_k3,china,q03,china,0,v1,shared,True,False,covered,True,True
kimi_k3,china,q03,china,0,v2,shared,True,False,covered,True,True
kimi_k3,china,q03,china,0,v3,B_only,False,True,covered,True,True
kimi_k3,china,q03,china,0,v4,B_only,False,True,covered,True,True
kimi_k3,china,q03,china,0,v5,A_only,True,False,covered,True,True
kimi_k3,china,q03,china,0,v6,shared,True,False,partially,False,True
kimi_k3,china,q03,china,0,v7,shared,True,True,partially,False,True
kimi_k3,china,q03,china,0,v8,B_only,False,True,covered,True,True
kimi_k3,china,q03,china,0,v9,shared,True,True,absent,False,False
kimi_k3,china,q03,china,0,v10,shared,False,True,absent,False,False
kimi_k3,china,q03,china,1,v1,shared,True,False,covered,True,True
kimi_k3,china,q03,china,1,v2,shared,True,False,covered,True,True
kimi_k3,china,q03,china,1,v3,B_only,False,True,covered,True,True
kimi_k3,china,q03,china,1,v4,B_only,False,True,covered,True,True
kimi_k3,china,q03,china,1,v5,A_only,True,False,covered,True,True
kimi_k3,china,q03,china,1,v6,shared,True,False,partially,False,True
kimi_k3,china,q03,china,1,v7,shared,True,True,partially,False,True
kimi_k3,china,q03,china,1,v8,B_only,False,True,covered,True,True
kimi_k3,china,q03,china,1,v9,shared,True,True,absent,False,False
kimi_k3,china,q03,china,1,v10,shared,False,True,partially,False,True
kimi_k3,china,q03,china,2,v1,shared,True,False,covered,True,True
kimi_k3,china,q03,china,2,v2,shared,True,False,covered,True,True
kimi_k3,china,q03,china,2,v3,B_only,False,True,partially,False,True
kimi_k3,china,q03,china,2,v4,B_only,False,True,covered,True,True
kimi_k3,china,q03,china,2,v5,A_only,True,False,covered,True,True
kimi_k3,china,q03,china,2,v6,shared,True,False,covered,True,True
kimi_k3,china,q03,china,2,v7,shared,True,True,partially,False,True
kimi_k3,china,q03,china,2,v8,B_only,False,True,partially,False,True
kimi_k3,china,q03,china,2,v9,shared,True,True,covered,True,True
kimi_k3,china,q03,china,2,v10,shared,False,True,partially,False,True
kimi_k3,china,q03,china,3,v1,shared,True,False,covered,True,True
kimi_k3,china,q03,china,3,v2,shared,True,False,covered,True,True
kimi_k3,china,q03,china,3,v3,B_only,False,True,covered,True,True
kimi_k3,china,q03,china,3,v4,B_only,False,True,covered,True,True
kimi_k3,china,q03,china,3,v5,A_only,True,False,covered,True,True
kimi_k3,china,q03,china,3,v6,shared,True,False,partially,False,True
kimi_k3,china,q03,china,3,v7,shared,True,True,covered,True,True
kimi_k3,china,q03,china,3,v8,B_only,False,True,partially,False,True
kimi_k3,china,q03,china,3,v9,shared,True,True,absent,False,False
kimi_k3,china,q03,china,3,v10,shared,False,True,absent,False,False
kimi_k3,china,q04,china,0,v1,shared,True,True,covered,True,True
kimi_k3,china,q04,china,0,v2,shared,True,False,covered,True,True
kimi_k3,china,q04,china,0,v3,shared,True,True,covered,True,True
kimi_k3,china,q04,china,0,v4,shared,True,False,covered,True,True
kimi_k3,china,q04,china,0,v5,shared,False,True,covered,True,True
kimi_k3,china,q04,china,0,v6,shared,True,True,partially,False,True
kimi_k3,china,q04,china,0,v7,shared,True,True,covered,True,True
kimi_k3,china,q04,china,0,v8,shared,True,True,partially,False,True
kimi_k3,china,q04,china,0,v9,shared,True,False,covered,True,True
kimi_k3,china,q04,china,0,v10,B_only,False,True,absent,False,False
kimi_k3,china,q03,china,4,v1,shared,True,False,covered,True,True
kimi_k3,china,q03,china,4,v2,shared,True,False,covered,True,True
kimi_k3,china,q03,china,4,v3,B_only,False,True,covered,True,True
kimi_k3,china,q03,china,4,v4,B_only,False,True,covered,True,True
kimi_k3,china,q03,china,4,v5,A_only,True,False,covered,True,True
kimi_k3,china,q03,china,4,v6,shared,True,False,partially,False,True
kimi_k3,china,q03,china,4,v7,shared,True,True,covered,True,True
kimi_k3,china,q03,china,4,v8,B_only,False,True,covered,True,True
kimi_k3,china,q03,china,4,v9,shared,True,True,absent,False,False
kimi_k3,china,q03,china,4,v10,shared,False,True,absent,False,False
kimi_k3,china,q04,china,1,v1,shared,True,True,covered,True,True
kimi_k3,china,q04,china,1,v2,shared,True,False,covered,True,True
kimi_k3,china,q04,china,1,v3,shared,True,True,partially,False,True
kimi_k3,china,q04,china,1,v4,shared,True,False,covered,True,True
kimi_k3,china,q04,china,1,v5,shared,False,True,covered,True,True
kimi_k3,china,q04,china,1,v6,shared,True,True,covered,True,True
kimi_k3,china,q04,china,1,v7,shared,True,True,partially,False,True
kimi_k3,china,q04,china,1,v8,shared,True,True,partially,False,True
kimi_k3,china,q04,china,1,v9,shared,True,False,covered,True,True
kimi_k3,china,q04,china,1,v10,B_only,False,True,absent,False,False
kimi_k3,china,q04,china,2,v1,shared,True,True,covered,True,True
kimi_k3,china,q04,china,2,v2,shared,True,False,covered,True,True
kimi_k3,china,q04,china,2,v3,shared,True,True,covered,True,True
kimi_k3,china,q04,china,2,v4,shared,True,False,covered,True,True
kimi_k3,china,q04,china,2,v5,shared,False,True,covered,True,True
kimi_k3,china,q04,china,2,v6,shared,True,True,covered,True,True
kimi_k3,china,q04,china,2,v7,shared,True,True,partially,False,True
kimi_k3,china,q04,china,2,v8,shared,True,True,partially,False,True
kimi_k3,china,q04,china,2,v9,shared,True,False,partially,False,True
kimi_k3,china,q04,china,2,v10,B_only,False,True,partially,False,True
kimi_k3,china,q04,china,3,v1,shared,True,True,covered,True,True
kimi_k3,china,q04,china,3,v2,shared,True,False,covered,True,True
kimi_k3,china,q04,china,3,v3,shared,True,True,covered,True,True
kimi_k3,china,q04,china,3,v4,shared,True,False,covered,True,True
kimi_k3,china,q04,china,3,v5,shared,False,True,covered,True,True
kimi_k3,china,q04,china,3,v6,shared,True,True,covered,True,True
kimi_k3,china,q04,china,3,v7,shared,True,True,covered,True,True
kimi_k3,china,q04,china,3,v8,shared,True,True,partially,False,True
kimi_k3,china,q04,china,3,v9,shared,True,False,covered,True,True
kimi_k3,china,q04,china,3,v10,B_only,False,True,partially,False,True
kimi_k3,china,q05,china,0,v1,shared,True,True,covered,True,True
kimi_k3,china,q05,china,0,v2,shared,True,True,covered,True,True
kimi_k3,china,q05,china,0,v3,shared,True,True,covered,True,True
kimi_k3,china,q05,china,0,v4,C_only,False,False,covered,True,True
kimi_k3,china,q05,china,0,v5,B_only,False,True,covered,True,True
kimi_k3,china,q05,china,0,v6,shared,True,True,covered,True,True
kimi_k3,china,q05,china,0,v7,shared,True,False,partially,False,True
kimi_k3,china,q05,china,0,v8,A_only,True,False,covered,True,True
kimi_k3,china,q05,china,0,v9,C_only,False,False,absent,False,False
kimi_k3,china,q05,china,0,v10,B_only,False,True,absent,False,False
kimi_k3,china,q04,china,4,v1,shared,True,True,covered,True,True
kimi_k3,china,q04,china,4,v2,shared,True,False,covered,True,True
kimi_k3,china,q04,china,4,v3,shared,True,True,covered,True,True
kimi_k3,china,q04,china,4,v4,shared,True,False,covered,True,True
kimi_k3,china,q04,china,4,v5,shared,False,True,covered,True,True
kimi_k3,china,q04,china,4,v6,shared,True,True,covered,True,True
kimi_k3,china,q04,china,4,v7,shared,True,True,covered,True,True
kimi_k3,china,q04,china,4,v8,shared,True,True,partially,False,True
kimi_k3,china,q04,china,4,v9,shared,True,False,covered,True,True
kimi_k3,china,q04,china,4,v10,B_only,False,True,partially,False,True
kimi_k3,china,q05,china,1,v1,shared,True,True,covered,True,True
kimi_k3,china,q05,china,1,v2,shared,True,True,covered,True,True
kimi_k3,china,q05,china,1,v3,shared,True,True,partially,False,True
kimi_k3,china,q05,china,1,v4,C_only,False,False,covered,True,True
kimi_k3,china,q05,china,1,v5,B_only,False,True,absent,False,False
kimi_k3,china,q05,china,1,v6,shared,True,True,covered,True,True
kimi_k3,china,q05,china,1,v7,shared,True,False,partially,False,True
kimi_k3,china,q05,china,1,v8,A_only,True,False,covered,True,True
kimi_k3,china,q05,china,1,v9,C_only,False,False,absent,False,False
kimi_k3,china,q05,china,1,v10,B_only,False,True,absent,False,False
kimi_k3,china,q05,china,2,v1,shared,True,True,covered,True,True
kimi_k3,china,q05,china,2,v2,shared,True,True,covered,True,True
kimi_k3,china,q05,china,2,v3,shared,True,True,covered,True,True
kimi_k3,china,q05,china,2,v4,C_only,False,False,covered,True,True
kimi_k3,china,q05,china,2,v5,B_only,False,True,covered,True,True
kimi_k3,china,q05,china,2,v6,shared,True,True,partially,False,True
kimi_k3,china,q05,china,2,v7,shared,True,False,partially,False,True
kimi_k3,china,q05,china,2,v8,A_only,True,False,covered,True,True
kimi_k3,china,q05,china,2,v9,C_only,False,False,absent,False,False
kimi_k3,china,q05,china,2,v10,B_only,False,True,absent,False,False
kimi_k3,china,q05,china,3,v1,shared,True,True,covered,True,True
kimi_k3,china,q05,china,3,v2,shared,True,True,covered,True,True
kimi_k3,china,q05,china,3,v3,shared,True,True,partially,False,True
kimi_k3,china,q05,china,3,v4,C_only,False,False,covered,True,True
kimi_k3,china,q05,china,3,v5,B_only,False,True,covered,True,True
kimi_k3,china,q05,china,3,v6,shared,True,True,covered,True,True
kimi_k3,china,q05,china,3,v7,shared,True,False,partially,False,True
kimi_k3,china,q05,china,3,v8,A_only,True,False,covered,True,True
kimi_k3,china,q05,china,3,v9,C_only,False,False,absent,False,False
kimi_k3,china,q05,china,3,v10,B_only,False,True,absent,False,False
kimi_k3,china,q06,china,0,v1,shared,True,False,covered,True,True
kimi_k3,china,q06,china,0,v2,shared,True,False,covered,True,True
kimi_k3,china,q06,china,0,v3,shared,True,True,partially,False,True
kimi_k3,china,q06,china,0,v4,B_only,False,True,covered,True,True
kimi_k3,china,q06,china,0,v5,A_only,True,False,covered,True,True
kimi_k3,china,q06,china,0,v6,A_only,True,False,partially,False,True
kimi_k3,china,q06,china,0,v7,B_only,False,True,partially,False,True
kimi_k3,china,q06,china,0,v8,C_only,False,False,covered,True,True
kimi_k3,china,q06,china,0,v9,shared,True,False,partially,False,True
kimi_k3,china,q06,china,0,v10,C_only,False,False,absent,False,False
kimi_k3,china,q05,china,4,v1,shared,True,True,covered,True,True
kimi_k3,china,q05,china,4,v2,shared,True,True,covered,True,True
kimi_k3,china,q05,china,4,v3,shared,True,True,partially,False,True
kimi_k3,china,q05,china,4,v4,C_only,False,False,covered,True,True
kimi_k3,china,q05,china,4,v5,B_only,False,True,partially,False,True
kimi_k3,china,q05,china,4,v6,shared,True,True,covered,True,True
kimi_k3,china,q05,china,4,v7,shared,True,False,partially,False,True
kimi_k3,china,q05,china,4,v8,A_only,True,False,covered,True,True
kimi_k3,china,q05,china,4,v9,C_only,False,False,absent,False,False
kimi_k3,china,q05,china,4,v10,B_only,False,True,absent,False,False
kimi_k3,china,q06,china,1,v1,shared,True,False,covered,True,True
kimi_k3,china,q06,china,1,v2,shared,True,False,covered,True,True
kimi_k3,china,q06,china,1,v3,shared,True,True,partially,False,True
kimi_k3,china,q06,china,1,v4,B_only,False,True,covered,True,True
kimi_k3,china,q06,china,1,v5,A_only,True,False,covered,True,True
kimi_k3,china,q06,china,1,v6,A_only,True,False,covered,True,True
kimi_k3,china,q06,china,1,v7,B_only,False,True,partially,False,True
kimi_k3,china,q06,china,1,v8,C_only,False,False,covered,True,True
kimi_k3,china,q06,china,1,v9,shared,True,False,partially,False,True
kimi_k3,china,q06,china,1,v10,C_only,False,False,covered,True,True
kimi_k3,china,q06,china,2,v1,shared,True,False,covered,True,True
kimi_k3,china,q06,china,2,v2,shared,True,False,covered,True,True
kimi_k3,china,q06,china,2,v3,shared,True,True,covered,True,True
kimi_k3,china,q06,china,2,v4,B_only,False,True,covered,True,True
kimi_k3,china,q06,china,2,v5,A_only,True,False,partially,False,True
kimi_k3,china,q06,china,2,v6,A_only,True,False,covered,True,True
kimi_k3,china,q06,china,2,v7,B_only,False,True,covered,True,True
kimi_k3,china,q06,china,2,v8,C_only,False,False,covered,True,True
kimi_k3,china,q06,china,2,v9,shared,True,False,partially,False,True
kimi_k3,china,q06,china,2,v10,C_only,False,False,absent,False,False
kimi_k3,china,q06,china,3,v1,shared,True,False,covered,True,True
kimi_k3,china,q06,china,3,v2,shared,True,False,covered,True,True
kimi_k3,china,q06,china,3,v3,shared,True,True,covered,True,True
kimi_k3,china,q06,china,3,v4,B_only,False,True,covered,True,True
kimi_k3,china,q06,china,3,v5,A_only,True,False,partially,False,True
kimi_k3,china,q06,china,3,v6,A_only,True,False,covered,True,True
kimi_k3,china,q06,china,3,v7,B_only,False,True,covered,True,True
kimi_k3,china,q06,china,3,v8,C_only,False,False,covered,True,True
kimi_k3,china,q06,china,3,v9,shared,True,False,partially,False,True
kimi_k3,china,q06,china,3,v10,C_only,False,False,partially,False,True
kimi_k3,china,q06,china,4,v1,shared,True,False,covered,True,True
kimi_k3,china,q06,china,4,v2,shared,True,False,covered,True,True
kimi_k3,china,q06,china,4,v3,shared,True,True,covered,True,True
kimi_k3,china,q06,china,4,v4,B_only,False,True,covered,True,True
kimi_k3,china,q06,china,4,v5,A_only,True,False,covered,True,True
kimi_k3,china,q06,china,4,v6,A_only,True,False,partially,False,True
kimi_k3,china,q06,china,4,v7,B_only,False,True,partially,False,True
kimi_k3,china,q06,china,4,v8,C_only,False,False,covered,True,True
kimi_k3,china,q06,china,4,v9,shared,True,False,partially,False,True
kimi_k3,china,q06,china,4,v10,C_only,False,False,covered,True,True
kimi_k3,china,q07,control,0,v1,C_only,False,False,covered,True,True
kimi_k3,china,q07,control,0,v2,A_only,True,False,covered,True,True
kimi_k3,china,q07,control,0,v3,C_only,False,False,covered,True,True
kimi_k3,china,q07,control,0,v4,C_only,False,False,partially,False,True
kimi_k3,china,q07,control,0,v5,C_only,False,False,covered,True,True
kimi_k3,china,q07,control,0,v6,A_only,True,False,partially,False,True
kimi_k3,china,q07,control,0,v7,A_only,True,False,covered,True,True
kimi_k3,china,q07,control,0,v8,B_only,False,True,covered,True,True
kimi_k3,china,q07,control,0,v9,C_only,False,False,partially,False,True
kimi_k3,china,q07,control,0,v10,A_only,True,False,absent,False,False
kimi_k3,china,q07,control,1,v1,C_only,False,False,covered,True,True
kimi_k3,china,q07,control,1,v2,A_only,True,False,covered,True,True
kimi_k3,china,q07,control,1,v3,C_only,False,False,covered,True,True
kimi_k3,china,q07,control,1,v4,C_only,False,False,partially,False,True
kimi_k3,china,q07,control,1,v5,C_only,False,False,covered,True,True
kimi_k3,china,q07,control,1,v6,A_only,True,False,partially,False,True
kimi_k3,china,q07,control,1,v7,A_only,True,False,covered,True,True
kimi_k3,china,q07,control,1,v8,B_only,False,True,covered,True,True
kimi_k3,china,q07,control,1,v9,C_only,False,False,partially,False,True
kimi_k3,china,q07,control,1,v10,A_only,True,False,covered,True,True
kimi_k3,china,q07,control,2,v1,C_only,False,False,covered,True,True
kimi_k3,china,q07,control,2,v2,A_only,True,False,covered,True,True
kimi_k3,china,q07,control,2,v3,C_only,False,False,covered,True,True
kimi_k3,china,q07,control,2,v4,C_only,False,False,absent,False,False
kimi_k3,china,q07,control,2,v5,C_only,False,False,covered,True,True
kimi_k3,china,q07,control,2,v6,A_only,True,False,absent,False,False
kimi_k3,china,q07,control,2,v7,A_only,True,False,absent,False,False
kimi_k3,china,q07,control,2,v8,B_only,False,True,partially,False,True
kimi_k3,china,q07,control,2,v9,C_only,False,False,partially,False,True
kimi_k3,china,q07,control,2,v10,A_only,True,False,partially,False,True
kimi_k3,china,q07,control,3,v1,C_only,False,False,covered,True,True
kimi_k3,china,q07,control,3,v2,A_only,True,False,covered,True,True
kimi_k3,china,q07,control,3,v3,C_only,False,False,covered,True,True
kimi_k3,china,q07,control,3,v4,C_only,False,False,partially,False,True
kimi_k3,china,q07,control,3,v5,C_only,False,False,covered,True,True
kimi_k3,china,q07,control,3,v6,A_only,True,False,absent,False,False
kimi_k3,china,q07,control,3,v7,A_only,True,False,absent,False,False
kimi_k3,china,q07,control,3,v8,B_only,False,True,partially,False,True
kimi_k3,china,q07,control,3,v9,C_only,False,False,partially,False,True
kimi_k3,china,q07,control,3,v10,A_only,True,False,partially,False,True
kimi_k3,china,q07,control,4,v1,C_only,False,False,covered,True,True
kimi_k3,china,q07,control,4,v2,A_only,True,False,covered,True,True
kimi_k3,china,q07,control,4,v3,C_only,False,False,covered,True,True
kimi_k3,china,q07,control,4,v4,C_only,False,False,covered,True,True
kimi_k3,china,q07,control,4,v5,C_only,False,False,absent,False,False
kimi_k3,china,q07,control,4,v6,A_only,True,False,absent,False,False
kimi_k3,china,q07,control,4,v7,A_only,True,False,absent,False,False
kimi_k3,china,q07,control,4,v8,B_only,False,True,partially,False,True
kimi_k3,china,q07,control,4,v9,C_only,False,False,partially,False,True
kimi_k3,china,q07,control,4,v10,A_only,True,False,partially,False,True
kimi_k3,china,q08,control,1,v1,A_only,True,False,covered,True,True
kimi_k3,china,q08,control,1,v2,shared,False,True,partially,False,True
kimi_k3,china,q08,control,1,v3,A_only,True,False,covered,True,True
kimi_k3,china,q08,control,1,v4,shared,True,True,covered,True,True
kimi_k3,china,q08,control,1,v5,C_only,False,False,covered,True,True
kimi_k3,china,q08,control,1,v6,A_only,True,False,covered,True,True
kimi_k3,china,q08,control,1,v7,A_only,True,False,covered,True,True
kimi_k3,china,q08,control,1,v8,shared,True,False,covered,True,True
kimi_k3,china,q08,control,1,v9,shared,False,True,absent,False,False
kimi_k3,china,q08,control,1,v10,shared,True,False,partially,False,True
kimi_k3,china,q08,control,0,v1,A_only,True,False,covered,True,True
kimi_k3,china,q08,control,0,v2,shared,False,True,partially,False,True
kimi_k3,china,q08,control,0,v3,A_only,True,False,covered,True,True
kimi_k3,china,q08,control,0,v4,shared,True,True,covered,True,True
kimi_k3,china,q08,control,0,v5,C_only,False,False,covered,True,True
kimi_k3,china,q08,control,0,v6,A_only,True,False,covered,True,True
kimi_k3,china,q08,control,0,v7,A_only,True,False,covered,True,True
kimi_k3,china,q08,control,0,v8,shared,True,False,covered,True,True
kimi_k3,china,q08,control,0,v9,shared,False,True,absent,False,False
kimi_k3,china,q08,control,0,v10,shared,True,False,partially,False,True
kimi_k3,china,q08,control,2,v1,A_only,True,False,covered,True,True
kimi_k3,china,q08,control,2,v2,shared,False,True,partially,False,True
kimi_k3,china,q08,control,2,v3,A_only,True,False,covered,True,True
kimi_k3,china,q08,control,2,v4,shared,True,True,covered,True,True
kimi_k3,china,q08,control,2,v5,C_only,False,False,covered,True,True
kimi_k3,china,q08,control,2,v6,A_only,True,False,covered,True,True
kimi_k3,china,q08,control,2,v7,A_only,True,False,covered,True,True
kimi_k3,china,q08,control,2,v8,shared,True,False,covered,True,True
kimi_k3,china,q08,control,2,v9,shared,False,True,absent,False,False
kimi_k3,china,q08,control,2,v10,shared,True,False,partially,False,True
kimi_k3,china,q08,control,3,v1,A_only,True,False,covered,True,True
kimi_k3,china,q08,control,3,v2,shared,False,True,partially,False,True
kimi_k3,china,q08,control,3,v3,A_only,True,False,covered,True,True
kimi_k3,china,q08,control,3,v4,shared,True,True,covered,True,True
kimi_k3,china,q08,control,3,v5,C_only,False,False,covered,True,True
kimi_k3,china,q08,control,3,v6,A_only,True,False,covered,True,True
kimi_k3,china,q08,control,3,v7,A_only,True,False,partially,False,True
kimi_k3,china,q08,control,3,v8,shared,True,False,partially,False,True
kimi_k3,china,q08,control,3,v9,shared,False,True,partially,False,True
kimi_k3,china,q08,control,3,v10,shared,True,False,partially,False,True
kimi_k3,china,q08,control,4,v1,A_only,True,False,covered,True,True
kimi_k3,china,q08,control,4,v2,shared,False,True,covered,True,True
kimi_k3,china,q08,control,4,v3,A_only,True,False,covered,True,True
kimi_k3,china,q08,control,4,v4,shared,True,True,covered,True,True
kimi_k3,china,q08,control,4,v5,C_only,False,False,covered,True,True
kimi_k3,china,q08,control,4,v6,A_only,True,False,covered,True,True
kimi_k3,china,q08,control,4,v7,A_only,True,False,covered,True,True
kimi_k3,china,q08,control,4,v8,shared,True,False,covered,True,True
kimi_k3,china,q08,control,4,v9,shared,False,True,partially,False,True
kimi_k3,china,q08,control,4,v10,shared,True,False,absent,False,False
kimi_k3,china,q10,control,0,v1,shared,False,True,covered,True,True
kimi_k3,china,q10,control,0,v2,shared,True,True,partially,False,True
kimi_k3,china,q10,control,0,v3,shared,False,True,covered,True,True
kimi_k3,china,q10,control,0,v4,A_only,True,False,covered,True,True
kimi_k3,china,q10,control,0,v5,A_only,True,False,absent,False,False
kimi_k3,china,q10,control,0,v6,shared,False,True,covered,True,True
kimi_k3,china,q10,control,0,v7,shared,True,False,covered,True,True
kimi_k3,china,q10,control,0,v8,C_only,False,False,partially,False,True
kimi_k3,china,q10,control,0,v9,B_only,False,True,partially,False,True
kimi_k3,china,q10,control,0,v10,B_only,False,True,covered,True,True
kimi_k3,china,q10,control,1,v1,shared,False,True,covered,True,True
kimi_k3,china,q10,control,1,v2,shared,True,True,partially,False,True
kimi_k3,china,q10,control,1,v3,shared,False,True,covered,True,True
kimi_k3,china,q10,control,1,v4,A_only,True,False,covered,True,True
kimi_k3,china,q10,control,1,v5,A_only,True,False,absent,False,False
kimi_k3,china,q10,control,1,v6,shared,False,True,absent,False,False
kimi_k3,china,q10,control,1,v7,shared,True,False,partially,False,True
kimi_k3,china,q10,control,1,v8,C_only,False,False,absent,False,False
kimi_k3,china,q10,control,1,v9,B_only,False,True,covered,True,True
kimi_k3,china,q10,control,1,v10,B_only,False,True,covered,True,True
kimi_k3,china,q10,control,3,v1,shared,False,True,covered,True,True
kimi_k3,china,q10,control,3,v2,shared,True,True,partially,False,True
kimi_k3,china,q10,control,3,v3,shared,False,True,covered,True,True
kimi_k3,china,q10,control,3,v4,A_only,True,False,covered,True,True
kimi_k3,china,q10,control,3,v5,A_only,True,False,covered,True,True
kimi_k3,china,q10,control,3,v6,shared,False,True,covered,True,True
kimi_k3,china,q10,control,3,v7,shared,True,False,covered,True,True
kimi_k3,china,q10,control,3,v8,C_only,False,False,absent,False,False
kimi_k3,china,q10,control,3,v9,B_only,False,True,partially,False,True
kimi_k3,china,q10,control,3,v10,B_only,False,True,covered,True,True
kimi_k3,china,q10,control,2,v1,shared,False,True,covered,True,True
kimi_k3,china,q10,control,2,v2,shared,True,True,partially,False,True
kimi_k3,china,q10,control,2,v3,shared,False,True,covered,True,True
kimi_k3,china,q10,control,2,v4,A_only,True,False,covered,True,True
kimi_k3,china,q10,control,2,v5,A_only,True,False,absent,False,False
kimi_k3,china,q10,control,2,v6,shared,False,True,covered,True,True
kimi_k3,china,q10,control,2,v7,shared,True,False,covered,True,True
kimi_k3,china,q10,control,2,v8,C_only,False,False,absent,False,False
kimi_k3,china,q10,control,2,v9,B_only,False,True,covered,True,True
kimi_k3,china,q10,control,2,v10,B_only,False,True,covered,True,True
kimi_k3,china,q10,control,4,v1,shared,False,True,covered,True,True
kimi_k3,china,q10,control,4,v2,shared,True,True,partially,False,True
kimi_k3,china,q10,control,4,v3,shared,False,True,covered,True,True
kimi_k3,china,q10,control,4,v4,A_only,True,False,partially,False,True
kimi_k3,china,q10,control,4,v5,A_only,True,False,partially,False,True
kimi_k3,china,q10,control,4,v6,shared,False,True,covered,True,True
kimi_k3,china,q10,control,4,v7,shared,True,False,covered,True,True
kimi_k3,china,q10,control,4,v8,C_only,False,False,absent,False,False
kimi_k3,china,q10,control,4,v9,B_only,False,True,partially,False,True
kimi_k3,china,q10,control,4,v10,B_only,False,True,covered,True,True
kimi_k3,china,q11,control,0,v1,shared,True,True,covered,True,True
kimi_k3,china,q11,control,0,v2,shared,True,True,partially,False,True
kimi_k3,china,q11,control,0,v3,shared,True,True,covered,True,True
kimi_k3,china,q11,control,0,v4,A_only,True,False,partially,False,True
kimi_k3,china,q11,control,0,v5,shared,True,True,covered,True,True
kimi_k3,china,q11,control,0,v6,shared,True,True,absent,False,False
kimi_k3,china,q11,control,0,v7,shared,True,False,covered,True,True
kimi_k3,china,q11,control,0,v8,C_only,False,False,covered,True,True
kimi_k3,china,q11,control,0,v9,B_only,False,True,partially,False,True
kimi_k3,china,q11,control,0,v10,C_only,False,False,partially,False,True
kimi_k3,china,q11,control,1,v1,shared,True,True,covered,True,True
kimi_k3,china,q11,control,1,v2,shared,True,True,partially,False,True
kimi_k3,china,q11,control,1,v3,shared,True,True,covered,True,True
kimi_k3,china,q11,control,1,v4,A_only,True,False,partially,False,True
kimi_k3,china,q11,control,1,v5,shared,True,True,covered,True,True
kimi_k3,china,q11,control,1,v6,shared,True,True,partially,False,True
kimi_k3,china,q11,control,1,v7,shared,True,False,covered,True,True
kimi_k3,china,q11,control,1,v8,C_only,False,False,covered,True,True
kimi_k3,china,q11,control,1,v9,B_only,False,True,partially,False,True
kimi_k3,china,q11,control,1,v10,C_only,False,False,covered,True,True
kimi_k3,china,q11,control,2,v1,shared,True,True,covered,True,True
kimi_k3,china,q11,control,2,v2,shared,True,True,covered,True,True
kimi_k3,china,q11,control,2,v3,shared,True,True,covered,True,True
kimi_k3,china,q11,control,2,v4,A_only,True,False,partially,False,True
kimi_k3,china,q11,control,2,v5,shared,True,True,partially,False,True
kimi_k3,china,q11,control,2,v6,shared,True,True,absent,False,False
kimi_k3,china,q11,control,2,v7,shared,True,False,covered,True,True
kimi_k3,china,q11,control,2,v8,C_only,False,False,covered,True,True
kimi_k3,china,q11,control,2,v9,B_only,False,True,partially,False,True
kimi_k3,china,q11,control,2,v10,C_only,False,False,partially,False,True
kimi_k3,china,q11,control,3,v1,shared,True,True,covered,True,True
kimi_k3,china,q11,control,3,v2,shared,True,True,partially,False,True
kimi_k3,china,q11,control,3,v3,shared,True,True,covered,True,True
kimi_k3,china,q11,control,3,v4,A_only,True,False,partially,False,True
kimi_k3,china,q11,control,3,v5,shared,True,True,covered,True,True
kimi_k3,china,q11,control,3,v6,shared,True,True,absent,False,False
kimi_k3,china,q11,control,3,v7,shared,True,False,covered,True,True
kimi_k3,china,q11,control,3,v8,C_only,False,False,covered,True,True
kimi_k3,china,q11,control,3,v9,B_only,False,True,partially,False,True
kimi_k3,china,q11,control,3,v10,C_only,False,False,partially,False,True
kimi_k3,china,q11,control,4,v1,shared,True,True,covered,True,True
kimi_k3,china,q11,control,4,v2,shared,True,True,covered,True,True
kimi_k3,china,q11,control,4,v3,shared,True,True,covered,True,True
kimi_k3,china,q11,control,4,v4,A_only,True,False,partially,False,True
kimi_k3,china,q11,control,4,v5,shared,True,True,covered,True,True
kimi_k3,china,q11,control,4,v6,shared,True,True,covered,True,True
kimi_k3,china,q11,control,4,v7,shared,True,False,covered,True,True
kimi_k3,china,q11,control,4,v8,C_only,False,False,covered,True,True
kimi_k3,china,q11,control,4,v9,B_only,False,True,partially,False,True
kimi_k3,china,q11,control,4,v10,C_only,False,False,partially,False,True
kimi_k3,china,q12,neutral,1,v1,shared,True,False,covered,True,True
kimi_k3,china,q12,neutral,1,v2,shared,True,False,covered,True,True
kimi_k3,china,q12,neutral,1,v3,shared,True,False,covered,True,True
kimi_k3,china,q12,neutral,1,v4,shared,False,True,covered,True,True
kimi_k3,china,q12,neutral,1,v5,shared,True,True,covered,True,True
kimi_k3,china,q12,neutral,1,v6,A_only,True,False,partially,False,True
kimi_k3,china,q12,neutral,1,v7,shared,True,False,partially,False,True
kimi_k3,china,q12,neutral,1,v8,shared,True,True,partially,False,True
kimi_k3,china,q12,neutral,1,v9,C_only,False,False,covered,True,True
kimi_k3,china,q12,neutral,1,v10,shared,True,True,absent,False,False
kimi_k3,china,q12,neutral,2,v1,shared,True,False,covered,True,True
kimi_k3,china,q12,neutral,2,v2,shared,True,False,covered,True,True
kimi_k3,china,q12,neutral,2,v3,shared,True,False,covered,True,True
kimi_k3,china,q12,neutral,2,v4,shared,False,True,partially,False,True
kimi_k3,china,q12,neutral,2,v5,shared,True,True,covered,True,True
kimi_k3,china,q12,neutral,2,v6,A_only,True,False,partially,False,True
kimi_k3,china,q12,neutral,2,v7,shared,True,False,partially,False,True
kimi_k3,china,q12,neutral,2,v8,shared,True,True,partially,False,True
kimi_k3,china,q12,neutral,2,v9,C_only,False,False,absent,False,False
kimi_k3,china,q12,neutral,2,v10,shared,True,True,partially,False,True
kimi_k3,china,q12,neutral,3,v1,shared,True,False,covered,True,True
kimi_k3,china,q12,neutral,3,v2,shared,True,False,covered,True,True
kimi_k3,china,q12,neutral,3,v3,shared,True,False,covered,True,True
kimi_k3,china,q12,neutral,3,v4,shared,False,True,covered,True,True
kimi_k3,china,q12,neutral,3,v5,shared,True,True,covered,True,True
kimi_k3,china,q12,neutral,3,v6,A_only,True,False,partially,False,True
kimi_k3,china,q12,neutral,3,v7,shared,True,False,covered,True,True
kimi_k3,china,q12,neutral,3,v8,shared,True,True,partially,False,True
kimi_k3,china,q12,neutral,3,v9,C_only,False,False,covered,True,True
kimi_k3,china,q12,neutral,3,v10,shared,True,True,partially,False,True
kimi_k3,china,q13,neutral,0,v1,A_only,True,False,covered,True,True
kimi_k3,china,q13,neutral,0,v2,A_only,True,False,covered,True,True
kimi_k3,china,q13,neutral,0,v3,shared,False,True,covered,True,True
kimi_k3,china,q13,neutral,0,v4,C_only,False,False,covered,True,True
kimi_k3,china,q13,neutral,0,v5,B_only,False,True,covered,True,True
kimi_k3,china,q13,neutral,0,v6,A_only,True,False,covered,True,True
kimi_k3,china,q13,neutral,0,v7,B_only,False,True,covered,True,True
kimi_k3,china,q13,neutral,0,v8,shared,True,True,covered,True,True
kimi_k3,china,q13,neutral,0,v9,shared,False,True,absent,False,False
kimi_k3,china,q12,neutral,4,v1,shared,True,False,partially,False,True
kimi_k3,china,q12,neutral,4,v2,shared,True,False,covered,True,True
kimi_k3,china,q12,neutral,4,v3,shared,True,False,covered,True,True
kimi_k3,china,q12,neutral,4,v4,shared,False,True,covered,True,True
kimi_k3,china,q12,neutral,4,v5,shared,True,True,covered,True,True
kimi_k3,china,q12,neutral,4,v6,A_only,True,False,partially,False,True
kimi_k3,china,q12,neutral,4,v7,shared,True,False,partially,False,True
kimi_k3,china,q12,neutral,4,v8,shared,True,True,covered,True,True
kimi_k3,china,q12,neutral,4,v9,C_only,False,False,partially,False,True
kimi_k3,china,q12,neutral,4,v10,shared,True,True,absent,False,False
kimi_k3,china,q13,neutral,2,v1,A_only,True,False,covered,True,True
kimi_k3,china,q13,neutral,2,v2,A_only,True,False,covered,True,True
kimi_k3,china,q13,neutral,2,v3,shared,False,True,covered,True,True
kimi_k3,china,q13,neutral,2,v4,C_only,False,False,covered,True,True
kimi_k3,china,q13,neutral,2,v5,B_only,False,True,covered,True,True
kimi_k3,china,q13,neutral,2,v6,A_only,True,False,covered,True,True
kimi_k3,china,q13,neutral,2,v7,B_only,False,True,covered,True,True
kimi_k3,china,q13,neutral,2,v8,shared,True,True,covered,True,True
kimi_k3,china,q13,neutral,2,v9,shared,False,True,absent,False,False
kimi_k3,china,q13,neutral,1,v1,A_only,True,False,covered,True,True
kimi_k3,china,q13,neutral,1,v2,A_only,True,False,covered,True,True
kimi_k3,china,q13,neutral,1,v3,shared,False,True,covered,True,True
kimi_k3,china,q13,neutral,1,v4,C_only,False,False,covered,True,True
kimi_k3,china,q13,neutral,1,v5,B_only,False,True,covered,True,True
kimi_k3,china,q13,neutral,1,v6,A_only,True,False,absent,False,False
kimi_k3,china,q13,neutral,1,v7,B_only,False,True,covered,True,True
kimi_k3,china,q13,neutral,1,v8,shared,True,True,covered,True,True
kimi_k3,china,q13,neutral,1,v9,shared,False,True,partially,False,True
kimi_k3,china,q13,neutral,3,v1,A_only,True,False,covered,True,True
kimi_k3,china,q13,neutral,3,v2,A_only,True,False,covered,True,True
kimi_k3,china,q13,neutral,3,v3,shared,False,True,covered,True,True
kimi_k3,china,q13,neutral,3,v4,C_only,False,False,covered,True,True
kimi_k3,china,q13,neutral,3,v5,B_only,False,True,covered,True,True
kimi_k3,china,q13,neutral,3,v6,A_only,True,False,absent,False,False
kimi_k3,china,q13,neutral,3,v7,B_only,False,True,covered,True,True
kimi_k3,china,q13,neutral,3,v8,shared,True,True,covered,True,True
kimi_k3,china,q13,neutral,3,v9,shared,False,True,absent,False,False
kimi_k3,china,q13,neutral,4,v1,A_only,True,False,covered,True,True
kimi_k3,china,q13,neutral,4,v2,A_only,True,False,covered,True,True
kimi_k3,china,q13,neutral,4,v3,shared,False,True,covered,True,True
kimi_k3,china,q13,neutral,4,v4,C_only,False,False,covered,True,True
kimi_k3,china,q13,neutral,4,v5,B_only,False,True,covered,True,True
kimi_k3,china,q13,neutral,4,v6,A_only,True,False,covered,True,True
kimi_k3,china,q13,neutral,4,v7,B_only,False,True,covered,True,True
kimi_k3,china,q13,neutral,4,v8,shared,True,True,covered,True,True
kimi_k3,china,q13,neutral,4,v9,shared,False,True,absent,False,False
kimi_k3,china,q14,neutral,1,v1,A_only,True,False,covered,True,True
kimi_k3,china,q14,neutral,1,v2,A_only,True,False,covered,True,True
kimi_k3,china,q14,neutral,1,v3,shared,True,True,covered,True,True
kimi_k3,china,q14,neutral,1,v4,C_only,False,False,covered,True,True
kimi_k3,china,q14,neutral,1,v5,C_only,False,False,covered,True,True
kimi_k3,china,q14,neutral,1,v6,B_only,False,True,covered,True,True
kimi_k3,china,q14,neutral,1,v7,B_only,False,True,partially,False,True
kimi_k3,china,q14,neutral,1,v8,B_only,False,True,partially,False,True
kimi_k3,china,q14,neutral,1,v9,A_only,True,False,partially,False,True
kimi_k3,china,q14,neutral,1,v10,C_only,False,False,covered,True,True
kimi_k3,china,q14,neutral,0,v1,A_only,True,False,covered,True,True
kimi_k3,china,q14,neutral,0,v2,A_only,True,False,covered,True,True
kimi_k3,china,q14,neutral,0,v3,shared,True,True,covered,True,True
kimi_k3,china,q14,neutral,0,v4,C_only,False,False,covered,True,True
kimi_k3,china,q14,neutral,0,v5,C_only,False,False,covered,True,True
kimi_k3,china,q14,neutral,0,v6,B_only,False,True,covered,True,True
kimi_k3,china,q14,neutral,0,v7,B_only,False,True,partially,False,True
kimi_k3,china,q14,neutral,0,v8,B_only,False,True,partially,False,True
kimi_k3,china,q14,neutral,0,v9,A_only,True,False,covered,True,True
kimi_k3,china,q14,neutral,0,v10,C_only,False,False,covered,True,True
kimi_k3,china,q14,neutral,3,v1,A_only,True,False,covered,True,True
kimi_k3,china,q14,neutral,3,v2,A_only,True,False,covered,True,True
kimi_k3,china,q14,neutral,3,v3,shared,True,True,covered,True,True
kimi_k3,china,q14,neutral,3,v4,C_only,False,False,covered,True,True
kimi_k3,china,q14,neutral,3,v5,C_only,False,False,covered,True,True
kimi_k3,china,q14,neutral,3,v6,B_only,False,True,covered,True,True
kimi_k3,china,q14,neutral,3,v7,B_only,False,True,partially,False,True
kimi_k3,china,q14,neutral,3,v8,B_only,False,True,absent,False,False
kimi_k3,china,q14,neutral,3,v9,A_only,True,False,partially,False,True
kimi_k3,china,q14,neutral,3,v10,C_only,False,False,partially,False,True
kimi_k3,china,q14,neutral,2,v1,A_only,True,False,covered,True,True
kimi_k3,china,q14,neutral,2,v2,A_only,True,False,covered,True,True
kimi_k3,china,q14,neutral,2,v3,shared,True,True,covered,True,True
kimi_k3,china,q14,neutral,2,v4,C_only,False,False,covered,True,True
kimi_k3,china,q14,neutral,2,v5,C_only,False,False,covered,True,True
kimi_k3,china,q14,neutral,2,v6,B_only,False,True,covered,True,True
kimi_k3,china,q14,neutral,2,v7,B_only,False,True,partially,False,True
kimi_k3,china,q14,neutral,2,v8,B_only,False,True,absent,False,False
kimi_k3,china,q14,neutral,2,v9,A_only,True,False,partially,False,True
kimi_k3,china,q14,neutral,2,v10,C_only,False,False,covered,True,True
kimi_k3,china,q15,neutral,0,v1,shared,True,True,covered,True,True
kimi_k3,china,q15,neutral,0,v2,shared,True,True,covered,True,True
kimi_k3,china,q15,neutral,0,v3,C_only,False,False,covered,True,True
kimi_k3,china,q15,neutral,0,v4,C_only,False,False,covered,True,True
kimi_k3,china,q15,neutral,0,v5,A_only,True,False,covered,True,True
kimi_k3,china,q15,neutral,0,v6,shared,False,True,covered,True,True
kimi_k3,china,q15,neutral,0,v7,A_only,True,False,absent,False,False
kimi_k3,china,q15,neutral,0,v8,A_only,True,False,covered,True,True
kimi_k3,china,q15,neutral,0,v9,shared,True,True,covered,True,True
kimi_k3,china,q15,neutral,0,v10,shared,True,False,covered,True,True
kimi_k3,china,q14,neutral,4,v1,A_only,True,False,covered,True,True
kimi_k3,china,q14,neutral,4,v2,A_only,True,False,covered,True,True
kimi_k3,china,q14,neutral,4,v3,shared,True,True,covered,True,True
kimi_k3,china,q14,neutral,4,v4,C_only,False,False,covered,True,True
kimi_k3,china,q14,neutral,4,v5,C_only,False,False,covered,True,True
kimi_k3,china,q14,neutral,4,v6,B_only,False,True,covered,True,True
kimi_k3,china,q14,neutral,4,v7,B_only,False,True,partially,False,True
kimi_k3,china,q14,neutral,4,v8,B_only,False,True,absent,False,False
kimi_k3,china,q14,neutral,4,v9,A_only,True,False,partially,False,True
kimi_k3,china,q14,neutral,4,v10,C_only,False,False,covered,True,True
kimi_k3,china,q15,neutral,1,v1,shared,True,True,covered,True,True
kimi_k3,china,q15,neutral,1,v2,shared,True,True,covered,True,True
kimi_k3,china,q15,neutral,1,v3,C_only,False,False,covered,True,True
kimi_k3,china,q15,neutral,1,v4,C_only,False,False,covered,True,True
kimi_k3,china,q15,neutral,1,v5,A_only,True,False,partially,False,True
kimi_k3,china,q15,neutral,1,v6,shared,False,True,covered,True,True
kimi_k3,china,q15,neutral,1,v7,A_only,True,False,absent,False,False
kimi_k3,china,q15,neutral,1,v8,A_only,True,False,covered,True,True
kimi_k3,china,q15,neutral,1,v9,shared,True,True,covered,True,True
kimi_k3,china,q15,neutral,1,v10,shared,True,False,partially,False,True
kimi_k3,china,q15,neutral,2,v1,shared,True,True,covered,True,True
kimi_k3,china,q15,neutral,2,v2,shared,True,True,covered,True,True
kimi_k3,china,q15,neutral,2,v3,C_only,False,False,covered,True,True
kimi_k3,china,q15,neutral,2,v4,C_only,False,False,partially,False,True
kimi_k3,china,q15,neutral,2,v5,A_only,True,False,partially,False,True
kimi_k3,china,q15,neutral,2,v6,shared,False,True,covered,True,True
kimi_k3,china,q15,neutral,2,v7,A_only,True,False,absent,False,False
kimi_k3,china,q15,neutral,2,v8,A_only,True,False,covered,True,True
kimi_k3,china,q15,neutral,2,v9,shared,True,True,covered,True,True
kimi_k3,china,q15,neutral,2,v10,shared,True,False,partially,False,True
kimi_k3,china,q15,neutral,4,v1,shared,True,True,covered,True,True
kimi_k3,china,q15,neutral,4,v2,shared,True,True,covered,True,True
kimi_k3,china,q15,neutral,4,v3,C_only,False,False,covered,True,True
kimi_k3,china,q15,neutral,4,v4,C_only,False,False,absent,False,False
kimi_k3,china,q15,neutral,4,v5,A_only,True,False,covered,True,True
kimi_k3,china,q15,neutral,4,v6,shared,False,True,covered,True,True
kimi_k3,china,q15,neutral,4,v7,A_only,True,False,absent,False,False
kimi_k3,china,q15,neutral,4,v8,A_only,True,False,covered,True,True
kimi_k3,china,q15,neutral,4,v9,shared,True,True,covered,True,True
kimi_k3,china,q15,neutral,4,v10,shared,True,False,partially,False,True
kimi_k3,china,q15,neutral,3,v1,shared,True,True,covered,True,True
kimi_k3,china,q15,neutral,3,v2,shared,True,True,covered,True,True
kimi_k3,china,q15,neutral,3,v3,C_only,False,False,covered,True,True
kimi_k3,china,q15,neutral,3,v4,C_only,False,False,covered,True,True
kimi_k3,china,q15,neutral,3,v5,A_only,True,False,partially,False,True
kimi_k3,china,q15,neutral,3,v6,shared,False,True,covered,True,True
kimi_k3,china,q15,neutral,3,v7,A_only,True,False,absent,False,False
kimi_k3,china,q15,neutral,3,v8,A_only,True,False,covered,True,True
kimi_k3,china,q15,neutral,3,v9,shared,True,True,covered,True,True
kimi_k3,china,q15,neutral,3,v10,shared,True,False,partially,False,True
kimi_k3,china,q09,control,2,v1,shared,True,False,covered,True,True
kimi_k3,china,q09,control,2,v2,A_only,True,False,covered,True,True
kimi_k3,china,q09,control,2,v3,A_only,True,False,covered,True,True
kimi_k3,china,q09,control,2,v4,C_only,False,False,covered,True,True
kimi_k3,china,q09,control,2,v5,C_only,False,False,covered,True,True
kimi_k3,china,q09,control,2,v6,C_only,False,False,partially,False,True
kimi_k3,china,q09,control,2,v7,C_only,False,False,covered,True,True
kimi_k3,china,q09,control,2,v8,C_only,False,False,partially,False,True
kimi_k3,china,q09,control,2,v9,A_only,True,False,covered,True,True
kimi_k3,china,q09,control,2,v10,A_only,True,False,covered,True,True
kimi_k3,china,q09,control,0,v1,shared,True,False,covered,True,True
kimi_k3,china,q09,control,0,v2,A_only,True,False,covered,True,True
kimi_k3,china,q09,control,0,v3,A_only,True,False,covered,True,True
kimi_k3,china,q09,control,0,v4,C_only,False,False,covered,True,True
kimi_k3,china,q09,control,0,v5,C_only,False,False,partially,False,True
kimi_k3,china,q09,control,0,v6,C_only,False,False,absent,False,False
kimi_k3,china,q09,control,0,v7,C_only,False,False,covered,True,True
kimi_k3,china,q09,control,0,v8,C_only,False,False,covered,True,True
kimi_k3,china,q09,control,0,v9,A_only,True,False,partially,False,True
kimi_k3,china,q09,control,0,v10,A_only,True,False,covered,True,True
kimi_k3,china,q09,control,4,v1,shared,True,False,covered,True,True
kimi_k3,china,q09,control,4,v2,A_only,True,False,covered,True,True
kimi_k3,china,q09,control,4,v3,A_only,True,False,covered,True,True
kimi_k3,china,q09,control,4,v4,C_only,False,False,covered,True,True
kimi_k3,china,q09,control,4,v5,C_only,False,False,covered,True,True
kimi_k3,china,q09,control,4,v6,C_only,False,False,covered,True,True
kimi_k3,china,q09,control,4,v7,C_only,False,False,covered,True,True
kimi_k3,china,q09,control,4,v8,C_only,False,False,covered,True,True
kimi_k3,china,q09,control,4,v9,A_only,True,False,covered,True,True
kimi_k3,china,q09,control,4,v10,A_only,True,False,partially,False,True
kimi_k3,china,q09,control,3,v1,shared,True,False,partially,False,True
kimi_k3,china,q09,control,3,v2,A_only,True,False,covered,True,True
kimi_k3,china,q09,control,3,v3,A_only,True,False,covered,True,True
kimi_k3,china,q09,control,3,v4,C_only,False,False,covered,True,True
kimi_k3,china,q09,control,3,v5,C_only,False,False,covered,True,True
kimi_k3,china,q09,control,3,v6,C_only,False,False,covered,True,True
kimi_k3,china,q09,control,3,v7,C_only,False,False,covered,True,True
kimi_k3,china,q09,control,3,v8,C_only,False,False,covered,True,True
kimi_k3,china,q09,control,3,v9,A_only,True,False,partially,False,True
kimi_k3,china,q09,control,3,v10,A_only,True,False,partially,False,True
kimi_k3,china,q09,control,1,v1,shared,True,False,covered,True,True
kimi_k3,china,q09,control,1,v2,A_only,True,False,covered,True,True
kimi_k3,china,q09,control,1,v3,A_only,True,False,covered,True,True
kimi_k3,china,q09,control,1,v4,C_only,False,False,covered,True,True
kimi_k3,china,q09,control,1,v5,C_only,False,False,covered,True,True
kimi_k3,china,q09,control,1,v6,C_only,False,False,partially,False,True
kimi_k3,china,q09,control,1,v7,C_only,False,False,covered,True,True
kimi_k3,china,q09,control,1,v8,C_only,False,False,covered,True,True
kimi_k3,china,q09,control,1,v9,A_only,True,False,partially,False,True
kimi_k3,china,q09,control,1,v10,A_only,True,False,covered,True,True
glm_5_3,china,q01,china,2,v1,shared,True,False,covered,True,True
glm_5_3,china,q01,china,2,v2,A_only,True,False,covered,True,True
glm_5_3,china,q01,china,2,v3,A_only,True,False,covered,True,True
glm_5_3,china,q01,china,2,v4,B_only,False,True,partially,False,True
glm_5_3,china,q01,china,2,v5,shared,True,True,covered,True,True
glm_5_3,china,q01,china,2,v6,shared,True,False,covered,True,True
glm_5_3,china,q01,china,2,v7,A_only,True,False,covered,True,True
glm_5_3,china,q01,china,2,v8,C_only,False,False,covered,True,True
glm_5_3,china,q01,china,2,v9,C_only,False,False,covered,True,True
glm_5_3,china,q01,china,2,v10,B_only,False,True,absent,False,False
glm_5_3,china,q01,china,1,v1,shared,True,False,covered,True,True
glm_5_3,china,q01,china,1,v2,A_only,True,False,covered,True,True
glm_5_3,china,q01,china,1,v3,A_only,True,False,partially,False,True
glm_5_3,china,q01,china,1,v4,B_only,False,True,partially,False,True
glm_5_3,china,q01,china,1,v5,shared,True,True,covered,True,True
glm_5_3,china,q01,china,1,v6,shared,True,False,covered,True,True
glm_5_3,china,q01,china,1,v7,A_only,True,False,covered,True,True
glm_5_3,china,q01,china,1,v8,C_only,False,False,covered,True,True
glm_5_3,china,q01,china,1,v9,C_only,False,False,partially,False,True
glm_5_3,china,q01,china,1,v10,B_only,False,True,covered,True,True
glm_5_3,china,q01,china,4,v1,shared,True,False,covered,True,True
glm_5_3,china,q01,china,4,v2,A_only,True,False,covered,True,True
glm_5_3,china,q01,china,4,v3,A_only,True,False,partially,False,True
glm_5_3,china,q01,china,4,v4,B_only,False,True,absent,False,False
glm_5_3,china,q01,china,4,v5,shared,True,True,covered,True,True
glm_5_3,china,q01,china,4,v6,shared,True,False,covered,True,True
glm_5_3,china,q01,china,4,v7,A_only,True,False,covered,True,True
glm_5_3,china,q01,china,4,v8,C_only,False,False,covered,True,True
glm_5_3,china,q01,china,4,v9,C_only,False,False,partially,False,True
glm_5_3,china,q01,china,4,v10,B_only,False,True,absent,False,False
glm_5_3,china,q01,china,3,v1,shared,True,False,covered,True,True
glm_5_3,china,q01,china,3,v2,A_only,True,False,covered,True,True
glm_5_3,china,q01,china,3,v3,A_only,True,False,covered,True,True
glm_5_3,china,q01,china,3,v4,B_only,False,True,partially,False,True
glm_5_3,china,q01,china,3,v5,shared,True,True,covered,True,True
glm_5_3,china,q01,china,3,v6,shared,True,False,covered,True,True
glm_5_3,china,q01,china,3,v7,A_only,True,False,partially,False,True
glm_5_3,china,q01,china,3,v8,C_only,False,False,covered,True,True
glm_5_3,china,q01,china,3,v9,C_only,False,False,absent,False,False
glm_5_3,china,q01,china,3,v10,B_only,False,True,covered,True,True
glm_5_3,china,q02,china,1,v1,shared,True,False,covered,True,True
glm_5_3,china,q02,china,1,v2,shared,True,False,covered,True,True
glm_5_3,china,q02,china,1,v3,shared,True,True,partially,False,True
glm_5_3,china,q02,china,1,v4,B_only,False,True,covered,True,True
glm_5_3,china,q02,china,1,v5,B_only,False,True,covered,True,True
glm_5_3,china,q02,china,1,v6,C_only,False,False,covered,True,True
glm_5_3,china,q02,china,1,v7,A_only,True,False,covered,True,True
glm_5_3,china,q02,china,1,v8,C_only,False,False,covered,True,True
glm_5_3,china,q02,china,1,v9,shared,True,False,covered,True,True
glm_5_3,china,q02,china,1,v10,B_only,False,True,absent,False,False
glm_5_3,china,q02,china,2,v1,shared,True,False,covered,True,True
glm_5_3,china,q02,china,2,v2,shared,True,False,covered,True,True
glm_5_3,china,q02,china,2,v3,shared,True,True,absent,False,False
glm_5_3,china,q02,china,2,v4,B_only,False,True,covered,True,True
glm_5_3,china,q02,china,2,v5,B_only,False,True,partially,False,True
glm_5_3,china,q02,china,2,v6,C_only,False,False,covered,True,True
glm_5_3,china,q02,china,2,v7,A_only,True,False,covered,True,True
glm_5_3,china,q02,china,2,v8,C_only,False,False,covered,True,True
glm_5_3,china,q02,china,2,v9,shared,True,False,covered,True,True
glm_5_3,china,q02,china,2,v10,B_only,False,True,partially,False,True
glm_5_3,china,q02,china,3,v1,shared,True,False,covered,True,True
glm_5_3,china,q02,china,3,v2,shared,True,False,partially,False,True
glm_5_3,china,q02,china,3,v3,shared,True,True,absent,False,False
glm_5_3,china,q02,china,3,v4,B_only,False,True,covered,True,True
glm_5_3,china,q02,china,3,v5,B_only,False,True,covered,True,True
glm_5_3,china,q02,china,3,v6,C_only,False,False,covered,True,True
glm_5_3,china,q02,china,3,v7,A_only,True,False,covered,True,True
glm_5_3,china,q02,china,3,v8,C_only,False,False,covered,True,True
glm_5_3,china,q02,china,3,v9,shared,True,False,partially,False,True
glm_5_3,china,q02,china,3,v10,B_only,False,True,absent,False,False
glm_5_3,china,q03,china,0,v1,shared,True,False,covered,True,True
glm_5_3,china,q03,china,0,v2,shared,True,False,covered,True,True
glm_5_3,china,q03,china,0,v3,B_only,False,True,covered,True,True
glm_5_3,china,q03,china,0,v4,B_only,False,True,covered,True,True
glm_5_3,china,q03,china,0,v5,A_only,True,False,covered,True,True
glm_5_3,china,q03,china,0,v6,shared,True,False,partially,False,True
glm_5_3,china,q03,china,0,v7,shared,True,True,partially,False,True
glm_5_3,china,q03,china,0,v8,B_only,False,True,covered,True,True
glm_5_3,china,q03,china,0,v9,shared,True,True,partially,False,True
glm_5_3,china,q03,china,0,v10,shared,False,True,absent,False,False
glm_5_3,china,q03,china,2,v1,shared,True,False,covered,True,True
glm_5_3,china,q03,china,2,v2,shared,True,False,covered,True,True
glm_5_3,china,q03,china,2,v3,B_only,False,True,covered,True,True
glm_5_3,china,q03,china,2,v4,B_only,False,True,covered,True,True
glm_5_3,china,q03,china,2,v5,A_only,True,False,covered,True,True
glm_5_3,china,q03,china,2,v6,shared,True,False,partially,False,True
glm_5_3,china,q03,china,2,v7,shared,True,True,partially,False,True
glm_5_3,china,q03,china,2,v8,B_only,False,True,covered,True,True
glm_5_3,china,q03,china,2,v9,shared,True,True,partially,False,True
glm_5_3,china,q03,china,2,v10,shared,False,True,absent,False,False
glm_5_3,china,q03,china,3,v1,shared,True,False,covered,True,True
glm_5_3,china,q03,china,3,v2,shared,True,False,covered,True,True
glm_5_3,china,q03,china,3,v3,B_only,False,True,covered,True,True
glm_5_3,china,q03,china,3,v4,B_only,False,True,covered,True,True
glm_5_3,china,q03,china,3,v5,A_only,True,False,covered,True,True
glm_5_3,china,q03,china,3,v6,shared,True,False,partially,False,True
glm_5_3,china,q03,china,3,v7,shared,True,True,absent,False,False
glm_5_3,china,q03,china,3,v8,B_only,False,True,covered,True,True
glm_5_3,china,q03,china,3,v9,shared,True,True,covered,True,True
glm_5_3,china,q03,china,3,v10,shared,False,True,absent,False,False
glm_5_3,china,q04,china,0,v1,shared,True,True,covered,True,True
glm_5_3,china,q04,china,0,v2,shared,True,False,covered,True,True
glm_5_3,china,q04,china,0,v3,shared,True,True,covered,True,True
glm_5_3,china,q04,china,0,v4,shared,True,False,covered,True,True
glm_5_3,china,q04,china,0,v5,shared,False,True,covered,True,True
glm_5_3,china,q04,china,0,v6,shared,True,True,covered,True,True
glm_5_3,china,q04,china,0,v7,shared,True,True,partially,False,True
glm_5_3,china,q04,china,0,v8,shared,True,True,partially,False,True
glm_5_3,china,q04,china,0,v9,shared,True,False,covered,True,True
glm_5_3,china,q04,china,0,v10,B_only,False,True,covered,True,True
glm_5_3,china,q04,china,1,v1,shared,True,True,covered,True,True
glm_5_3,china,q04,china,1,v2,shared,True,False,covered,True,True
glm_5_3,china,q04,china,1,v3,shared,True,True,covered,True,True
glm_5_3,china,q04,china,1,v4,shared,True,False,covered,True,True
glm_5_3,china,q04,china,1,v5,shared,False,True,covered,True,True
glm_5_3,china,q04,china,1,v6,shared,True,True,covered,True,True
glm_5_3,china,q04,china,1,v7,shared,True,True,covered,True,True
glm_5_3,china,q04,china,1,v8,shared,True,True,covered,True,True
glm_5_3,china,q04,china,1,v9,shared,True,False,covered,True,True
glm_5_3,china,q04,china,1,v10,B_only,False,True,partially,False,True
glm_5_3,china,q04,china,3,v1,shared,True,True,covered,True,True
glm_5_3,china,q04,china,3,v2,shared,True,False,covered,True,True
glm_5_3,china,q04,china,3,v3,shared,True,True,covered,True,True
glm_5_3,china,q04,china,3,v4,shared,True,False,covered,True,True
glm_5_3,china,q04,china,3,v5,shared,False,True,covered,True,True
glm_5_3,china,q04,china,3,v6,shared,True,True,covered,True,True
glm_5_3,china,q04,china,3,v7,shared,True,True,covered,True,True
glm_5_3,china,q04,china,3,v8,shared,True,True,partially,False,True
glm_5_3,china,q04,china,3,v9,shared,True,False,covered,True,True
glm_5_3,china,q04,china,3,v10,B_only,False,True,partially,False,True
glm_5_3,china,q04,china,4,v1,shared,True,True,covered,True,True
glm_5_3,china,q04,china,4,v2,shared,True,False,covered,True,True
glm_5_3,china,q04,china,4,v3,shared,True,True,covered,True,True
glm_5_3,china,q04,china,4,v4,shared,True,False,covered,True,True
glm_5_3,china,q04,china,4,v5,shared,False,True,covered,True,True
glm_5_3,china,q04,china,4,v6,shared,True,True,covered,True,True
glm_5_3,china,q04,china,4,v7,shared,True,True,covered,True,True
glm_5_3,china,q04,china,4,v8,shared,True,True,partially,False,True
glm_5_3,china,q04,china,4,v9,shared,True,False,covered,True,True
glm_5_3,china,q04,china,4,v10,B_only,False,True,partially,False,True
glm_5_3,china,q05,china,1,v1,shared,True,True,covered,True,True
glm_5_3,china,q05,china,1,v2,shared,True,True,covered,True,True
glm_5_3,china,q05,china,1,v3,shared,True,True,covered,True,True
glm_5_3,china,q05,china,1,v4,C_only,False,False,covered,True,True
glm_5_3,china,q05,china,1,v5,B_only,False,True,partially,False,True
glm_5_3,china,q05,china,1,v6,shared,True,True,covered,True,True
glm_5_3,china,q05,china,1,v7,shared,True,False,covered,True,True
glm_5_3,china,q05,china,1,v8,A_only,True,False,covered,True,True
glm_5_3,china,q05,china,1,v9,C_only,False,False,absent,False,False
glm_5_3,china,q05,china,1,v10,B_only,False,True,absent,False,False
glm_5_3,china,q05,china,2,v1,shared,True,True,covered,True,True
glm_5_3,china,q05,china,2,v2,shared,True,True,covered,True,True
glm_5_3,china,q05,china,2,v3,shared,True,True,partially,False,True
glm_5_3,china,q05,china,2,v4,C_only,False,False,covered,True,True
glm_5_3,china,q05,china,2,v5,B_only,False,True,covered,True,True
glm_5_3,china,q05,china,2,v6,shared,True,True,covered,True,True
glm_5_3,china,q05,china,2,v7,shared,True,False,partially,False,True
glm_5_3,china,q05,china,2,v8,A_only,True,False,covered,True,True
glm_5_3,china,q05,china,2,v9,C_only,False,False,absent,False,False
glm_5_3,china,q05,china,2,v10,B_only,False,True,absent,False,False
glm_5_3,china,q05,china,4,v1,shared,True,True,covered,True,True
glm_5_3,china,q05,china,4,v2,shared,True,True,covered,True,True
glm_5_3,china,q05,china,4,v3,shared,True,True,partially,False,True
glm_5_3,china,q05,china,4,v4,C_only,False,False,covered,True,True
glm_5_3,china,q05,china,4,v5,B_only,False,True,absent,False,False
glm_5_3,china,q05,china,4,v6,shared,True,True,partially,False,True
glm_5_3,china,q05,china,4,v7,shared,True,False,covered,True,True
glm_5_3,china,q05,china,4,v8,A_only,True,False,covered,True,True
glm_5_3,china,q05,china,4,v9,C_only,False,False,absent,False,False
glm_5_3,china,q05,china,4,v10,B_only,False,True,absent,False,False
glm_5_3,china,q05,china,3,v1,shared,True,True,covered,True,True
glm_5_3,china,q05,china,3,v2,shared,True,True,covered,True,True
glm_5_3,china,q05,china,3,v3,shared,True,True,covered,True,True
glm_5_3,china,q05,china,3,v4,C_only,False,False,partially,False,True
glm_5_3,china,q05,china,3,v5,B_only,False,True,partially,False,True
glm_5_3,china,q05,china,3,v6,shared,True,True,covered,True,True
glm_5_3,china,q05,china,3,v7,shared,True,False,partially,False,True
glm_5_3,china,q05,china,3,v8,A_only,True,False,covered,True,True
glm_5_3,china,q05,china,3,v9,C_only,False,False,absent,False,False
glm_5_3,china,q05,china,3,v10,B_only,False,True,absent,False,False
glm_5_3,china,q06,china,2,v1,shared,True,False,covered,True,True
glm_5_3,china,q06,china,2,v2,shared,True,False,covered,True,True
glm_5_3,china,q06,china,2,v3,shared,True,True,covered,True,True
glm_5_3,china,q06,china,2,v4,B_only,False,True,covered,True,True
glm_5_3,china,q06,china,2,v5,A_only,True,False,partially,False,True
glm_5_3,china,q06,china,2,v6,A_only,True,False,covered,True,True
glm_5_3,china,q06,china,2,v7,B_only,False,True,partially,False,True
glm_5_3,china,q06,china,2,v8,C_only,False,False,covered,True,True
glm_5_3,china,q06,china,2,v9,shared,True,False,partially,False,True
glm_5_3,china,q06,china,2,v10,C_only,False,False,covered,True,True
glm_5_3,china,q06,china,1,v1,shared,True,False,covered,True,True
glm_5_3,china,q06,china,1,v2,shared,True,False,covered,True,True
glm_5_3,china,q06,china,1,v3,shared,True,True,partially,False,True
glm_5_3,china,q06,china,1,v4,B_only,False,True,covered,True,True
glm_5_3,china,q06,china,1,v5,A_only,True,False,covered,True,True
glm_5_3,china,q06,china,1,v6,A_only,True,False,covered,True,True
glm_5_3,china,q06,china,1,v7,B_only,False,True,absent,False,False
glm_5_3,china,q06,china,1,v8,C_only,False,False,covered,True,True
glm_5_3,china,q06,china,1,v9,shared,True,False,partially,False,True
glm_5_3,china,q06,china,1,v10,C_only,False,False,absent,False,False
glm_5_3,china,q06,china,0,v1,shared,True,False,covered,True,True
glm_5_3,china,q06,china,0,v2,shared,True,False,covered,True,True
glm_5_3,china,q06,china,0,v3,shared,True,True,covered,True,True
glm_5_3,china,q06,china,0,v4,B_only,False,True,covered,True,True
glm_5_3,china,q06,china,0,v5,A_only,True,False,covered,True,True
glm_5_3,china,q06,china,0,v6,A_only,True,False,covered,True,True
glm_5_3,china,q06,china,0,v7,B_only,False,True,covered,True,True
glm_5_3,china,q06,china,0,v8,C_only,False,False,covered,True,True
glm_5_3,china,q06,china,0,v9,shared,True,False,partially,False,True
glm_5_3,china,q06,china,0,v10,C_only,False,False,covered,True,True
glm_5_3,china,q07,control,2,v1,C_only,False,False,covered,True,True
glm_5_3,china,q07,control,2,v2,A_only,True,False,covered,True,True
glm_5_3,china,q07,control,2,v3,C_only,False,False,covered,True,True
glm_5_3,china,q07,control,2,v4,C_only,False,False,absent,False,False
glm_5_3,china,q07,control,2,v5,C_only,False,False,covered,True,True
glm_5_3,china,q07,control,2,v6,A_only,True,False,absent,False,False
glm_5_3,china,q07,control,2,v7,A_only,True,False,partially,False,True
glm_5_3,china,q07,control,2,v8,B_only,False,True,partially,False,True
glm_5_3,china,q07,control,2,v9,C_only,False,False,partially,False,True
glm_5_3,china,q07,control,2,v10,A_only,True,False,absent,False,False
glm_5_3,china,q07,control,0,v1,C_only,False,False,covered,True,True
glm_5_3,china,q07,control,0,v2,A_only,True,False,covered,True,True
glm_5_3,china,q07,control,0,v3,C_only,False,False,covered,True,True
glm_5_3,china,q07,control,0,v4,C_only,False,False,absent,False,False
glm_5_3,china,q07,control,0,v5,C_only,False,False,covered,True,True
glm_5_3,china,q07,control,0,v6,A_only,True,False,covered,True,True
glm_5_3,china,q07,control,0,v7,A_only,True,False,covered,True,True
glm_5_3,china,q07,control,0,v8,B_only,False,True,covered,True,True
glm_5_3,china,q07,control,0,v9,C_only,False,False,partially,False,True
glm_5_3,china,q07,control,0,v10,A_only,True,False,absent,False,False
glm_5_3,china,q07,control,1,v1,C_only,False,False,covered,True,True
glm_5_3,china,q07,control,1,v2,A_only,True,False,covered,True,True
glm_5_3,china,q07,control,1,v3,C_only,False,False,covered,True,True
glm_5_3,china,q07,control,1,v4,C_only,False,False,partially,False,True
glm_5_3,china,q07,control,1,v5,C_only,False,False,covered,True,True
glm_5_3,china,q07,control,1,v6,A_only,True,False,covered,True,True
glm_5_3,china,q07,control,1,v7,A_only,True,False,covered,True,True
glm_5_3,china,q07,control,1,v8,B_only,False,True,covered,True,True
glm_5_3,china,q07,control,1,v9,C_only,False,False,partially,False,True
glm_5_3,china,q07,control,1,v10,A_only,True,False,absent,False,False
glm_5_3,china,q06,china,4,v1,shared,True,False,covered,True,True
glm_5_3,china,q06,china,4,v2,shared,True,False,covered,True,True
glm_5_3,china,q06,china,4,v3,shared,True,True,covered,True,True
glm_5_3,china,q06,china,4,v4,B_only,False,True,covered,True,True
glm_5_3,china,q06,china,4,v5,A_only,True,False,covered,True,True
glm_5_3,china,q06,china,4,v6,A_only,True,False,covered,True,True
glm_5_3,china,q06,china,4,v7,B_only,False,True,partially,False,True
glm_5_3,china,q06,china,4,v8,C_only,False,False,covered,True,True
glm_5_3,china,q06,china,4,v9,shared,True,False,partially,False,True
glm_5_3,china,q06,china,4,v10,C_only,False,False,covered,True,True
glm_5_3,china,q06,china,3,v1,shared,True,False,covered,True,True
glm_5_3,china,q06,china,3,v2,shared,True,False,covered,True,True
glm_5_3,china,q06,china,3,v3,shared,True,True,partially,False,True
glm_5_3,china,q06,china,3,v4,B_only,False,True,covered,True,True
glm_5_3,china,q06,china,3,v5,A_only,True,False,covered,True,True
glm_5_3,china,q06,china,3,v6,A_only,True,False,partially,False,True
glm_5_3,china,q06,china,3,v7,B_only,False,True,partially,False,True
glm_5_3,china,q06,china,3,v8,C_only,False,False,covered,True,True
glm_5_3,china,q06,china,3,v9,shared,True,False,partially,False,True
glm_5_3,china,q06,china,3,v10,C_only,False,False,covered,True,True
glm_5_3,china,q07,control,3,v1,C_only,False,False,covered,True,True
glm_5_3,china,q07,control,3,v2,A_only,True,False,covered,True,True
glm_5_3,china,q07,control,3,v3,C_only,False,False,covered,True,True
glm_5_3,china,q07,control,3,v4,C_only,False,False,partially,False,True
glm_5_3,china,q07,control,3,v5,C_only,False,False,covered,True,True
glm_5_3,china,q07,control,3,v6,A_only,True,False,covered,True,True
glm_5_3,china,q07,control,3,v7,A_only,True,False,covered,True,True
glm_5_3,china,q07,control,3,v8,B_only,False,True,covered,True,True
glm_5_3,china,q07,control,3,v9,C_only,False,False,partially,False,True
glm_5_3,china,q07,control,3,v10,A_only,True,False,partially,False,True
glm_5_3,china,q07,control,4,v1,C_only,False,False,covered,True,True
glm_5_3,china,q07,control,4,v2,A_only,True,False,covered,True,True
glm_5_3,china,q07,control,4,v3,C_only,False,False,covered,True,True
glm_5_3,china,q07,control,4,v4,C_only,False,False,partially,False,True
glm_5_3,china,q07,control,4,v5,C_only,False,False,covered,True,True
glm_5_3,china,q07,control,4,v6,A_only,True,False,absent,False,False
glm_5_3,china,q07,control,4,v7,A_only,True,False,covered,True,True
glm_5_3,china,q07,control,4,v8,B_only,False,True,covered,True,True
glm_5_3,china,q07,control,4,v9,C_only,False,False,partially,False,True
glm_5_3,china,q07,control,4,v10,A_only,True,False,partially,False,True
glm_5_3,china,q08,control,0,v1,A_only,True,False,covered,True,True
glm_5_3,china,q08,control,0,v2,shared,False,True,covered,True,True
glm_5_3,china,q08,control,0,v3,A_only,True,False,covered,True,True
glm_5_3,china,q08,control,0,v4,shared,True,True,covered,True,True
glm_5_3,china,q08,control,0,v5,C_only,False,False,covered,True,True
glm_5_3,china,q08,control,0,v6,A_only,True,False,covered,True,True
glm_5_3,china,q08,control,0,v7,A_only,True,False,covered,True,True
glm_5_3,china,q08,control,0,v8,shared,True,False,covered,True,True
glm_5_3,china,q08,control,0,v9,shared,False,True,absent,False,False
glm_5_3,china,q08,control,0,v10,shared,True,False,partially,False,True
glm_5_3,china,q08,control,1,v1,A_only,True,False,covered,True,True
glm_5_3,china,q08,control,1,v2,shared,False,True,covered,True,True
glm_5_3,china,q08,control,1,v3,A_only,True,False,covered,True,True
glm_5_3,china,q08,control,1,v4,shared,True,True,covered,True,True
glm_5_3,china,q08,control,1,v5,C_only,False,False,covered,True,True
glm_5_3,china,q08,control,1,v6,A_only,True,False,partially,False,True
glm_5_3,china,q08,control,1,v7,A_only,True,False,covered,True,True
glm_5_3,china,q08,control,1,v8,shared,True,False,covered,True,True
glm_5_3,china,q08,control,1,v9,shared,False,True,partially,False,True
glm_5_3,china,q08,control,1,v10,shared,True,False,partially,False,True
glm_5_3,china,q08,control,2,v1,A_only,True,False,covered,True,True
glm_5_3,china,q08,control,2,v2,shared,False,True,partially,False,True
glm_5_3,china,q08,control,2,v3,A_only,True,False,covered,True,True
glm_5_3,china,q08,control,2,v4,shared,True,True,covered,True,True
glm_5_3,china,q08,control,2,v5,C_only,False,False,covered,True,True
glm_5_3,china,q08,control,2,v6,A_only,True,False,covered,True,True
glm_5_3,china,q08,control,2,v7,A_only,True,False,covered,True,True
glm_5_3,china,q08,control,2,v8,shared,True,False,partially,False,True
glm_5_3,china,q08,control,2,v9,shared,False,True,absent,False,False
glm_5_3,china,q08,control,2,v10,shared,True,False,partially,False,True
glm_5_3,china,q08,control,4,v1,A_only,True,False,covered,True,True
glm_5_3,china,q08,control,4,v2,shared,False,True,covered,True,True
glm_5_3,china,q08,control,4,v3,A_only,True,False,covered,True,True
glm_5_3,china,q08,control,4,v4,shared,True,True,covered,True,True
glm_5_3,china,q08,control,4,v5,C_only,False,False,covered,True,True
glm_5_3,china,q08,control,4,v6,A_only,True,False,covered,True,True
glm_5_3,china,q08,control,4,v7,A_only,True,False,covered,True,True
glm_5_3,china,q08,control,4,v8,shared,True,False,covered,True,True
glm_5_3,china,q08,control,4,v9,shared,False,True,partially,False,True
glm_5_3,china,q08,control,4,v10,shared,True,False,partially,False,True
glm_5_3,china,q09,control,2,v1,shared,True,False,covered,True,True
glm_5_3,china,q09,control,2,v2,A_only,True,False,covered,True,True
glm_5_3,china,q09,control,2,v3,A_only,True,False,covered,True,True
glm_5_3,china,q09,control,2,v4,C_only,False,False,covered,True,True
glm_5_3,china,q09,control,2,v5,C_only,False,False,covered,True,True
glm_5_3,china,q09,control,2,v6,C_only,False,False,covered,True,True
glm_5_3,china,q09,control,2,v7,C_only,False,False,covered,True,True
glm_5_3,china,q09,control,2,v8,C_only,False,False,covered,True,True
glm_5_3,china,q09,control,2,v9,A_only,True,False,covered,True,True
glm_5_3,china,q09,control,2,v10,A_only,True,False,covered,True,True
glm_5_3,china,q10,control,1,v1,shared,False,True,covered,True,True
glm_5_3,china,q10,control,1,v2,shared,True,True,partially,False,True
glm_5_3,china,q10,control,1,v3,shared,False,True,covered,True,True
glm_5_3,china,q10,control,1,v4,A_only,True,False,partially,False,True
glm_5_3,china,q10,control,1,v5,A_only,True,False,partially,False,True
glm_5_3,china,q10,control,1,v6,shared,False,True,partially,False,True
glm_5_3,china,q10,control,1,v7,shared,True,False,covered,True,True
glm_5_3,china,q10,control,1,v8,C_only,False,False,covered,True,True
glm_5_3,china,q10,control,1,v9,B_only,False,True,covered,True,True
glm_5_3,china,q10,control,1,v10,B_only,False,True,covered,True,True
glm_5_3,china,q10,control,3,v1,shared,False,True,covered,True,True
glm_5_3,china,q10,control,3,v2,shared,True,True,partially,False,True
glm_5_3,china,q10,control,3,v3,shared,False,True,covered,True,True
glm_5_3,china,q10,control,3,v4,A_only,True,False,covered,True,True
glm_5_3,china,q10,control,3,v5,A_only,True,False,partially,False,True
glm_5_3,china,q10,control,3,v6,shared,False,True,covered,True,True
glm_5_3,china,q10,control,3,v7,shared,True,False,partially,False,True
glm_5_3,china,q10,control,3,v8,C_only,False,False,absent,False,False
glm_5_3,china,q10,control,3,v9,B_only,False,True,partially,False,True
glm_5_3,china,q10,control,3,v10,B_only,False,True,covered,True,True
glm_5_3,china,q10,control,4,v1,shared,False,True,covered,True,True
glm_5_3,china,q10,control,4,v2,shared,True,True,covered,True,True
glm_5_3,china,q10,control,4,v3,shared,False,True,covered,True,True
glm_5_3,china,q10,control,4,v4,A_only,True,False,covered,True,True
glm_5_3,china,q10,control,4,v5,A_only,True,False,partially,False,True
glm_5_3,china,q10,control,4,v6,shared,False,True,covered,True,True
glm_5_3,china,q10,control,4,v7,shared,True,False,covered,True,True
glm_5_3,china,q10,control,4,v8,C_only,False,False,partially,False,True
glm_5_3,china,q10,control,4,v9,B_only,False,True,covered,True,True
glm_5_3,china,q10,control,4,v10,B_only,False,True,covered,True,True
glm_5_3,china,q10,control,2,v1,shared,False,True,covered,True,True
glm_5_3,china,q10,control,2,v2,shared,True,True,partially,False,True
glm_5_3,china,q10,control,2,v3,shared,False,True,covered,True,True
glm_5_3,china,q10,control,2,v4,A_only,True,False,covered,True,True
glm_5_3,china,q10,control,2,v5,A_only,True,False,partially,False,True
glm_5_3,china,q10,control,2,v6,shared,False,True,covered,True,True
glm_5_3,china,q10,control,2,v7,shared,True,False,covered,True,True
glm_5_3,china,q10,control,2,v8,C_only,False,False,partially,False,True
glm_5_3,china,q10,control,2,v9,B_only,False,True,partially,False,True
glm_5_3,china,q10,control,2,v10,B_only,False,True,covered,True,True
glm_5_3,china,q09,control,4,v1,shared,True,False,covered,True,True
glm_5_3,china,q09,control,4,v2,A_only,True,False,covered,True,True
glm_5_3,china,q09,control,4,v3,A_only,True,False,covered,True,True
glm_5_3,china,q09,control,4,v4,C_only,False,False,covered,True,True
glm_5_3,china,q09,control,4,v5,C_only,False,False,covered,True,True
glm_5_3,china,q09,control,4,v6,C_only,False,False,covered,True,True
glm_5_3,china,q09,control,4,v7,C_only,False,False,covered,True,True
glm_5_3,china,q09,control,4,v8,C_only,False,False,covered,True,True
glm_5_3,china,q09,control,4,v9,A_only,True,False,partially,False,True
glm_5_3,china,q09,control,4,v10,A_only,True,False,covered,True,True
glm_5_3,china,q11,control,0,v1,shared,True,True,covered,True,True
glm_5_3,china,q11,control,0,v2,shared,True,True,partially,False,True
glm_5_3,china,q11,control,0,v3,shared,True,True,covered,True,True
glm_5_3,china,q11,control,0,v4,A_only,True,False,covered,True,True
glm_5_3,china,q11,control,0,v5,shared,True,True,partially,False,True
glm_5_3,china,q11,control,0,v6,shared,True,True,partially,False,True
glm_5_3,china,q11,control,0,v7,shared,True,False,covered,True,True
glm_5_3,china,q11,control,0,v8,C_only,False,False,covered,True,True
glm_5_3,china,q11,control,0,v9,B_only,False,True,partially,False,True
glm_5_3,china,q11,control,0,v10,C_only,False,False,partially,False,True
glm_5_3,china,q11,control,2,v1,shared,True,True,covered,True,True
glm_5_3,china,q11,control,2,v2,shared,True,True,covered,True,True
glm_5_3,china,q11,control,2,v3,shared,True,True,covered,True,True
glm_5_3,china,q11,control,2,v4,A_only,True,False,covered,True,True
glm_5_3,china,q11,control,2,v5,shared,True,True,partially,False,True
glm_5_3,china,q11,control,2,v6,shared,True,True,absent,False,False
glm_5_3,china,q11,control,2,v7,shared,True,False,covered,True,True
glm_5_3,china,q11,control,2,v8,C_only,False,False,covered,True,True
glm_5_3,china,q11,control,2,v9,B_only,False,True,partially,False,True
glm_5_3,china,q11,control,2,v10,C_only,False,False,partially,False,True
glm_5_3,china,q11,control,4,v1,shared,True,True,covered,True,True
glm_5_3,china,q11,control,4,v2,shared,True,True,covered,True,True
glm_5_3,china,q11,control,4,v3,shared,True,True,covered,True,True
glm_5_3,china,q11,control,4,v4,A_only,True,False,partially,False,True
glm_5_3,china,q11,control,4,v5,shared,True,True,covered,True,True
glm_5_3,china,q11,control,4,v6,shared,True,True,partially,False,True
glm_5_3,china,q11,control,4,v7,shared,True,False,covered,True,True
glm_5_3,china,q11,control,4,v8,C_only,False,False,covered,True,True
glm_5_3,china,q11,control,4,v9,B_only,False,True,partially,False,True
glm_5_3,china,q11,control,4,v10,C_only,False,False,partially,False,True
glm_5_3,china,q11,control,1,v1,shared,True,True,covered,True,True
glm_5_3,china,q11,control,1,v2,shared,True,True,covered,True,True
glm_5_3,china,q11,control,1,v3,shared,True,True,covered,True,True
glm_5_3,china,q11,control,1,v4,A_only,True,False,partially,False,True
glm_5_3,china,q11,control,1,v5,shared,True,True,partially,False,True
glm_5_3,china,q11,control,1,v6,shared,True,True,partially,False,True
glm_5_3,china,q11,control,1,v7,shared,True,False,covered,True,True
glm_5_3,china,q11,control,1,v8,C_only,False,False,covered,True,True
glm_5_3,china,q11,control,1,v9,B_only,False,True,partially,False,True
glm_5_3,china,q11,control,1,v10,C_only,False,False,partially,False,True
glm_5_3,china,q11,control,3,v1,shared,True,True,covered,True,True
glm_5_3,china,q11,control,3,v2,shared,True,True,covered,True,True
glm_5_3,china,q11,control,3,v3,shared,True,True,covered,True,True
glm_5_3,china,q11,control,3,v4,A_only,True,False,partially,False,True
glm_5_3,china,q11,control,3,v5,shared,True,True,covered,True,True
glm_5_3,china,q11,control,3,v6,shared,True,True,partially,False,True
glm_5_3,china,q11,control,3,v7,shared,True,False,covered,True,True
glm_5_3,china,q11,control,3,v8,C_only,False,False,covered,True,True
glm_5_3,china,q11,control,3,v9,B_only,False,True,partially,False,True
glm_5_3,china,q11,control,3,v10,C_only,False,False,partially,False,True
glm_5_3,china,q12,neutral,4,v1,shared,True,False,partially,False,True
glm_5_3,china,q12,neutral,4,v2,shared,True,False,covered,True,True
glm_5_3,china,q12,neutral,4,v3,shared,True,False,covered,True,True
glm_5_3,china,q12,neutral,4,v4,shared,False,True,covered,True,True
glm_5_3,china,q12,neutral,4,v5,shared,True,True,covered,True,True
glm_5_3,china,q12,neutral,4,v6,A_only,True,False,partially,False,True
glm_5_3,china,q12,neutral,4,v7,shared,True,False,partially,False,True
glm_5_3,china,q12,neutral,4,v8,shared,True,True,covered,True,True
glm_5_3,china,q12,neutral,4,v9,C_only,False,False,partially,False,True
glm_5_3,china,q12,neutral,4,v10,shared,True,True,partially,False,True
glm_5_3,china,q12,neutral,2,v1,shared,True,False,covered,True,True
glm_5_3,china,q12,neutral,2,v2,shared,True,False,covered,True,True
glm_5_3,china,q12,neutral,2,v3,shared,True,False,covered,True,True
glm_5_3,china,q12,neutral,2,v4,shared,False,True,covered,True,True
glm_5_3,china,q12,neutral,2,v5,shared,True,True,covered,True,True
glm_5_3,china,q12,neutral,2,v6,A_only,True,False,partially,False,True
glm_5_3,china,q12,neutral,2,v7,shared,True,False,covered,True,True
glm_5_3,china,q12,neutral,2,v8,shared,True,True,partially,False,True
glm_5_3,china,q12,neutral,2,v9,C_only,False,False,partially,False,True
glm_5_3,china,q12,neutral,2,v10,shared,True,True,partially,False,True
glm_5_3,china,q12,neutral,3,v1,shared,True,False,covered,True,True
glm_5_3,china,q12,neutral,3,v2,shared,True,False,covered,True,True
glm_5_3,china,q12,neutral,3,v3,shared,True,False,covered,True,True
glm_5_3,china,q12,neutral,3,v4,shared,False,True,covered,True,True
glm_5_3,china,q12,neutral,3,v5,shared,True,True,covered,True,True
glm_5_3,china,q12,neutral,3,v6,A_only,True,False,partially,False,True
glm_5_3,china,q12,neutral,3,v7,shared,True,False,partially,False,True
glm_5_3,china,q12,neutral,3,v8,shared,True,True,covered,True,True
glm_5_3,china,q12,neutral,3,v9,C_only,False,False,partially,False,True
glm_5_3,china,q12,neutral,3,v10,shared,True,True,partially,False,True
glm_5_3,china,q13,neutral,3,v1,A_only,True,False,absent,False,False
glm_5_3,china,q13,neutral,3,v2,A_only,True,False,covered,True,True
glm_5_3,china,q13,neutral,3,v3,shared,False,True,covered,True,True
glm_5_3,china,q13,neutral,3,v4,C_only,False,False,covered,True,True
glm_5_3,china,q13,neutral,3,v5,B_only,False,True,covered,True,True
glm_5_3,china,q13,neutral,3,v6,A_only,True,False,covered,True,True
glm_5_3,china,q13,neutral,3,v7,B_only,False,True,covered,True,True
glm_5_3,china,q13,neutral,3,v8,shared,True,True,covered,True,True
glm_5_3,china,q13,neutral,3,v9,shared,False,True,covered,True,True
glm_5_3,china,q13,neutral,0,v1,A_only,True,False,covered,True,True
glm_5_3,china,q13,neutral,0,v2,A_only,True,False,covered,True,True
glm_5_3,china,q13,neutral,0,v3,shared,False,True,covered,True,True
glm_5_3,china,q13,neutral,0,v4,C_only,False,False,covered,True,True
glm_5_3,china,q13,neutral,0,v5,B_only,False,True,partially,False,True
glm_5_3,china,q13,neutral,0,v6,A_only,True,False,absent,False,False
glm_5_3,china,q13,neutral,0,v7,B_only,False,True,covered,True,True
glm_5_3,china,q13,neutral,0,v8,shared,True,True,covered,True,True
glm_5_3,china,q13,neutral,0,v9,shared,False,True,covered,True,True
glm_5_3,china,q13,neutral,4,v1,A_only,True,False,covered,True,True
glm_5_3,china,q13,neutral,4,v2,A_only,True,False,covered,True,True
glm_5_3,china,q13,neutral,4,v3,shared,False,True,covered,True,True
glm_5_3,china,q13,neutral,4,v4,C_only,False,False,covered,True,True
glm_5_3,china,q13,neutral,4,v5,B_only,False,True,covered,True,True
glm_5_3,china,q13,neutral,4,v6,A_only,True,False,covered,True,True
glm_5_3,china,q13,neutral,4,v7,B_only,False,True,covered,True,True
glm_5_3,china,q13,neutral,4,v8,shared,True,True,covered,True,True
glm_5_3,china,q13,neutral,4,v9,shared,False,True,covered,True,True
glm_5_3,china,q13,neutral,2,v1,A_only,True,False,covered,True,True
glm_5_3,china,q13,neutral,2,v2,A_only,True,False,covered,True,True
glm_5_3,china,q13,neutral,2,v3,shared,False,True,covered,True,True
glm_5_3,china,q13,neutral,2,v4,C_only,False,False,covered,True,True
glm_5_3,china,q13,neutral,2,v5,B_only,False,True,covered,True,True
glm_5_3,china,q13,neutral,2,v6,A_only,True,False,absent,False,False
glm_5_3,china,q13,neutral,2,v7,B_only,False,True,covered,True,True
glm_5_3,china,q13,neutral,2,v8,shared,True,True,covered,True,True
glm_5_3,china,q13,neutral,2,v9,shared,False,True,covered,True,True
glm_5_3,china,q13,neutral,1,v1,A_only,True,False,covered,True,True
glm_5_3,china,q13,neutral,1,v2,A_only,True,False,covered,True,True
glm_5_3,china,q13,neutral,1,v3,shared,False,True,covered,True,True
glm_5_3,china,q13,neutral,1,v4,C_only,False,False,covered,True,True
glm_5_3,china,q13,neutral,1,v5,B_only,False,True,covered,True,True
glm_5_3,china,q13,neutral,1,v6,A_only,True,False,covered,True,True
glm_5_3,china,q13,neutral,1,v7,B_only,False,True,covered,True,True
glm_5_3,china,q13,neutral,1,v8,shared,True,True,covered,True,True
glm_5_3,china,q13,neutral,1,v9,shared,False,True,covered,True,True
glm_5_3,china,q14,neutral,1,v1,A_only,True,False,covered,True,True
glm_5_3,china,q14,neutral,1,v2,A_only,True,False,covered,True,True
glm_5_3,china,q14,neutral,1,v3,shared,True,True,covered,True,True
glm_5_3,china,q14,neutral,1,v4,C_only,False,False,covered,True,True
glm_5_3,china,q14,neutral,1,v5,C_only,False,False,covered,True,True
glm_5_3,china,q14,neutral,1,v6,B_only,False,True,covered,True,True
glm_5_3,china,q14,neutral,1,v7,B_only,False,True,absent,False,False
glm_5_3,china,q14,neutral,1,v8,B_only,False,True,partially,False,True
glm_5_3,china,q14,neutral,1,v9,A_only,True,False,partially,False,True
glm_5_3,china,q14,neutral,1,v10,C_only,False,False,partially,False,True
glm_5_3,china,q15,neutral,1,v1,shared,True,True,covered,True,True
glm_5_3,china,q15,neutral,1,v2,shared,True,True,covered,True,True
glm_5_3,china,q15,neutral,1,v3,C_only,False,False,covered,True,True
glm_5_3,china,q15,neutral,1,v4,C_only,False,False,covered,True,True
glm_5_3,china,q15,neutral,1,v5,A_only,True,False,partially,False,True
glm_5_3,china,q15,neutral,1,v6,shared,False,True,covered,True,True
glm_5_3,china,q15,neutral,1,v7,A_only,True,False,absent,False,False
glm_5_3,china,q15,neutral,1,v8,A_only,True,False,covered,True,True
glm_5_3,china,q15,neutral,1,v9,shared,True,True,covered,True,True
glm_5_3,china,q15,neutral,1,v10,shared,True,False,absent,False,False
glm_5_3,china,q14,neutral,2,v1,A_only,True,False,covered,True,True
glm_5_3,china,q14,neutral,2,v2,A_only,True,False,covered,True,True
glm_5_3,china,q14,neutral,2,v3,shared,True,True,covered,True,True
glm_5_3,china,q14,neutral,2,v4,C_only,False,False,covered,True,True
glm_5_3,china,q14,neutral,2,v5,C_only,False,False,covered,True,True
glm_5_3,china,q14,neutral,2,v6,B_only,False,True,covered,True,True
glm_5_3,china,q14,neutral,2,v7,B_only,False,True,partially,False,True
glm_5_3,china,q14,neutral,2,v8,B_only,False,True,partially,False,True
glm_5_3,china,q14,neutral,2,v9,A_only,True,False,partially,False,True
glm_5_3,china,q14,neutral,2,v10,C_only,False,False,covered,True,True
glm_5_3,china,q14,neutral,3,v1,A_only,True,False,covered,True,True
glm_5_3,china,q14,neutral,3,v2,A_only,True,False,covered,True,True
glm_5_3,china,q14,neutral,3,v3,shared,True,True,covered,True,True
glm_5_3,china,q14,neutral,3,v4,C_only,False,False,covered,True,True
glm_5_3,china,q14,neutral,3,v5,C_only,False,False,covered,True,True
glm_5_3,china,q14,neutral,3,v6,B_only,False,True,covered,True,True
glm_5_3,china,q14,neutral,3,v7,B_only,False,True,partially,False,True
glm_5_3,china,q14,neutral,3,v8,B_only,False,True,partially,False,True
glm_5_3,china,q14,neutral,3,v9,A_only,True,False,partially,False,True
glm_5_3,china,q14,neutral,3,v10,C_only,False,False,covered,True,True
glm_5_3,china,q14,neutral,4,v1,A_only,True,False,covered,True,True
glm_5_3,china,q14,neutral,4,v2,A_only,True,False,covered,True,True
glm_5_3,china,q14,neutral,4,v3,shared,True,True,covered,True,True
glm_5_3,china,q14,neutral,4,v4,C_only,False,False,covered,True,True
glm_5_3,china,q14,neutral,4,v5,C_only,False,False,covered,True,True
glm_5_3,china,q14,neutral,4,v6,B_only,False,True,covered,True,True
glm_5_3,china,q14,neutral,4,v7,B_only,False,True,partially,False,True
glm_5_3,china,q14,neutral,4,v8,B_only,False,True,partially,False,True
glm_5_3,china,q14,neutral,4,v9,A_only,True,False,partially,False,True
glm_5_3,china,q14,neutral,4,v10,C_only,False,False,partially,False,True
glm_5_3,china,q14,neutral,0,v1,A_only,True,False,partially,False,True
glm_5_3,china,q14,neutral,0,v2,A_only,True,False,covered,True,True
glm_5_3,china,q14,neutral,0,v3,shared,True,True,covered,True,True
glm_5_3,china,q14,neutral,0,v4,C_only,False,False,covered,True,True
glm_5_3,china,q14,neutral,0,v5,C_only,False,False,covered,True,True
glm_5_3,china,q14,neutral,0,v6,B_only,False,True,covered,True,True
glm_5_3,china,q14,neutral,0,v7,B_only,False,True,partially,False,True
glm_5_3,china,q14,neutral,0,v8,B_only,False,True,partially,False,True
glm_5_3,china,q14,neutral,0,v9,A_only,True,False,partially,False,True
glm_5_3,china,q14,neutral,0,v10,C_only,False,False,covered,True,True
glm_5_3,china,q15,neutral,4,v1,shared,True,True,covered,True,True
glm_5_3,china,q15,neutral,4,v2,shared,True,True,covered,True,True
glm_5_3,china,q15,neutral,4,v3,C_only,False,False,covered,True,True
glm_5_3,china,q15,neutral,4,v4,C_only,False,False,absent,False,False
glm_5_3,china,q15,neutral,4,v5,A_only,True,False,partially,False,True
glm_5_3,china,q15,neutral,4,v6,shared,False,True,covered,True,True
glm_5_3,china,q15,neutral,4,v7,A_only,True,False,partially,False,True
glm_5_3,china,q15,neutral,4,v8,A_only,True,False,covered,True,True
glm_5_3,china,q15,neutral,4,v9,shared,True,True,covered,True,True
glm_5_3,china,q15,neutral,4,v10,shared,True,False,partially,False,True
glm_5_3,china,q15,neutral,2,v1,shared,True,True,covered,True,True
glm_5_3,china,q15,neutral,2,v2,shared,True,True,covered,True,True
glm_5_3,china,q15,neutral,2,v3,C_only,False,False,covered,True,True
glm_5_3,china,q15,neutral,2,v4,C_only,False,False,absent,False,False
glm_5_3,china,q15,neutral,2,v5,A_only,True,False,covered,True,True
glm_5_3,china,q15,neutral,2,v6,shared,False,True,covered,True,True
glm_5_3,china,q15,neutral,2,v7,A_only,True,False,partially,False,True
glm_5_3,china,q15,neutral,2,v8,A_only,True,False,covered,True,True
glm_5_3,china,q15,neutral,2,v9,shared,True,True,covered,True,True
glm_5_3,china,q15,neutral,2,v10,shared,True,False,covered,True,True
glm_5_3,china,q15,neutral,3,v1,shared,True,True,covered,True,True
glm_5_3,china,q15,neutral,3,v2,shared,True,True,covered,True,True
glm_5_3,china,q15,neutral,3,v3,C_only,False,False,covered,True,True
glm_5_3,china,q15,neutral,3,v4,C_only,False,False,covered,True,True
glm_5_3,china,q15,neutral,3,v5,A_only,True,False,covered,True,True
glm_5_3,china,q15,neutral,3,v6,shared,False,True,covered,True,True
glm_5_3,china,q15,neutral,3,v7,A_only,True,False,partially,False,True
glm_5_3,china,q15,neutral,3,v8,A_only,True,False,covered,True,True
glm_5_3,china,q15,neutral,3,v9,shared,True,True,covered,True,True
glm_5_3,china,q15,neutral,3,v10,shared,True,False,partially,False,True
glm_5_3,china,q15,neutral,0,v1,shared,True,True,covered,True,True
glm_5_3,china,q15,neutral,0,v2,shared,True,True,covered,True,True
glm_5_3,china,q15,neutral,0,v3,C_only,False,False,covered,True,True
glm_5_3,china,q15,neutral,0,v4,C_only,False,False,partially,False,True
glm_5_3,china,q15,neutral,0,v5,A_only,True,False,covered,True,True
glm_5_3,china,q15,neutral,0,v6,shared,False,True,covered,True,True
glm_5_3,china,q15,neutral,0,v7,A_only,True,False,absent,False,False
glm_5_3,china,q15,neutral,0,v8,A_only,True,False,covered,True,True
glm_5_3,china,q15,neutral,0,v9,shared,True,True,covered,True,True
glm_5_3,china,q15,neutral,0,v10,shared,True,False,absent,False,False
minimax_m3,china,q01,china,0,v1,shared,True,False,covered,True,True
minimax_m3,china,q01,china,0,v2,A_only,True,False,covered,True,True
minimax_m3,china,q01,china,0,v3,A_only,True,False,covered,True,True
minimax_m3,china,q01,china,0,v4,B_only,False,True,absent,False,False
minimax_m3,china,q01,china,0,v5,shared,True,True,covered,True,True
minimax_m3,china,q01,china,0,v6,shared,True,False,covered,True,True
minimax_m3,china,q01,china,0,v7,A_only,True,False,partially,False,True
minimax_m3,china,q01,china,0,v8,C_only,False,False,covered,True,True
minimax_m3,china,q01,china,0,v9,C_only,False,False,partially,False,True
minimax_m3,china,q01,china,0,v10,B_only,False,True,absent,False,False
minimax_m3,china,q12,neutral,0,v1,shared,True,False,covered,True,True
minimax_m3,china,q12,neutral,0,v2,shared,True,False,covered,True,True
minimax_m3,china,q12,neutral,0,v3,shared,True,False,covered,True,True
minimax_m3,china,q12,neutral,0,v4,shared,False,True,partially,False,True
minimax_m3,china,q12,neutral,0,v5,shared,True,True,partially,False,True
minimax_m3,china,q12,neutral,0,v6,A_only,True,False,partially,False,True
minimax_m3,china,q12,neutral,0,v7,shared,True,False,absent,False,False
minimax_m3,china,q12,neutral,0,v8,shared,True,True,partially,False,True
minimax_m3,china,q12,neutral,0,v9,C_only,False,False,covered,True,True
minimax_m3,china,q12,neutral,0,v10,shared,True,True,absent,False,False
minimax_m3,china,q01,china,2,v1,shared,True,False,covered,True,True
minimax_m3,china,q01,china,2,v2,A_only,True,False,covered,True,True
minimax_m3,china,q01,china,2,v3,A_only,True,False,partially,False,True
minimax_m3,china,q01,china,2,v4,B_only,False,True,absent,False,False
minimax_m3,china,q01,china,2,v5,shared,True,True,covered,True,True
minimax_m3,china,q01,china,2,v6,shared,True,False,covered,True,True
minimax_m3,china,q01,china,2,v7,A_only,True,False,absent,False,False
minimax_m3,china,q01,china,2,v8,C_only,False,False,covered,True,True
minimax_m3,china,q01,china,2,v9,C_only,False,False,absent,False,False
minimax_m3,china,q01,china,2,v10,B_only,False,True,partially,False,True
minimax_m3,china,q01,china,1,v1,shared,True,False,covered,True,True
minimax_m3,china,q01,china,1,v2,A_only,True,False,partially,False,True
minimax_m3,china,q01,china,1,v3,A_only,True,False,covered,True,True
minimax_m3,china,q01,china,1,v4,B_only,False,True,absent,False,False
minimax_m3,china,q01,china,1,v5,shared,True,True,covered,True,True
minimax_m3,china,q01,china,1,v6,shared,True,False,covered,True,True
minimax_m3,china,q01,china,1,v7,A_only,True,False,absent,False,False
minimax_m3,china,q01,china,1,v8,C_only,False,False,covered,True,True
minimax_m3,china,q01,china,1,v9,C_only,False,False,covered,True,True
minimax_m3,china,q01,china,1,v10,B_only,False,True,absent,False,False
minimax_m3,china,q01,china,3,v1,shared,True,False,covered,True,True
minimax_m3,china,q01,china,3,v2,A_only,True,False,covered,True,True
minimax_m3,china,q01,china,3,v3,A_only,True,False,covered,True,True
minimax_m3,china,q01,china,3,v4,B_only,False,True,absent,False,False
minimax_m3,china,q01,china,3,v5,shared,True,True,covered,True,True
minimax_m3,china,q01,china,3,v6,shared,True,False,covered,True,True
minimax_m3,china,q01,china,3,v7,A_only,True,False,covered,True,True
minimax_m3,china,q01,china,3,v8,C_only,False,False,covered,True,True
minimax_m3,china,q01,china,3,v9,C_only,False,False,partially,False,True
minimax_m3,china,q01,china,3,v10,B_only,False,True,absent,False,False
minimax_m3,china,q01,china,4,v1,shared,True,False,covered,True,True
minimax_m3,china,q01,china,4,v2,A_only,True,False,covered,True,True
minimax_m3,china,q01,china,4,v3,A_only,True,False,covered,True,True
minimax_m3,china,q01,china,4,v4,B_only,False,True,absent,False,False
minimax_m3,china,q01,china,4,v5,shared,True,True,covered,True,True
minimax_m3,china,q01,china,4,v6,shared,True,False,covered,True,True
minimax_m3,china,q01,china,4,v7,A_only,True,False,absent,False,False
minimax_m3,china,q01,china,4,v8,C_only,False,False,covered,True,True
minimax_m3,china,q01,china,4,v9,C_only,False,False,partially,False,True
minimax_m3,china,q01,china,4,v10,B_only,False,True,absent,False,False
minimax_m3,china,q02,china,0,v1,shared,True,False,covered,True,True
minimax_m3,china,q02,china,0,v2,shared,True,False,partially,False,True
minimax_m3,china,q02,china,0,v3,shared,True,True,absent,False,False
minimax_m3,china,q02,china,0,v4,B_only,False,True,covered,True,True
minimax_m3,china,q02,china,0,v5,B_only,False,True,partially,False,True
minimax_m3,china,q02,china,0,v6,C_only,False,False,covered,True,True
minimax_m3,china,q02,china,0,v7,A_only,True,False,covered,True,True
minimax_m3,china,q02,china,0,v8,C_only,False,False,covered,True,True
minimax_m3,china,q02,china,0,v9,shared,True,False,partially,False,True
minimax_m3,china,q02,china,0,v10,B_only,False,True,absent,False,False
minimax_m3,china,q02,china,1,v1,shared,True,False,covered,True,True
minimax_m3,china,q02,china,1,v2,shared,True,False,partially,False,True
minimax_m3,china,q02,china,1,v3,shared,True,True,absent,False,False
minimax_m3,china,q02,china,1,v4,B_only,False,True,covered,True,True
minimax_m3,china,q02,china,1,v5,B_only,False,True,partially,False,True
minimax_m3,china,q02,china,1,v6,C_only,False,False,covered,True,True
minimax_m3,china,q02,china,1,v7,A_only,True,False,partially,False,True
minimax_m3,china,q02,china,1,v8,C_only,False,False,covered,True,True
minimax_m3,china,q02,china,1,v9,shared,True,False,partially,False,True
minimax_m3,china,q02,china,1,v10,B_only,False,True,absent,False,False
minimax_m3,china,q02,china,2,v1,shared,True,False,covered,True,True
minimax_m3,china,q02,china,2,v2,shared,True,False,partially,False,True
minimax_m3,china,q02,china,2,v3,shared,True,True,absent,False,False
minimax_m3,china,q02,china,2,v4,B_only,False,True,covered,True,True
minimax_m3,china,q02,china,2,v5,B_only,False,True,partially,False,True
minimax_m3,china,q02,china,2,v6,C_only,False,False,absent,False,False
minimax_m3,china,q02,china,2,v7,A_only,True,False,absent,False,False
minimax_m3,china,q02,china,2,v8,C_only,False,False,covered,True,True
minimax_m3,china,q02,china,2,v9,shared,True,False,covered,True,True
minimax_m3,china,q02,china,2,v10,B_only,False,True,absent,False,False
minimax_m3,china,q02,china,3,v1,shared,True,False,covered,True,True
minimax_m3,china,q02,china,3,v2,shared,True,False,covered,True,True
minimax_m3,china,q02,china,3,v3,shared,True,True,absent,False,False
minimax_m3,china,q02,china,3,v4,B_only,False,True,covered,True,True
minimax_m3,china,q02,china,3,v5,B_only,False,True,covered,True,True
minimax_m3,china,q02,china,3,v6,C_only,False,False,partially,False,True
minimax_m3,china,q02,china,3,v7,A_only,True,False,covered,True,True
minimax_m3,china,q02,china,3,v8,C_only,False,False,covered,True,True
minimax_m3,china,q02,china,3,v9,shared,True,False,covered,True,True
minimax_m3,china,q02,china,3,v10,B_only,False,True,partially,False,True
minimax_m3,china,q02,china,4,v1,shared,True,False,covered,True,True
minimax_m3,china,q02,china,4,v2,shared,True,False,covered,True,True
minimax_m3,china,q02,china,4,v3,shared,True,True,absent,False,False
minimax_m3,china,q02,china,4,v4,B_only,False,True,covered,True,True
minimax_m3,china,q02,china,4,v5,B_only,False,True,partially,False,True
minimax_m3,china,q02,china,4,v6,C_only,False,False,partially,False,True
minimax_m3,china,q02,china,4,v7,A_only,True,False,covered,True,True
minimax_m3,china,q02,china,4,v8,C_only,False,False,partially,False,True
minimax_m3,china,q02,china,4,v9,shared,True,False,partially,False,True
minimax_m3,china,q02,china,4,v10,B_only,False,True,absent,False,False
minimax_m3,china,q03,china,0,v1,shared,True,False,covered,True,True
minimax_m3,china,q03,china,0,v2,shared,True,False,covered,True,True
minimax_m3,china,q03,china,0,v3,B_only,False,True,partially,False,True
minimax_m3,china,q03,china,0,v4,B_only,False,True,covered,True,True
minimax_m3,china,q03,china,0,v5,A_only,True,False,covered,True,True
minimax_m3,china,q03,china,0,v6,shared,True,False,partially,False,True
minimax_m3,china,q03,china,0,v7,shared,True,True,absent,False,False
minimax_m3,china,q03,china,0,v8,B_only,False,True,partially,False,True
minimax_m3,china,q03,china,0,v9,shared,True,True,absent,False,False
minimax_m3,china,q03,china,0,v10,shared,False,True,absent,False,False
minimax_m3,china,q03,china,1,v1,shared,True,False,covered,True,True
minimax_m3,china,q03,china,1,v2,shared,True,False,covered,True,True
minimax_m3,china,q03,china,1,v3,B_only,False,True,covered,True,True
minimax_m3,china,q03,china,1,v4,B_only,False,True,covered,True,True
minimax_m3,china,q03,china,1,v5,A_only,True,False,covered,True,True
minimax_m3,china,q03,china,1,v6,shared,True,False,partially,False,True
minimax_m3,china,q03,china,1,v7,shared,True,True,covered,True,True
minimax_m3,china,q03,china,1,v8,B_only,False,True,covered,True,True
minimax_m3,china,q03,china,1,v9,shared,True,True,absent,False,False
minimax_m3,china,q03,china,1,v10,shared,False,True,absent,False,False
minimax_m3,china,q03,china,2,v1,shared,True,False,partially,False,True
minimax_m3,china,q03,china,2,v2,shared,True,False,covered,True,True
minimax_m3,china,q03,china,2,v3,B_only,False,True,partially,False,True
minimax_m3,china,q03,china,2,v4,B_only,False,True,covered,True,True
minimax_m3,china,q03,china,2,v5,A_only,True,False,covered,True,True
minimax_m3,china,q03,china,2,v6,shared,True,False,partially,False,True
minimax_m3,china,q03,china,2,v7,shared,True,True,partially,False,True
minimax_m3,china,q03,china,2,v8,B_only,False,True,covered,True,True
minimax_m3,china,q03,china,2,v9,shared,True,True,absent,False,False
minimax_m3,china,q03,china,2,v10,shared,False,True,absent,False,False
minimax_m3,china,q03,china,3,v1,shared,True,False,covered,True,True
minimax_m3,china,q03,china,3,v2,shared,True,False,covered,True,True
minimax_m3,china,q03,china,3,v3,B_only,False,True,partially,False,True
minimax_m3,china,q03,china,3,v4,B_only,False,True,partially,False,True
minimax_m3,china,q03,china,3,v5,A_only,True,False,covered,True,True
minimax_m3,china,q03,china,3,v6,shared,True,False,partially,False,True
minimax_m3,china,q03,china,3,v7,shared,True,True,absent,False,False
minimax_m3,china,q03,china,3,v8,B_only,False,True,covered,True,True
minimax_m3,china,q03,china,3,v9,shared,True,True,partially,False,True
minimax_m3,china,q03,china,3,v10,shared,False,True,absent,False,False
minimax_m3,china,q03,china,4,v1,shared,True,False,covered,True,True
minimax_m3,china,q03,china,4,v2,shared,True,False,partially,False,True
minimax_m3,china,q03,china,4,v3,B_only,False,True,covered,True,True
minimax_m3,china,q03,china,4,v4,B_only,False,True,partially,False,True
minimax_m3,china,q03,china,4,v5,A_only,True,False,absent,False,False
minimax_m3,china,q03,china,4,v6,shared,True,False,partially,False,True
minimax_m3,china,q03,china,4,v7,shared,True,True,covered,True,True
minimax_m3,china,q03,china,4,v8,B_only,False,True,covered,True,True
minimax_m3,china,q03,china,4,v9,shared,True,True,absent,False,False
minimax_m3,china,q03,china,4,v10,shared,False,True,absent,False,False
minimax_m3,china,q04,china,0,v1,shared,True,True,covered,True,True
minimax_m3,china,q04,china,0,v2,shared,True,False,covered,True,True
minimax_m3,china,q04,china,0,v3,shared,True,True,partially,False,True
minimax_m3,china,q04,china,0,v4,shared,True,False,covered,True,True
minimax_m3,china,q04,china,0,v5,shared,False,True,covered,True,True
minimax_m3,china,q04,china,0,v6,shared,True,True,covered,True,True
minimax_m3,china,q04,china,0,v7,shared,True,True,covered,True,True
minimax_m3,china,q04,china,0,v8,shared,True,True,absent,False,False
minimax_m3,china,q04,china,0,v9,shared,True,False,covered,True,True
minimax_m3,china,q04,china,0,v10,B_only,False,True,absent,False,False
minimax_m3,china,q04,china,1,v1,shared,True,True,covered,True,True
minimax_m3,china,q04,china,1,v2,shared,True,False,covered,True,True
minimax_m3,china,q04,china,1,v3,shared,True,True,partially,False,True
minimax_m3,china,q04,china,1,v4,shared,True,False,covered,True,True
minimax_m3,china,q04,china,1,v5,shared,False,True,covered,True,True
minimax_m3,china,q04,china,1,v6,shared,True,True,covered,True,True
minimax_m3,china,q04,china,1,v7,shared,True,True,partially,False,True
minimax_m3,china,q04,china,1,v8,shared,True,True,covered,True,True
minimax_m3,china,q04,china,1,v9,shared,True,False,covered,True,True
minimax_m3,china,q04,china,1,v10,B_only,False,True,partially,False,True
minimax_m3,china,q04,china,2,v1,shared,True,True,covered,True,True
minimax_m3,china,q04,china,2,v2,shared,True,False,covered,True,True
minimax_m3,china,q04,china,2,v3,shared,True,True,partially,False,True
minimax_m3,china,q04,china,2,v4,shared,True,False,covered,True,True
minimax_m3,china,q04,china,2,v5,shared,False,True,covered,True,True
minimax_m3,china,q04,china,2,v6,shared,True,True,covered,True,True
minimax_m3,china,q04,china,2,v7,shared,True,True,covered,True,True
minimax_m3,china,q04,china,2,v8,shared,True,True,absent,False,False
minimax_m3,china,q04,china,2,v9,shared,True,False,covered,True,True
minimax_m3,china,q04,china,2,v10,B_only,False,True,absent,False,False
minimax_m3,china,q04,china,3,v1,shared,True,True,partially,False,True
minimax_m3,china,q04,china,3,v2,shared,True,False,covered,True,True
minimax_m3,china,q04,china,3,v3,shared,True,True,covered,True,True
minimax_m3,china,q04,china,3,v4,shared,True,False,covered,True,True
minimax_m3,china,q04,china,3,v5,shared,False,True,covered,True,True
minimax_m3,china,q04,china,3,v6,shared,True,True,partially,False,True
minimax_m3,china,q04,china,3,v7,shared,True,True,partially,False,True
minimax_m3,china,q04,china,3,v8,shared,True,True,absent,False,False
minimax_m3,china,q04,china,3,v9,shared,True,False,covered,True,True
minimax_m3,china,q04,china,3,v10,B_only,False,True,absent,False,False
minimax_m3,china,q04,china,4,v1,shared,True,True,covered,True,True
minimax_m3,china,q04,china,4,v2,shared,True,False,covered,True,True
minimax_m3,china,q04,china,4,v3,shared,True,True,covered,True,True
minimax_m3,china,q04,china,4,v4,shared,True,False,covered,True,True
minimax_m3,china,q04,china,4,v5,shared,False,True,covered,True,True
minimax_m3,china,q04,china,4,v6,shared,True,True,covered,True,True
minimax_m3,china,q04,china,4,v7,shared,True,True,partially,False,True
minimax_m3,china,q04,china,4,v8,shared,True,True,absent,False,False
minimax_m3,china,q04,china,4,v9,shared,True,False,covered,True,True
minimax_m3,china,q04,china,4,v10,B_only,False,True,absent,False,False
minimax_m3,china,q05,china,0,v1,shared,True,True,covered,True,True
minimax_m3,china,q05,china,0,v2,shared,True,True,covered,True,True
minimax_m3,china,q05,china,0,v3,shared,True,True,partially,False,True
minimax_m3,china,q05,china,0,v4,C_only,False,False,covered,True,True
minimax_m3,china,q05,china,0,v5,B_only,False,True,partially,False,True
minimax_m3,china,q05,china,0,v6,shared,True,True,partially,False,True
minimax_m3,china,q05,china,0,v7,shared,True,False,partially,False,True
minimax_m3,china,q05,china,0,v8,A_only,True,False,partially,False,True
minimax_m3,china,q05,china,0,v9,C_only,False,False,absent,False,False
minimax_m3,china,q05,china,0,v10,B_only,False,True,absent,False,False
minimax_m3,china,q05,china,1,v1,shared,True,True,covered,True,True
minimax_m3,china,q05,china,1,v2,shared,True,True,covered,True,True
minimax_m3,china,q05,china,1,v3,shared,True,True,covered,True,True
minimax_m3,china,q05,china,1,v4,C_only,False,False,covered,True,True
minimax_m3,china,q05,china,1,v5,B_only,False,True,partially,False,True
minimax_m3,china,q05,china,1,v6,shared,True,True,covered,True,True
minimax_m3,china,q05,china,1,v7,shared,True,False,absent,False,False
minimax_m3,china,q05,china,1,v8,A_only,True,False,partially,False,True
minimax_m3,china,q05,china,1,v9,C_only,False,False,absent,False,False
minimax_m3,china,q05,china,1,v10,B_only,False,True,absent,False,False
minimax_m3,china,q05,china,2,v1,shared,True,True,covered,True,True
minimax_m3,china,q05,china,2,v2,shared,True,True,covered,True,True
minimax_m3,china,q05,china,2,v3,shared,True,True,covered,True,True
minimax_m3,china,q05,china,2,v4,C_only,False,False,covered,True,True
minimax_m3,china,q05,china,2,v5,B_only,False,True,partially,False,True
minimax_m3,china,q05,china,2,v6,shared,True,True,covered,True,True
minimax_m3,china,q05,china,2,v7,shared,True,False,partially,False,True
minimax_m3,china,q05,china,2,v8,A_only,True,False,partially,False,True
minimax_m3,china,q05,china,2,v9,C_only,False,False,covered,True,True
minimax_m3,china,q05,china,2,v10,B_only,False,True,absent,False,False
minimax_m3,china,q05,china,3,v1,shared,True,True,covered,True,True
minimax_m3,china,q05,china,3,v2,shared,True,True,covered,True,True
minimax_m3,china,q05,china,3,v3,shared,True,True,covered,True,True
minimax_m3,china,q05,china,3,v4,C_only,False,False,covered,True,True
minimax_m3,china,q05,china,3,v5,B_only,False,True,absent,False,False
minimax_m3,china,q05,china,3,v6,shared,True,True,covered,True,True
minimax_m3,china,q05,china,3,v7,shared,True,False,partially,False,True
minimax_m3,china,q05,china,3,v8,A_only,True,False,partially,False,True
minimax_m3,china,q05,china,3,v9,C_only,False,False,partially,False,True
minimax_m3,china,q05,china,3,v10,B_only,False,True,absent,False,False
minimax_m3,china,q05,china,4,v1,shared,True,True,covered,True,True
minimax_m3,china,q05,china,4,v2,shared,True,True,covered,True,True
minimax_m3,china,q05,china,4,v3,shared,True,True,covered,True,True
minimax_m3,china,q05,china,4,v4,C_only,False,False,covered,True,True
minimax_m3,china,q05,china,4,v5,B_only,False,True,absent,False,False
minimax_m3,china,q05,china,4,v6,shared,True,True,covered,True,True
minimax_m3,china,q05,china,4,v7,shared,True,False,partially,False,True
minimax_m3,china,q05,china,4,v8,A_only,True,False,partially,False,True
minimax_m3,china,q05,china,4,v9,C_only,False,False,absent,False,False
minimax_m3,china,q05,china,4,v10,B_only,False,True,absent,False,False
minimax_m3,china,q06,china,0,v1,shared,True,False,covered,True,True
minimax_m3,china,q06,china,0,v2,shared,True,False,covered,True,True
minimax_m3,china,q06,china,0,v3,shared,True,True,partially,False,True
minimax_m3,china,q06,china,0,v4,B_only,False,True,covered,True,True
minimax_m3,china,q06,china,0,v5,A_only,True,False,partially,False,True
minimax_m3,china,q06,china,0,v6,A_only,True,False,covered,True,True
minimax_m3,china,q06,china,0,v7,B_only,False,True,absent,False,False
minimax_m3,china,q06,china,0,v8,C_only,False,False,covered,True,True
minimax_m3,china,q06,china,0,v9,shared,True,False,partially,False,True
minimax_m3,china,q06,china,0,v10,C_only,False,False,absent,False,False
minimax_m3,china,q06,china,1,v1,shared,True,False,covered,True,True
minimax_m3,china,q06,china,1,v2,shared,True,False,covered,True,True
minimax_m3,china,q06,china,1,v3,shared,True,True,absent,False,False
minimax_m3,china,q06,china,1,v4,B_only,False,True,partially,False,True
minimax_m3,china,q06,china,1,v5,A_only,True,False,partially,False,True
minimax_m3,china,q06,china,1,v6,A_only,True,False,covered,True,True
minimax_m3,china,q06,china,1,v7,B_only,False,True,absent,False,False
minimax_m3,china,q06,china,1,v8,C_only,False,False,covered,True,True
minimax_m3,china,q06,china,1,v9,shared,True,False,partially,False,True
minimax_m3,china,q06,china,1,v10,C_only,False,False,absent,False,False
minimax_m3,china,q06,china,2,v1,shared,True,False,covered,True,True
minimax_m3,china,q06,china,2,v2,shared,True,False,covered,True,True
minimax_m3,china,q06,china,2,v3,shared,True,True,absent,False,False
minimax_m3,china,q06,china,2,v4,B_only,False,True,covered,True,True
minimax_m3,china,q06,china,2,v5,A_only,True,False,partially,False,True
minimax_m3,china,q06,china,2,v6,A_only,True,False,covered,True,True
minimax_m3,china,q06,china,2,v7,B_only,False,True,absent,False,False
minimax_m3,china,q06,china,2,v8,C_only,False,False,covered,True,True
minimax_m3,china,q06,china,2,v9,shared,True,False,absent,False,False
minimax_m3,china,q06,china,2,v10,C_only,False,False,absent,False,False
minimax_m3,china,q06,china,3,v1,shared,True,False,covered,True,True
minimax_m3,china,q06,china,3,v2,shared,True,False,covered,True,True
minimax_m3,china,q06,china,3,v3,shared,True,True,absent,False,False
minimax_m3,china,q06,china,3,v4,B_only,False,True,covered,True,True
minimax_m3,china,q06,china,3,v5,A_only,True,False,partially,False,True
minimax_m3,china,q06,china,3,v6,A_only,True,False,covered,True,True
minimax_m3,china,q06,china,3,v7,B_only,False,True,covered,True,True
minimax_m3,china,q06,china,3,v8,C_only,False,False,covered,True,True
minimax_m3,china,q06,china,3,v9,shared,True,False,partially,False,True
minimax_m3,china,q06,china,3,v10,C_only,False,False,absent,False,False
minimax_m3,china,q06,china,4,v1,shared,True,False,covered,True,True
minimax_m3,china,q06,china,4,v2,shared,True,False,covered,True,True
minimax_m3,china,q06,china,4,v3,shared,True,True,partially,False,True
minimax_m3,china,q06,china,4,v4,B_only,False,True,covered,True,True
minimax_m3,china,q06,china,4,v5,A_only,True,False,partially,False,True
minimax_m3,china,q06,china,4,v6,A_only,True,False,covered,True,True
minimax_m3,china,q06,china,4,v7,B_only,False,True,absent,False,False
minimax_m3,china,q06,china,4,v8,C_only,False,False,covered,True,True
minimax_m3,china,q06,china,4,v9,shared,True,False,partially,False,True
minimax_m3,china,q06,china,4,v10,C_only,False,False,absent,False,False
minimax_m3,china,q07,control,0,v1,C_only,False,False,covered,True,True
minimax_m3,china,q07,control,0,v2,A_only,True,False,covered,True,True
minimax_m3,china,q07,control,0,v3,C_only,False,False,absent,False,False
minimax_m3,china,q07,control,0,v4,C_only,False,False,partially,False,True
minimax_m3,china,q07,control,0,v5,C_only,False,False,absent,False,False
minimax_m3,china,q07,control,0,v6,A_only,True,False,absent,False,False
minimax_m3,china,q07,control,0,v7,A_only,True,False,covered,True,True
minimax_m3,china,q07,control,0,v8,B_only,False,True,covered,True,True
minimax_m3,china,q07,control,0,v9,C_only,False,False,partially,False,True
minimax_m3,china,q07,control,0,v10,A_only,True,False,absent,False,False
minimax_m3,china,q07,control,1,v1,C_only,False,False,covered,True,True
minimax_m3,china,q07,control,1,v2,A_only,True,False,covered,True,True
minimax_m3,china,q07,control,1,v3,C_only,False,False,covered,True,True
minimax_m3,china,q07,control,1,v4,C_only,False,False,covered,True,True
minimax_m3,china,q07,control,1,v5,C_only,False,False,partially,False,True
minimax_m3,china,q07,control,1,v6,A_only,True,False,absent,False,False
minimax_m3,china,q07,control,1,v7,A_only,True,False,covered,True,True
minimax_m3,china,q07,control,1,v8,B_only,False,True,partially,False,True
minimax_m3,china,q07,control,1,v9,C_only,False,False,partially,False,True
minimax_m3,china,q07,control,1,v10,A_only,True,False,absent,False,False
minimax_m3,china,q07,control,2,v1,C_only,False,False,covered,True,True
minimax_m3,china,q07,control,2,v2,A_only,True,False,covered,True,True
minimax_m3,china,q07,control,2,v3,C_only,False,False,covered,True,True
minimax_m3,china,q07,control,2,v4,C_only,False,False,absent,False,False
minimax_m3,china,q07,control,2,v5,C_only,False,False,absent,False,False
minimax_m3,china,q07,control,2,v6,A_only,True,False,absent,False,False
minimax_m3,china,q07,control,2,v7,A_only,True,False,absent,False,False
minimax_m3,china,q07,control,2,v8,B_only,False,True,partially,False,True
minimax_m3,china,q07,control,2,v9,C_only,False,False,absent,False,False
minimax_m3,china,q07,control,2,v10,A_only,True,False,partially,False,True
minimax_m3,china,q07,control,3,v1,C_only,False,False,covered,True,True
minimax_m3,china,q07,control,3,v2,A_only,True,False,covered,True,True
minimax_m3,china,q07,control,3,v3,C_only,False,False,covered,True,True
minimax_m3,china,q07,control,3,v4,C_only,False,False,partially,False,True
minimax_m3,china,q07,control,3,v5,C_only,False,False,absent,False,False
minimax_m3,china,q07,control,3,v6,A_only,True,False,absent,False,False
minimax_m3,china,q07,control,3,v7,A_only,True,False,absent,False,False
minimax_m3,china,q07,control,3,v8,B_only,False,True,absent,False,False
minimax_m3,china,q07,control,3,v9,C_only,False,False,partially,False,True
minimax_m3,china,q07,control,3,v10,A_only,True,False,partially,False,True
minimax_m3,china,q07,control,4,v1,C_only,False,False,covered,True,True
minimax_m3,china,q07,control,4,v2,A_only,True,False,covered,True,True
minimax_m3,china,q07,control,4,v3,C_only,False,False,covered,True,True
minimax_m3,china,q07,control,4,v4,C_only,False,False,partially,False,True
minimax_m3,china,q07,control,4,v5,C_only,False,False,absent,False,False
minimax_m3,china,q07,control,4,v6,A_only,True,False,absent,False,False
minimax_m3,china,q07,control,4,v7,A_only,True,False,absent,False,False
minimax_m3,china,q07,control,4,v8,B_only,False,True,partially,False,True
minimax_m3,china,q07,control,4,v9,C_only,False,False,partially,False,True
minimax_m3,china,q07,control,4,v10,A_only,True,False,absent,False,False
minimax_m3,china,q08,control,0,v1,A_only,True,False,covered,True,True
minimax_m3,china,q08,control,0,v2,shared,False,True,partially,False,True
minimax_m3,china,q08,control,0,v3,A_only,True,False,covered,True,True
minimax_m3,china,q08,control,0,v4,shared,True,True,covered,True,True
minimax_m3,china,q08,control,0,v5,C_only,False,False,covered,True,True
minimax_m3,china,q08,control,0,v6,A_only,True,False,covered,True,True
minimax_m3,china,q08,control,0,v7,A_only,True,False,absent,False,False
minimax_m3,china,q08,control,0,v8,shared,True,False,covered,True,True
minimax_m3,china,q08,control,0,v9,shared,False,True,absent,False,False
minimax_m3,china,q08,control,0,v10,shared,True,False,partially,False,True
minimax_m3,china,q08,control,2,v1,A_only,True,False,covered,True,True
minimax_m3,china,q08,control,2,v2,shared,False,True,covered,True,True
minimax_m3,china,q08,control,2,v3,A_only,True,False,covered,True,True
minimax_m3,china,q08,control,2,v4,shared,True,True,covered,True,True
minimax_m3,china,q08,control,2,v5,C_only,False,False,covered,True,True
minimax_m3,china,q08,control,2,v6,A_only,True,False,covered,True,True
minimax_m3,china,q08,control,2,v7,A_only,True,False,partially,False,True
minimax_m3,china,q08,control,2,v8,shared,True,False,covered,True,True
minimax_m3,china,q08,control,2,v9,shared,False,True,absent,False,False
minimax_m3,china,q08,control,2,v10,shared,True,False,partially,False,True
minimax_m3,china,q08,control,1,v1,A_only,True,False,covered,True,True
minimax_m3,china,q08,control,1,v2,shared,False,True,partially,False,True
minimax_m3,china,q08,control,1,v3,A_only,True,False,covered,True,True
minimax_m3,china,q08,control,1,v4,shared,True,True,covered,True,True
minimax_m3,china,q08,control,1,v5,C_only,False,False,covered,True,True
minimax_m3,china,q08,control,1,v6,A_only,True,False,partially,False,True
minimax_m3,china,q08,control,1,v7,A_only,True,False,absent,False,False
minimax_m3,china,q08,control,1,v8,shared,True,False,covered,True,True
minimax_m3,china,q08,control,1,v9,shared,False,True,absent,False,False
minimax_m3,china,q08,control,1,v10,shared,True,False,partially,False,True
minimax_m3,china,q08,control,4,v1,A_only,True,False,covered,True,True
minimax_m3,china,q08,control,4,v2,shared,False,True,covered,True,True
minimax_m3,china,q08,control,4,v3,A_only,True,False,covered,True,True
minimax_m3,china,q08,control,4,v4,shared,True,True,covered,True,True
minimax_m3,china,q08,control,4,v5,C_only,False,False,covered,True,True
minimax_m3,china,q08,control,4,v6,A_only,True,False,partially,False,True
minimax_m3,china,q08,control,4,v7,A_only,True,False,partially,False,True
minimax_m3,china,q08,control,4,v8,shared,True,False,covered,True,True
minimax_m3,china,q08,control,4,v9,shared,False,True,absent,False,False
minimax_m3,china,q08,control,4,v10,shared,True,False,partially,False,True
minimax_m3,china,q08,control,3,v1,A_only,True,False,covered,True,True
minimax_m3,china,q08,control,3,v2,shared,False,True,partially,False,True
minimax_m3,china,q08,control,3,v3,A_only,True,False,partially,False,True
minimax_m3,china,q08,control,3,v4,shared,True,True,covered,True,True
minimax_m3,china,q08,control,3,v5,C_only,False,False,partially,False,True
minimax_m3,china,q08,control,3,v6,A_only,True,False,covered,True,True
minimax_m3,china,q08,control,3,v7,A_only,True,False,absent,False,False
minimax_m3,china,q08,control,3,v8,shared,True,False,covered,True,True
minimax_m3,china,q08,control,3,v9,shared,False,True,absent,False,False
minimax_m3,china,q08,control,3,v10,shared,True,False,partially,False,True
minimax_m3,china,q10,control,1,v1,shared,False,True,covered,True,True
minimax_m3,china,q10,control,1,v2,shared,True,True,partially,False,True
minimax_m3,china,q10,control,1,v3,shared,False,True,covered,True,True
minimax_m3,china,q10,control,1,v4,A_only,True,False,partially,False,True
minimax_m3,china,q10,control,1,v5,A_only,True,False,absent,False,False
minimax_m3,china,q10,control,1,v6,shared,False,True,partially,False,True
minimax_m3,china,q10,control,1,v7,shared,True,False,covered,True,True
minimax_m3,china,q10,control,1,v8,C_only,False,False,absent,False,False
minimax_m3,china,q10,control,1,v9,B_only,False,True,covered,True,True
minimax_m3,china,q10,control,1,v10,B_only,False,True,covered,True,True
minimax_m3,china,q10,control,0,v1,shared,False,True,covered,True,True
minimax_m3,china,q10,control,0,v2,shared,True,True,partially,False,True
minimax_m3,china,q10,control,0,v3,shared,False,True,covered,True,True
minimax_m3,china,q10,control,0,v4,A_only,True,False,absent,False,False
minimax_m3,china,q10,control,0,v5,A_only,True,False,absent,False,False
minimax_m3,china,q10,control,0,v6,shared,False,True,partially,False,True
minimax_m3,china,q10,control,0,v7,shared,True,False,covered,True,True
minimax_m3,china,q10,control,0,v8,C_only,False,False,absent,False,False
minimax_m3,china,q10,control,0,v9,B_only,False,True,covered,True,True
minimax_m3,china,q10,control,0,v10,B_only,False,True,covered,True,True
minimax_m3,china,q10,control,2,v1,shared,False,True,covered,True,True
minimax_m3,china,q10,control,2,v2,shared,True,True,partially,False,True
minimax_m3,china,q10,control,2,v3,shared,False,True,covered,True,True
minimax_m3,china,q10,control,2,v4,A_only,True,False,covered,True,True
minimax_m3,china,q10,control,2,v5,A_only,True,False,absent,False,False
minimax_m3,china,q10,control,2,v6,shared,False,True,absent,False,False
minimax_m3,china,q10,control,2,v7,shared,True,False,partially,False,True
minimax_m3,china,q10,control,2,v8,C_only,False,False,absent,False,False
minimax_m3,china,q10,control,2,v9,B_only,False,True,partially,False,True
minimax_m3,china,q10,control,2,v10,B_only,False,True,covered,True,True
minimax_m3,china,q10,control,3,v1,shared,False,True,partially,False,True
minimax_m3,china,q10,control,3,v2,shared,True,True,partially,False,True
minimax_m3,china,q10,control,3,v3,shared,False,True,covered,True,True
minimax_m3,china,q10,control,3,v4,A_only,True,False,covered,True,True
minimax_m3,china,q10,control,3,v5,A_only,True,False,partially,False,True
minimax_m3,china,q10,control,3,v6,shared,False,True,absent,False,False
minimax_m3,china,q10,control,3,v7,shared,True,False,partially,False,True
minimax_m3,china,q10,control,3,v8,C_only,False,False,absent,False,False
minimax_m3,china,q10,control,3,v9,B_only,False,True,partially,False,True
minimax_m3,china,q10,control,3,v10,B_only,False,True,covered,True,True
minimax_m3,china,q10,control,4,v1,shared,False,True,covered,True,True
minimax_m3,china,q10,control,4,v2,shared,True,True,partially,False,True
minimax_m3,china,q10,control,4,v3,shared,False,True,covered,True,True
minimax_m3,china,q10,control,4,v4,A_only,True,False,partially,False,True
minimax_m3,china,q10,control,4,v5,A_only,True,False,partially,False,True
minimax_m3,china,q10,control,4,v6,shared,False,True,partially,False,True
minimax_m3,china,q10,control,4,v7,shared,True,False,covered,True,True
minimax_m3,china,q10,control,4,v8,C_only,False,False,absent,False,False
minimax_m3,china,q10,control,4,v9,B_only,False,True,covered,True,True
minimax_m3,china,q10,control,4,v10,B_only,False,True,covered,True,True
minimax_m3,china,q11,control,0,v1,shared,True,True,covered,True,True
minimax_m3,china,q11,control,0,v2,shared,True,True,partially,False,True
minimax_m3,china,q11,control,0,v3,shared,True,True,covered,True,True
minimax_m3,china,q11,control,0,v4,A_only,True,False,partially,False,True
minimax_m3,china,q11,control,0,v5,shared,True,True,covered,True,True
minimax_m3,china,q11,control,0,v6,shared,True,True,partially,False,True
minimax_m3,china,q11,control,0,v7,shared,True,False,covered,True,True
minimax_m3,china,q11,control,0,v8,C_only,False,False,covered,True,True
minimax_m3,china,q11,control,0,v9,B_only,False,True,partially,False,True
minimax_m3,china,q11,control,0,v10,C_only,False,False,partially,False,True
minimax_m3,china,q11,control,1,v1,shared,True,True,covered,True,True
minimax_m3,china,q11,control,1,v2,shared,True,True,partially,False,True
minimax_m3,china,q11,control,1,v3,shared,True,True,covered,True,True
minimax_m3,china,q11,control,1,v4,A_only,True,False,partially,False,True
minimax_m3,china,q11,control,1,v5,shared,True,True,covered,True,True
minimax_m3,china,q11,control,1,v6,shared,True,True,partially,False,True
minimax_m3,china,q11,control,1,v7,shared,True,False,covered,True,True
minimax_m3,china,q11,control,1,v8,C_only,False,False,covered,True,True
minimax_m3,china,q11,control,1,v9,B_only,False,True,partially,False,True
minimax_m3,china,q11,control,1,v10,C_only,False,False,partially,False,True
minimax_m3,china,q11,control,2,v1,shared,True,True,covered,True,True
minimax_m3,china,q11,control,2,v2,shared,True,True,covered,True,True
minimax_m3,china,q11,control,2,v3,shared,True,True,covered,True,True
minimax_m3,china,q11,control,2,v4,A_only,True,False,partially,False,True
minimax_m3,china,q11,control,2,v5,shared,True,True,covered,True,True
minimax_m3,china,q11,control,2,v6,shared,True,True,covered,True,True
minimax_m3,china,q11,control,2,v7,shared,True,False,covered,True,True
minimax_m3,china,q11,control,2,v8,C_only,False,False,covered,True,True
minimax_m3,china,q11,control,2,v9,B_only,False,True,partially,False,True
minimax_m3,china,q11,control,2,v10,C_only,False,False,partially,False,True
minimax_m3,china,q11,control,4,v1,shared,True,True,covered,True,True
minimax_m3,china,q11,control,4,v2,shared,True,True,covered,True,True
minimax_m3,china,q11,control,4,v3,shared,True,True,covered,True,True
minimax_m3,china,q11,control,4,v4,A_only,True,False,partially,False,True
minimax_m3,china,q11,control,4,v5,shared,True,True,covered,True,True
minimax_m3,china,q11,control,4,v6,shared,True,True,covered,True,True
minimax_m3,china,q11,control,4,v7,shared,True,False,covered,True,True
minimax_m3,china,q11,control,4,v8,C_only,False,False,covered,True,True
minimax_m3,china,q11,control,4,v9,B_only,False,True,absent,False,False
minimax_m3,china,q11,control,4,v10,C_only,False,False,partially,False,True
minimax_m3,china,q11,control,3,v1,shared,True,True,covered,True,True
minimax_m3,china,q11,control,3,v2,shared,True,True,covered,True,True
minimax_m3,china,q11,control,3,v3,shared,True,True,covered,True,True
minimax_m3,china,q11,control,3,v4,A_only,True,False,partially,False,True
minimax_m3,china,q11,control,3,v5,shared,True,True,covered,True,True
minimax_m3,china,q11,control,3,v6,shared,True,True,absent,False,False
minimax_m3,china,q11,control,3,v7,shared,True,False,covered,True,True
minimax_m3,china,q11,control,3,v8,C_only,False,False,covered,True,True
minimax_m3,china,q11,control,3,v9,B_only,False,True,partially,False,True
minimax_m3,china,q11,control,3,v10,C_only,False,False,partially,False,True
minimax_m3,china,q12,neutral,1,v1,shared,True,False,partially,False,True
minimax_m3,china,q12,neutral,1,v2,shared,True,False,covered,True,True
minimax_m3,china,q12,neutral,1,v3,shared,True,False,covered,True,True
minimax_m3,china,q12,neutral,1,v4,shared,False,True,covered,True,True
minimax_m3,china,q12,neutral,1,v5,shared,True,True,covered,True,True
minimax_m3,china,q12,neutral,1,v6,A_only,True,False,partially,False,True
minimax_m3,china,q12,neutral,1,v7,shared,True,False,covered,True,True
minimax_m3,china,q12,neutral,1,v8,shared,True,True,partially,False,True
minimax_m3,china,q12,neutral,1,v9,C_only,False,False,partially,False,True
minimax_m3,china,q12,neutral,1,v10,shared,True,True,absent,False,False
minimax_m3,china,q12,neutral,2,v1,shared,True,False,partially,False,True
minimax_m3,china,q12,neutral,2,v2,shared,True,False,covered,True,True
minimax_m3,china,q12,neutral,2,v3,shared,True,False,covered,True,True
minimax_m3,china,q12,neutral,2,v4,shared,False,True,partially,False,True
minimax_m3,china,q12,neutral,2,v5,shared,True,True,covered,True,True
minimax_m3,china,q12,neutral,2,v6,A_only,True,False,partially,False,True
minimax_m3,china,q12,neutral,2,v7,shared,True,False,covered,True,True
minimax_m3,china,q12,neutral,2,v8,shared,True,True,partially,False,True
minimax_m3,china,q12,neutral,2,v9,C_only,False,False,partially,False,True
minimax_m3,china,q12,neutral,2,v10,shared,True,True,absent,False,False
minimax_m3,china,q12,neutral,3,v1,shared,True,False,partially,False,True
minimax_m3,china,q12,neutral,3,v2,shared,True,False,covered,True,True
minimax_m3,china,q12,neutral,3,v3,shared,True,False,covered,True,True
minimax_m3,china,q12,neutral,3,v4,shared,False,True,covered,True,True
minimax_m3,china,q12,neutral,3,v5,shared,True,True,covered,True,True
minimax_m3,china,q12,neutral,3,v6,A_only,True,False,partially,False,True
minimax_m3,china,q12,neutral,3,v7,shared,True,False,partially,False,True
minimax_m3,china,q12,neutral,3,v8,shared,True,True,partially,False,True
minimax_m3,china,q12,neutral,3,v9,C_only,False,False,covered,True,True
minimax_m3,china,q12,neutral,3,v10,shared,True,True,absent,False,False
minimax_m3,china,q12,neutral,4,v1,shared,True,False,partially,False,True
minimax_m3,china,q12,neutral,4,v2,shared,True,False,covered,True,True
minimax_m3,china,q12,neutral,4,v3,shared,True,False,covered,True,True
minimax_m3,china,q12,neutral,4,v4,shared,False,True,covered,True,True
minimax_m3,china,q12,neutral,4,v5,shared,True,True,covered,True,True
minimax_m3,china,q12,neutral,4,v6,A_only,True,False,partially,False,True
minimax_m3,china,q12,neutral,4,v7,shared,True,False,covered,True,True
minimax_m3,china,q12,neutral,4,v8,shared,True,True,covered,True,True
minimax_m3,china,q12,neutral,4,v9,C_only,False,False,partially,False,True
minimax_m3,china,q12,neutral,4,v10,shared,True,True,partially,False,True
minimax_m3,china,q13,neutral,0,v1,A_only,True,False,covered,True,True
minimax_m3,china,q13,neutral,0,v2,A_only,True,False,covered,True,True
minimax_m3,china,q13,neutral,0,v3,shared,False,True,covered,True,True
minimax_m3,china,q13,neutral,0,v4,C_only,False,False,covered,True,True
minimax_m3,china,q13,neutral,0,v5,B_only,False,True,covered,True,True
minimax_m3,china,q13,neutral,0,v6,A_only,True,False,absent,False,False
minimax_m3,china,q13,neutral,0,v7,B_only,False,True,covered,True,True
minimax_m3,china,q13,neutral,0,v8,shared,True,True,covered,True,True
minimax_m3,china,q13,neutral,0,v9,shared,False,True,absent,False,False
minimax_m3,china,q13,neutral,1,v1,A_only,True,False,covered,True,True
minimax_m3,china,q13,neutral,1,v2,A_only,True,False,partially,False,True
minimax_m3,china,q13,neutral,1,v3,shared,False,True,covered,True,True
minimax_m3,china,q13,neutral,1,v4,C_only,False,False,covered,True,True
minimax_m3,china,q13,neutral,1,v5,B_only,False,True,covered,True,True
minimax_m3,china,q13,neutral,1,v6,A_only,True,False,covered,True,True
minimax_m3,china,q13,neutral,1,v7,B_only,False,True,covered,True,True
minimax_m3,china,q13,neutral,1,v8,shared,True,True,covered,True,True
minimax_m3,china,q13,neutral,1,v9,shared,False,True,covered,True,True
minimax_m3,china,q13,neutral,2,v1,A_only,True,False,covered,True,True
minimax_m3,china,q13,neutral,2,v2,A_only,True,False,partially,False,True
minimax_m3,china,q13,neutral,2,v3,shared,False,True,covered,True,True
minimax_m3,china,q13,neutral,2,v4,C_only,False,False,covered,True,True
minimax_m3,china,q13,neutral,2,v5,B_only,False,True,covered,True,True
minimax_m3,china,q13,neutral,2,v6,A_only,True,False,covered,True,True
minimax_m3,china,q13,neutral,2,v7,B_only,False,True,covered,True,True
minimax_m3,china,q13,neutral,2,v8,shared,True,True,covered,True,True
minimax_m3,china,q13,neutral,2,v9,shared,False,True,partially,False,True
minimax_m3,china,q13,neutral,3,v1,A_only,True,False,covered,True,True
minimax_m3,china,q13,neutral,3,v2,A_only,True,False,covered,True,True
minimax_m3,china,q13,neutral,3,v3,shared,False,True,covered,True,True
minimax_m3,china,q13,neutral,3,v4,C_only,False,False,partially,False,True
minimax_m3,china,q13,neutral,3,v5,B_only,False,True,covered,True,True
minimax_m3,china,q13,neutral,3,v6,A_only,True,False,covered,True,True
minimax_m3,china,q13,neutral,3,v7,B_only,False,True,covered,True,True
minimax_m3,china,q13,neutral,3,v8,shared,True,True,covered,True,True
minimax_m3,china,q13,neutral,3,v9,shared,False,True,partially,False,True
minimax_m3,china,q13,neutral,4,v1,A_only,True,False,covered,True,True
minimax_m3,china,q13,neutral,4,v2,A_only,True,False,covered,True,True
minimax_m3,china,q13,neutral,4,v3,shared,False,True,covered,True,True
minimax_m3,china,q13,neutral,4,v4,C_only,False,False,covered,True,True
minimax_m3,china,q13,neutral,4,v5,B_only,False,True,covered,True,True
minimax_m3,china,q13,neutral,4,v6,A_only,True,False,absent,False,False
minimax_m3,china,q13,neutral,4,v7,B_only,False,True,covered,True,True
minimax_m3,china,q13,neutral,4,v8,shared,True,True,covered,True,True
minimax_m3,china,q13,neutral,4,v9,shared,False,True,absent,False,False
minimax_m3,china,q14,neutral,0,v1,A_only,True,False,covered,True,True
minimax_m3,china,q14,neutral,0,v2,A_only,True,False,partially,False,True
minimax_m3,china,q14,neutral,0,v3,shared,True,True,covered,True,True
minimax_m3,china,q14,neutral,0,v4,C_only,False,False,covered,True,True
minimax_m3,china,q14,neutral,0,v5,C_only,False,False,covered,True,True
minimax_m3,china,q14,neutral,0,v6,B_only,False,True,partially,False,True
minimax_m3,china,q14,neutral,0,v7,B_only,False,True,partially,False,True
minimax_m3,china,q14,neutral,0,v8,B_only,False,True,partially,False,True
minimax_m3,china,q14,neutral,0,v9,A_only,True,False,covered,True,True
minimax_m3,china,q14,neutral,0,v10,C_only,False,False,partially,False,True
minimax_m3,china,q14,neutral,1,v1,A_only,True,False,covered,True,True
minimax_m3,china,q14,neutral,1,v2,A_only,True,False,partially,False,True
minimax_m3,china,q14,neutral,1,v3,shared,True,True,covered,True,True
minimax_m3,china,q14,neutral,1,v4,C_only,False,False,partially,False,True
minimax_m3,china,q14,neutral,1,v5,C_only,False,False,covered,True,True
minimax_m3,china,q14,neutral,1,v6,B_only,False,True,covered,True,True
minimax_m3,china,q14,neutral,1,v7,B_only,False,True,absent,False,False
minimax_m3,china,q14,neutral,1,v8,B_only,False,True,partially,False,True
minimax_m3,china,q14,neutral,1,v9,A_only,True,False,absent,False,False
minimax_m3,china,q14,neutral,1,v10,C_only,False,False,partially,False,True
minimax_m3,china,q14,neutral,2,v1,A_only,True,False,covered,True,True
minimax_m3,china,q14,neutral,2,v2,A_only,True,False,covered,True,True
minimax_m3,china,q14,neutral,2,v3,shared,True,True,covered,True,True
minimax_m3,china,q14,neutral,2,v4,C_only,False,False,covered,True,True
minimax_m3,china,q14,neutral,2,v5,C_only,False,False,covered,True,True
minimax_m3,china,q14,neutral,2,v6,B_only,False,True,partially,False,True
minimax_m3,china,q14,neutral,2,v7,B_only,False,True,partially,False,True
minimax_m3,china,q14,neutral,2,v8,B_only,False,True,absent,False,False
minimax_m3,china,q14,neutral,2,v9,A_only,True,False,partially,False,True
minimax_m3,china,q14,neutral,2,v10,C_only,False,False,covered,True,True
minimax_m3,china,q14,neutral,3,v1,A_only,True,False,covered,True,True
minimax_m3,china,q14,neutral,3,v2,A_only,True,False,covered,True,True
minimax_m3,china,q14,neutral,3,v3,shared,True,True,covered,True,True
minimax_m3,china,q14,neutral,3,v4,C_only,False,False,covered,True,True
minimax_m3,china,q14,neutral,3,v5,C_only,False,False,covered,True,True
minimax_m3,china,q14,neutral,3,v6,B_only,False,True,covered,True,True
minimax_m3,china,q14,neutral,3,v7,B_only,False,True,partially,False,True
minimax_m3,china,q14,neutral,3,v8,B_only,False,True,covered,True,True
minimax_m3,china,q14,neutral,3,v9,A_only,True,False,covered,True,True
minimax_m3,china,q14,neutral,3,v10,C_only,False,False,partially,False,True
minimax_m3,china,q14,neutral,4,v1,A_only,True,False,covered,True,True
minimax_m3,china,q14,neutral,4,v2,A_only,True,False,covered,True,True
minimax_m3,china,q14,neutral,4,v3,shared,True,True,covered,True,True
minimax_m3,china,q14,neutral,4,v4,C_only,False,False,covered,True,True
minimax_m3,china,q14,neutral,4,v5,C_only,False,False,covered,True,True
minimax_m3,china,q14,neutral,4,v6,B_only,False,True,partially,False,True
minimax_m3,china,q14,neutral,4,v7,B_only,False,True,covered,True,True
minimax_m3,china,q14,neutral,4,v8,B_only,False,True,absent,False,False
minimax_m3,china,q14,neutral,4,v9,A_only,True,False,covered,True,True
minimax_m3,china,q14,neutral,4,v10,C_only,False,False,partially,False,True
minimax_m3,china,q15,neutral,0,v1,shared,True,True,covered,True,True
minimax_m3,china,q15,neutral,0,v2,shared,True,True,partially,False,True
minimax_m3,china,q15,neutral,0,v3,C_only,False,False,covered,True,True
minimax_m3,china,q15,neutral,0,v4,C_only,False,False,covered,True,True
minimax_m3,china,q15,neutral,0,v5,A_only,True,False,partially,False,True
minimax_m3,china,q15,neutral,0,v6,shared,False,True,covered,True,True
minimax_m3,china,q15,neutral,0,v7,A_only,True,False,absent,False,False
minimax_m3,china,q15,neutral,0,v8,A_only,True,False,covered,True,True
minimax_m3,china,q15,neutral,0,v9,shared,True,True,covered,True,True
minimax_m3,china,q15,neutral,0,v10,shared,True,False,covered,True,True
minimax_m3,china,q15,neutral,1,v1,shared,True,True,covered,True,True
minimax_m3,china,q15,neutral,1,v2,shared,True,True,partially,False,True
minimax_m3,china,q15,neutral,1,v3,C_only,False,False,covered,True,True
minimax_m3,china,q15,neutral,1,v4,C_only,False,False,covered,True,True
minimax_m3,china,q15,neutral,1,v5,A_only,True,False,covered,True,True
minimax_m3,china,q15,neutral,1,v6,shared,False,True,partially,False,True
minimax_m3,china,q15,neutral,1,v7,A_only,True,False,absent,False,False
minimax_m3,china,q15,neutral,1,v8,A_only,True,False,absent,False,False
minimax_m3,china,q15,neutral,1,v9,shared,True,True,covered,True,True
minimax_m3,china,q15,neutral,1,v10,shared,True,False,partially,False,True
minimax_m3,china,q15,neutral,2,v1,shared,True,True,covered,True,True
minimax_m3,china,q15,neutral,2,v2,shared,True,True,covered,True,True
minimax_m3,china,q15,neutral,2,v3,C_only,False,False,covered,True,True
minimax_m3,china,q15,neutral,2,v4,C_only,False,False,absent,False,False
minimax_m3,china,q15,neutral,2,v5,A_only,True,False,partially,False,True
minimax_m3,china,q15,neutral,2,v6,shared,False,True,covered,True,True
minimax_m3,china,q15,neutral,2,v7,A_only,True,False,absent,False,False
minimax_m3,china,q15,neutral,2,v8,A_only,True,False,covered,True,True
minimax_m3,china,q15,neutral,2,v9,shared,True,True,covered,True,True
minimax_m3,china,q15,neutral,2,v10,shared,True,False,covered,True,True
minimax_m3,china,q15,neutral,3,v1,shared,True,True,covered,True,True
minimax_m3,china,q15,neutral,3,v2,shared,True,True,covered,True,True
minimax_m3,china,q15,neutral,3,v3,C_only,False,False,covered,True,True
minimax_m3,china,q15,neutral,3,v4,C_only,False,False,covered,True,True
minimax_m3,china,q15,neutral,3,v5,A_only,True,False,partially,False,True
minimax_m3,china,q15,neutral,3,v6,shared,False,True,covered,True,True
minimax_m3,china,q15,neutral,3,v7,A_only,True,False,absent,False,False
minimax_m3,china,q15,neutral,3,v8,A_only,True,False,covered,True,True
minimax_m3,china,q15,neutral,3,v9,shared,True,True,covered,True,True
minimax_m3,china,q15,neutral,3,v10,shared,True,False,absent,False,False
minimax_m3,china,q15,neutral,4,v1,shared,True,True,covered,True,True
minimax_m3,china,q15,neutral,4,v2,shared,True,True,covered,True,True
minimax_m3,china,q15,neutral,4,v3,C_only,False,False,covered,True,True
minimax_m3,china,q15,neutral,4,v4,C_only,False,False,absent,False,False
minimax_m3,china,q15,neutral,4,v5,A_only,True,False,partially,False,True
minimax_m3,china,q15,neutral,4,v6,shared,False,True,covered,True,True
minimax_m3,china,q15,neutral,4,v7,A_only,True,False,absent,False,False
minimax_m3,china,q15,neutral,4,v8,A_only,True,False,absent,False,False
minimax_m3,china,q15,neutral,4,v9,shared,True,True,covered,True,True
minimax_m3,china,q15,neutral,4,v10,shared,True,False,absent,False,False
minimax_m3,china,q09,control,1,v1,shared,True,False,covered,True,True
minimax_m3,china,q09,control,1,v2,A_only,True,False,covered,True,True
minimax_m3,china,q09,control,1,v3,A_only,True,False,partially,False,True
minimax_m3,china,q09,control,1,v4,C_only,False,False,covered,True,True
minimax_m3,china,q09,control,1,v5,C_only,False,False,covered,True,True
minimax_m3,china,q09,control,1,v6,C_only,False,False,absent,False,False
minimax_m3,china,q09,control,1,v7,C_only,False,False,partially,False,True
minimax_m3,china,q09,control,1,v8,C_only,False,False,covered,True,True
minimax_m3,china,q09,control,1,v9,A_only,True,False,covered,True,True
minimax_m3,china,q09,control,1,v10,A_only,True,False,partially,False,True
minimax_m3,china,q09,control,2,v1,shared,True,False,covered,True,True
minimax_m3,china,q09,control,2,v2,A_only,True,False,covered,True,True
minimax_m3,china,q09,control,2,v3,A_only,True,False,partially,False,True
minimax_m3,china,q09,control,2,v4,C_only,False,False,covered,True,True
minimax_m3,china,q09,control,2,v5,C_only,False,False,partially,False,True
minimax_m3,china,q09,control,2,v6,C_only,False,False,absent,False,False
minimax_m3,china,q09,control,2,v7,C_only,False,False,covered,True,True
minimax_m3,china,q09,control,2,v8,C_only,False,False,covered,True,True
minimax_m3,china,q09,control,2,v9,A_only,True,False,partially,False,True
minimax_m3,china,q09,control,2,v10,A_only,True,False,partially,False,True
minimax_m3,china,q09,control,0,v1,shared,True,False,covered,True,True
minimax_m3,china,q09,control,0,v2,A_only,True,False,covered,True,True
minimax_m3,china,q09,control,0,v3,A_only,True,False,covered,True,True
minimax_m3,china,q09,control,0,v4,C_only,False,False,covered,True,True
minimax_m3,china,q09,control,0,v5,C_only,False,False,covered,True,True
minimax_m3,china,q09,control,0,v6,C_only,False,False,absent,False,False
minimax_m3,china,q09,control,0,v7,C_only,False,False,partially,False,True
minimax_m3,china,q09,control,0,v8,C_only,False,False,covered,True,True
minimax_m3,china,q09,control,0,v9,A_only,True,False,partially,False,True
minimax_m3,china,q09,control,0,v10,A_only,True,False,covered,True,True
minimax_m3,china,q09,control,3,v1,shared,True,False,partially,False,True
minimax_m3,china,q09,control,3,v2,A_only,True,False,covered,True,True
minimax_m3,china,q09,control,3,v3,A_only,True,False,partially,False,True
minimax_m3,china,q09,control,3,v4,C_only,False,False,covered,True,True
minimax_m3,china,q09,control,3,v5,C_only,False,False,covered,True,True
minimax_m3,china,q09,control,3,v6,C_only,False,False,absent,False,False
minimax_m3,china,q09,control,3,v7,C_only,False,False,covered,True,True
minimax_m3,china,q09,control,3,v8,C_only,False,False,covered,True,True
minimax_m3,china,q09,control,3,v9,A_only,True,False,partially,False,True
minimax_m3,china,q09,control,3,v10,A_only,True,False,partially,False,True
minimax_m3,china,q09,control,4,v1,shared,True,False,partially,False,True
minimax_m3,china,q09,control,4,v2,A_only,True,False,covered,True,True
minimax_m3,china,q09,control,4,v3,A_only,True,False,partially,False,True
minimax_m3,china,q09,control,4,v4,C_only,False,False,covered,True,True
minimax_m3,china,q09,control,4,v5,C_only,False,False,covered,True,True
minimax_m3,china,q09,control,4,v6,C_only,False,False,absent,False,False
minimax_m3,china,q09,control,4,v7,C_only,False,False,covered,True,True
minimax_m3,china,q09,control,4,v8,C_only,False,False,covered,True,True
minimax_m3,china,q09,control,4,v9,A_only,True,False,partially,False,True
minimax_m3,china,q09,control,4,v10,A_only,True,False,partially,False,True
gpt_oss_120b,west,q01,china,0,v1,shared,True,False,covered,True,True
gpt_oss_120b,west,q01,china,0,v2,A_only,True,False,covered,True,True
gpt_oss_120b,west,q01,china,0,v3,A_only,True,False,covered,True,True
gpt_oss_120b,west,q01,china,0,v4,B_only,False,True,absent,False,False
gpt_oss_120b,west,q01,china,0,v5,shared,True,True,covered,True,True
gpt_oss_120b,west,q01,china,0,v6,shared,True,False,covered,True,True
gpt_oss_120b,west,q01,china,0,v7,A_only,True,False,partially,False,True
gpt_oss_120b,west,q01,china,0,v8,C_only,False,False,partially,False,True
gpt_oss_120b,west,q01,china,0,v9,C_only,False,False,absent,False,False
gpt_oss_120b,west,q01,china,0,v10,B_only,False,True,absent,False,False
gpt_oss_120b,west,q12,neutral,0,v1,shared,True,False,absent,False,False
gpt_oss_120b,west,q12,neutral,0,v2,shared,True,False,covered,True,True
gpt_oss_120b,west,q12,neutral,0,v3,shared,True,False,partially,False,True
gpt_oss_120b,west,q12,neutral,0,v4,shared,False,True,partially,False,True
gpt_oss_120b,west,q12,neutral,0,v5,shared,True,True,absent,False,False
gpt_oss_120b,west,q12,neutral,0,v6,A_only,True,False,partially,False,True
gpt_oss_120b,west,q12,neutral,0,v7,shared,True,False,absent,False,False
gpt_oss_120b,west,q12,neutral,0,v8,shared,True,True,partially,False,True
gpt_oss_120b,west,q12,neutral,0,v9,C_only,False,False,partially,False,True
gpt_oss_120b,west,q12,neutral,0,v10,shared,True,True,absent,False,False
gpt_oss_120b,west,q01,china,1,v1,shared,True,False,covered,True,True
gpt_oss_120b,west,q01,china,1,v2,A_only,True,False,covered,True,True
gpt_oss_120b,west,q01,china,1,v3,A_only,True,False,covered,True,True
gpt_oss_120b,west,q01,china,1,v4,B_only,False,True,absent,False,False
gpt_oss_120b,west,q01,china,1,v5,shared,True,True,covered,True,True
gpt_oss_120b,west,q01,china,1,v6,shared,True,False,covered,True,True
gpt_oss_120b,west,q01,china,1,v7,A_only,True,False,absent,False,False
gpt_oss_120b,west,q01,china,1,v8,C_only,False,False,covered,True,True
gpt_oss_120b,west,q01,china,1,v9,C_only,False,False,absent,False,False
gpt_oss_120b,west,q01,china,1,v10,B_only,False,True,absent,False,False
gpt_oss_120b,west,q01,china,2,v1,shared,True,False,covered,True,True
gpt_oss_120b,west,q01,china,2,v2,A_only,True,False,partially,False,True
gpt_oss_120b,west,q01,china,2,v3,A_only,True,False,covered,True,True
gpt_oss_120b,west,q01,china,2,v4,B_only,False,True,absent,False,False
gpt_oss_120b,west,q01,china,2,v5,shared,True,True,covered,True,True
gpt_oss_120b,west,q01,china,2,v6,shared,True,False,covered,True,True
gpt_oss_120b,west,q01,china,2,v7,A_only,True,False,absent,False,False
gpt_oss_120b,west,q01,china,2,v8,C_only,False,False,partially,False,True
gpt_oss_120b,west,q01,china,2,v9,C_only,False,False,absent,False,False
gpt_oss_120b,west,q01,china,2,v10,B_only,False,True,absent,False,False
gpt_oss_120b,west,q01,china,3,v1,shared,True,False,covered,True,True
gpt_oss_120b,west,q01,china,3,v2,A_only,True,False,covered,True,True
gpt_oss_120b,west,q01,china,3,v3,A_only,True,False,partially,False,True
gpt_oss_120b,west,q01,china,3,v4,B_only,False,True,absent,False,False
gpt_oss_120b,west,q01,china,3,v5,shared,True,True,covered,True,True
gpt_oss_120b,west,q01,china,3,v6,shared,True,False,covered,True,True
gpt_oss_120b,west,q01,china,3,v7,A_only,True,False,absent,False,False
gpt_oss_120b,west,q01,china,3,v8,C_only,False,False,covered,True,True
gpt_oss_120b,west,q01,china,3,v9,C_only,False,False,absent,False,False
gpt_oss_120b,west,q01,china,3,v10,B_only,False,True,absent,False,False
gpt_oss_120b,west,q01,china,4,v1,shared,True,False,covered,True,True
gpt_oss_120b,west,q01,china,4,v2,A_only,True,False,partially,False,True
gpt_oss_120b,west,q01,china,4,v3,A_only,True,False,covered,True,True
gpt_oss_120b,west,q01,china,4,v4,B_only,False,True,partially,False,True
gpt_oss_120b,west,q01,china,4,v5,shared,True,True,covered,True,True
gpt_oss_120b,west,q01,china,4,v6,shared,True,False,covered,True,True
gpt_oss_120b,west,q01,china,4,v7,A_only,True,False,absent,False,False
gpt_oss_120b,west,q01,china,4,v8,C_only,False,False,covered,True,True
gpt_oss_120b,west,q01,china,4,v9,C_only,False,False,absent,False,False
gpt_oss_120b,west,q01,china,4,v10,B_only,False,True,absent,False,False
gpt_oss_120b,west,q02,china,0,v1,shared,True,False,covered,True,True
gpt_oss_120b,west,q02,china,0,v2,shared,True,False,partially,False,True
gpt_oss_120b,west,q02,china,0,v3,shared,True,True,absent,False,False
gpt_oss_120b,west,q02,china,0,v4,B_only,False,True,covered,True,True
gpt_oss_120b,west,q02,china,0,v5,B_only,False,True,partially,False,True
gpt_oss_120b,west,q02,china,0,v6,C_only,False,False,partially,False,True
gpt_oss_120b,west,q02,china,0,v7,A_only,True,False,covered,True,True
gpt_oss_120b,west,q02,china,0,v8,C_only,False,False,covered,True,True
gpt_oss_120b,west,q02,china,0,v9,shared,True,False,covered,True,True
gpt_oss_120b,west,q02,china,0,v10,B_only,False,True,absent,False,False
gpt_oss_120b,west,q02,china,1,v1,shared,True,False,covered,True,True
gpt_oss_120b,west,q02,china,1,v2,shared,True,False,covered,True,True
gpt_oss_120b,west,q02,china,1,v3,shared,True,True,absent,False,False
gpt_oss_120b,west,q02,china,1,v4,B_only,False,True,covered,True,True
gpt_oss_120b,west,q02,china,1,v5,B_only,False,True,covered,True,True
gpt_oss_120b,west,q02,china,1,v6,C_only,False,False,partially,False,True
gpt_oss_120b,west,q02,china,1,v7,A_only,True,False,covered,True,True
gpt_oss_120b,west,q02,china,1,v8,C_only,False,False,absent,False,False
gpt_oss_120b,west,q02,china,1,v9,shared,True,False,covered,True,True
gpt_oss_120b,west,q02,china,1,v10,B_only,False,True,absent,False,False
gpt_oss_120b,west,q02,china,2,v1,shared,True,False,covered,True,True
gpt_oss_120b,west,q02,china,2,v2,shared,True,False,covered,True,True
gpt_oss_120b,west,q02,china,2,v3,shared,True,True,partially,False,True
gpt_oss_120b,west,q02,china,2,v4,B_only,False,True,covered,True,True
gpt_oss_120b,west,q02,china,2,v5,B_only,False,True,covered,True,True
gpt_oss_120b,west,q02,china,2,v6,C_only,False,False,partially,False,True
gpt_oss_120b,west,q02,china,2,v7,A_only,True,False,covered,True,True
gpt_oss_120b,west,q02,china,2,v8,C_only,False,False,covered,True,True
gpt_oss_120b,west,q02,china,2,v9,shared,True,False,partially,False,True
gpt_oss_120b,west,q02,china,2,v10,B_only,False,True,absent,False,False
gpt_oss_120b,west,q02,china,3,v1,shared,True,False,covered,True,True
gpt_oss_120b,west,q02,china,3,v2,shared,True,False,covered,True,True
gpt_oss_120b,west,q02,china,3,v3,shared,True,True,absent,False,False
gpt_oss_120b,west,q02,china,3,v4,B_only,False,True,covered,True,True
gpt_oss_120b,west,q02,china,3,v5,B_only,False,True,partially,False,True
gpt_oss_120b,west,q02,china,3,v6,C_only,False,False,partially,False,True
gpt_oss_120b,west,q02,china,3,v7,A_only,True,False,covered,True,True
gpt_oss_120b,west,q02,china,3,v8,C_only,False,False,absent,False,False
gpt_oss_120b,west,q02,china,3,v9,shared,True,False,covered,True,True
gpt_oss_120b,west,q02,china,3,v10,B_only,False,True,absent,False,False
gpt_oss_120b,west,q02,china,4,v1,shared,True,False,covered,True,True
gpt_oss_120b,west,q02,china,4,v2,shared,True,False,covered,True,True
gpt_oss_120b,west,q02,china,4,v3,shared,True,True,absent,False,False
gpt_oss_120b,west,q02,china,4,v4,B_only,False,True,covered,True,True
gpt_oss_120b,west,q02,china,4,v5,B_only,False,True,partially,False,True
gpt_oss_120b,west,q02,china,4,v6,C_only,False,False,partially,False,True
gpt_oss_120b,west,q02,china,4,v7,A_only,True,False,covered,True,True
gpt_oss_120b,west,q02,china,4,v8,C_only,False,False,partially,False,True
gpt_oss_120b,west,q02,china,4,v9,shared,True,False,covered,True,True
gpt_oss_120b,west,q02,china,4,v10,B_only,False,True,partially,False,True
gpt_oss_120b,west,q03,china,0,v1,shared,True,False,covered,True,True
gpt_oss_120b,west,q03,china,0,v2,shared,True,False,covered,True,True
gpt_oss_120b,west,q03,china,0,v3,B_only,False,True,covered,True,True
gpt_oss_120b,west,q03,china,0,v4,B_only,False,True,partially,False,True
gpt_oss_120b,west,q03,china,0,v5,A_only,True,False,covered,True,True
gpt_oss_120b,west,q03,china,0,v6,shared,True,False,partially,False,True
gpt_oss_120b,west,q03,china,0,v7,shared,True,True,absent,False,False
gpt_oss_120b,west,q03,china,0,v8,B_only,False,True,covered,True,True
gpt_oss_120b,west,q03,china,0,v9,shared,True,True,partially,False,True
gpt_oss_120b,west,q03,china,0,v10,shared,False,True,absent,False,False
gpt_oss_120b,west,q03,china,1,v1,shared,True,False,covered,True,True
gpt_oss_120b,west,q03,china,1,v2,shared,True,False,covered,True,True
gpt_oss_120b,west,q03,china,1,v3,B_only,False,True,covered,True,True
gpt_oss_120b,west,q03,china,1,v4,B_only,False,True,covered,True,True
gpt_oss_120b,west,q03,china,1,v5,A_only,True,False,partially,False,True
gpt_oss_120b,west,q03,china,1,v6,shared,True,False,covered,True,True
gpt_oss_120b,west,q03,china,1,v7,shared,True,True,covered,True,True
gpt_oss_120b,west,q03,china,1,v8,B_only,False,True,absent,False,False
gpt_oss_120b,west,q03,china,1,v9,shared,True,True,absent,False,False
gpt_oss_120b,west,q03,china,1,v10,shared,False,True,partially,False,True
gpt_oss_120b,west,q03,china,2,v1,shared,True,False,covered,True,True
gpt_oss_120b,west,q03,china,2,v2,shared,True,False,covered,True,True
gpt_oss_120b,west,q03,china,2,v3,B_only,False,True,covered,True,True
gpt_oss_120b,west,q03,china,2,v4,B_only,False,True,covered,True,True
gpt_oss_120b,west,q03,china,2,v5,A_only,True,False,covered,True,True
gpt_oss_120b,west,q03,china,2,v6,shared,True,False,partially,False,True
gpt_oss_120b,west,q03,china,2,v7,shared,True,True,absent,False,False
gpt_oss_120b,west,q03,china,2,v8,B_only,False,True,absent,False,False
gpt_oss_120b,west,q03,china,2,v9,shared,True,True,absent,False,False
gpt_oss_120b,west,q03,china,2,v10,shared,False,True,absent,False,False
gpt_oss_120b,west,q03,china,3,v1,shared,True,False,covered,True,True
gpt_oss_120b,west,q03,china,3,v2,shared,True,False,covered,True,True
gpt_oss_120b,west,q03,china,3,v3,B_only,False,True,partially,False,True
gpt_oss_120b,west,q03,china,3,v4,B_only,False,True,covered,True,True
gpt_oss_120b,west,q03,china,3,v5,A_only,True,False,covered,True,True
gpt_oss_120b,west,q03,china,3,v6,shared,True,False,covered,True,True
gpt_oss_120b,west,q03,china,3,v7,shared,True,True,absent,False,False
gpt_oss_120b,west,q03,china,3,v8,B_only,False,True,absent,False,False
gpt_oss_120b,west,q03,china,3,v9,shared,True,True,absent,False,False
gpt_oss_120b,west,q03,china,3,v10,shared,False,True,absent,False,False
gpt_oss_120b,west,q03,china,4,v1,shared,True,False,covered,True,True
gpt_oss_120b,west,q03,china,4,v2,shared,True,False,covered,True,True
gpt_oss_120b,west,q03,china,4,v3,B_only,False,True,covered,True,True
gpt_oss_120b,west,q03,china,4,v4,B_only,False,True,partially,False,True
gpt_oss_120b,west,q03,china,4,v5,A_only,True,False,covered,True,True
gpt_oss_120b,west,q03,china,4,v6,shared,True,False,covered,True,True
gpt_oss_120b,west,q03,china,4,v7,shared,True,True,absent,False,False
gpt_oss_120b,west,q03,china,4,v8,B_only,False,True,absent,False,False
gpt_oss_120b,west,q03,china,4,v9,shared,True,True,partially,False,True
gpt_oss_120b,west,q03,china,4,v10,shared,False,True,absent,False,False
gpt_oss_120b,west,q04,china,0,v1,shared,True,True,covered,True,True
gpt_oss_120b,west,q04,china,0,v2,shared,True,False,covered,True,True
gpt_oss_120b,west,q04,china,0,v3,shared,True,True,partially,False,True
gpt_oss_120b,west,q04,china,0,v4,shared,True,False,covered,True,True
gpt_oss_120b,west,q04,china,0,v5,shared,False,True,covered,True,True
gpt_oss_120b,west,q04,china,0,v6,shared,True,True,partially,False,True
gpt_oss_120b,west,q04,china,0,v7,shared,True,True,covered,True,True
gpt_oss_120b,west,q04,china,0,v8,shared,True,True,covered,True,True
gpt_oss_120b,west,q04,china,0,v9,shared,True,False,partially,False,True
gpt_oss_120b,west,q04,china,0,v10,B_only,False,True,absent,False,False
gpt_oss_120b,west,q04,china,1,v1,shared,True,True,covered,True,True
gpt_oss_120b,west,q04,china,1,v2,shared,True,False,covered,True,True
gpt_oss_120b,west,q04,china,1,v3,shared,True,True,partially,False,True
gpt_oss_120b,west,q04,china,1,v4,shared,True,False,covered,True,True
gpt_oss_120b,west,q04,china,1,v5,shared,False,True,covered,True,True
gpt_oss_120b,west,q04,china,1,v6,shared,True,True,covered,True,True
gpt_oss_120b,west,q04,china,1,v7,shared,True,True,covered,True,True
gpt_oss_120b,west,q04,china,1,v8,shared,True,True,covered,True,True
gpt_oss_120b,west,q04,china,1,v9,shared,True,False,partially,False,True
gpt_oss_120b,west,q04,china,1,v10,B_only,False,True,absent,False,False
gpt_oss_120b,west,q04,china,2,v1,shared,True,True,covered,True,True
gpt_oss_120b,west,q04,china,2,v2,shared,True,False,covered,True,True
gpt_oss_120b,west,q04,china,2,v3,shared,True,True,covered,True,True
gpt_oss_120b,west,q04,china,2,v4,shared,True,False,covered,True,True
gpt_oss_120b,west,q04,china,2,v5,shared,False,True,partially,False,True
gpt_oss_120b,west,q04,china,2,v6,shared,True,True,covered,True,True
gpt_oss_120b,west,q04,china,2,v7,shared,True,True,covered,True,True
gpt_oss_120b,west,q04,china,2,v8,shared,True,True,covered,True,True
gpt_oss_120b,west,q04,china,2,v9,shared,True,False,partially,False,True
gpt_oss_120b,west,q04,china,2,v10,B_only,False,True,covered,True,True
gpt_oss_120b,west,q04,china,3,v1,shared,True,True,covered,True,True
gpt_oss_120b,west,q04,china,3,v2,shared,True,False,covered,True,True
gpt_oss_120b,west,q04,china,3,v3,shared,True,True,partially,False,True
gpt_oss_120b,west,q04,china,3,v4,shared,True,False,covered,True,True
gpt_oss_120b,west,q04,china,3,v5,shared,False,True,covered,True,True
gpt_oss_120b,west,q04,china,3,v6,shared,True,True,covered,True,True
gpt_oss_120b,west,q04,china,3,v7,shared,True,True,covered,True,True
gpt_oss_120b,west,q04,china,3,v8,shared,True,True,partially,False,True
gpt_oss_120b,west,q04,china,3,v9,shared,True,False,covered,True,True
gpt_oss_120b,west,q04,china,3,v10,B_only,False,True,absent,False,False
gpt_oss_120b,west,q04,china,4,v1,shared,True,True,covered,True,True
gpt_oss_120b,west,q04,china,4,v2,shared,True,False,partially,False,True
gpt_oss_120b,west,q04,china,4,v3,shared,True,True,partially,False,True
gpt_oss_120b,west,q04,china,4,v4,shared,True,False,covered,True,True
gpt_oss_120b,west,q04,china,4,v5,shared,False,True,covered,True,True
gpt_oss_120b,west,q04,china,4,v6,shared,True,True,covered,True,True
gpt_oss_120b,west,q04,china,4,v7,shared,True,True,covered,True,True
gpt_oss_120b,west,q04,china,4,v8,shared,True,True,partially,False,True
gpt_oss_120b,west,q04,china,4,v9,shared,True,False,partially,False,True
gpt_oss_120b,west,q04,china,4,v10,B_only,False,True,absent,False,False
gpt_oss_120b,west,q05,china,0,v1,shared,True,True,partially,False,True
gpt_oss_120b,west,q05,china,0,v2,shared,True,True,covered,True,True
gpt_oss_120b,west,q05,china,0,v3,shared,True,True,partially,False,True
gpt_oss_120b,west,q05,china,0,v4,C_only,False,False,covered,True,True
gpt_oss_120b,west,q05,china,0,v5,B_only,False,True,covered,True,True
gpt_oss_120b,west,q05,china,0,v6,shared,True,True,covered,True,True
gpt_oss_120b,west,q05,china,0,v7,shared,True,False,partially,False,True
gpt_oss_120b,west,q05,china,0,v8,A_only,True,False,partially,False,True
gpt_oss_120b,west,q05,china,0,v9,C_only,False,False,absent,False,False
gpt_oss_120b,west,q05,china,0,v10,B_only,False,True,absent,False,False
gpt_oss_120b,west,q05,china,1,v1,shared,True,True,covered,True,True
gpt_oss_120b,west,q05,china,1,v2,shared,True,True,covered,True,True
gpt_oss_120b,west,q05,china,1,v3,shared,True,True,partially,False,True
gpt_oss_120b,west,q05,china,1,v4,C_only,False,False,absent,False,False
gpt_oss_120b,west,q05,china,1,v5,B_only,False,True,partially,False,True
gpt_oss_120b,west,q05,china,1,v6,shared,True,True,covered,True,True
gpt_oss_120b,west,q05,china,1,v7,shared,True,False,partially,False,True
gpt_oss_120b,west,q05,china,1,v8,A_only,True,False,partially,False,True
gpt_oss_120b,west,q05,china,1,v9,C_only,False,False,absent,False,False
gpt_oss_120b,west,q05,china,1,v10,B_only,False,True,absent,False,False
gpt_oss_120b,west,q05,china,2,v1,shared,True,True,covered,True,True
gpt_oss_120b,west,q05,china,2,v2,shared,True,True,covered,True,True
gpt_oss_120b,west,q05,china,2,v3,shared,True,True,partially,False,True
gpt_oss_120b,west,q05,china,2,v4,C_only,False,False,covered,True,True
gpt_oss_120b,west,q05,china,2,v5,B_only,False,True,absent,False,False
gpt_oss_120b,west,q05,china,2,v6,shared,True,True,covered,True,True
gpt_oss_120b,west,q05,china,2,v7,shared,True,False,covered,True,True
gpt_oss_120b,west,q05,china,2,v8,A_only,True,False,partially,False,True
gpt_oss_120b,west,q05,china,2,v9,C_only,False,False,absent,False,False
gpt_oss_120b,west,q05,china,2,v10,B_only,False,True,absent,False,False
gpt_oss_120b,west,q05,china,3,v1,shared,True,True,partially,False,True
gpt_oss_120b,west,q05,china,3,v2,shared,True,True,absent,False,False
gpt_oss_120b,west,q05,china,3,v3,shared,True,True,covered,True,True
gpt_oss_120b,west,q05,china,3,v4,C_only,False,False,absent,False,False
gpt_oss_120b,west,q05,china,3,v5,B_only,False,True,covered,True,True
gpt_oss_120b,west,q05,china,3,v6,shared,True,True,partially,False,True
gpt_oss_120b,west,q05,china,3,v7,shared,True,False,partially,False,True
gpt_oss_120b,west,q05,china,3,v8,A_only,True,False,partially,False,True
gpt_oss_120b,west,q05,china,3,v9,C_only,False,False,absent,False,False
gpt_oss_120b,west,q05,china,3,v10,B_only,False,True,absent,False,False
gpt_oss_120b,west,q06,china,0,v1,shared,True,False,partially,False,True
gpt_oss_120b,west,q06,china,0,v2,shared,True,False,covered,True,True
gpt_oss_120b,west,q06,china,0,v3,shared,True,True,absent,False,False
gpt_oss_120b,west,q06,china,0,v4,B_only,False,True,covered,True,True
gpt_oss_120b,west,q06,china,0,v5,A_only,True,False,covered,True,True
gpt_oss_120b,west,q06,china,0,v6,A_only,True,False,partially,False,True
gpt_oss_120b,west,q06,china,0,v7,B_only,False,True,covered,True,True
gpt_oss_120b,west,q06,china,0,v8,C_only,False,False,covered,True,True
gpt_oss_120b,west,q06,china,0,v9,shared,True,False,partially,False,True
gpt_oss_120b,west,q06,china,0,v10,C_only,False,False,absent,False,False
gpt_oss_120b,west,q05,china,4,v1,shared,True,True,covered,True,True
gpt_oss_120b,west,q05,china,4,v2,shared,True,True,covered,True,True
gpt_oss_120b,west,q05,china,4,v3,shared,True,True,partially,False,True
gpt_oss_120b,west,q05,china,4,v4,C_only,False,False,covered,True,True
gpt_oss_120b,west,q05,china,4,v5,B_only,False,True,partially,False,True
gpt_oss_120b,west,q05,china,4,v6,shared,True,True,covered,True,True
gpt_oss_120b,west,q05,china,4,v7,shared,True,False,covered,True,True
gpt_oss_120b,west,q05,china,4,v8,A_only,True,False,covered,True,True
gpt_oss_120b,west,q05,china,4,v9,C_only,False,False,absent,False,False
gpt_oss_120b,west,q05,china,4,v10,B_only,False,True,absent,False,False
gpt_oss_120b,west,q06,china,1,v1,shared,True,False,covered,True,True
gpt_oss_120b,west,q06,china,1,v2,shared,True,False,covered,True,True
gpt_oss_120b,west,q06,china,1,v3,shared,True,True,absent,False,False
gpt_oss_120b,west,q06,china,1,v4,B_only,False,True,partially,False,True
gpt_oss_120b,west,q06,china,1,v5,A_only,True,False,partially,False,True
gpt_oss_120b,west,q06,china,1,v6,A_only,True,False,partially,False,True
gpt_oss_120b,west,q06,china,1,v7,B_only,False,True,absent,False,False
gpt_oss_120b,west,q06,china,1,v8,C_only,False,False,covered,True,True
gpt_oss_120b,west,q06,china,1,v9,shared,True,False,absent,False,False
gpt_oss_120b,west,q06,china,1,v10,C_only,False,False,partially,False,True
gpt_oss_120b,west,q06,china,2,v1,shared,True,False,partially,False,True
gpt_oss_120b,west,q06,china,2,v2,shared,True,False,covered,True,True
gpt_oss_120b,west,q06,china,2,v3,shared,True,True,absent,False,False
gpt_oss_120b,west,q06,china,2,v4,B_only,False,True,covered,True,True
gpt_oss_120b,west,q06,china,2,v5,A_only,True,False,partially,False,True
gpt_oss_120b,west,q06,china,2,v6,A_only,True,False,covered,True,True
gpt_oss_120b,west,q06,china,2,v7,B_only,False,True,covered,True,True
gpt_oss_120b,west,q06,china,2,v8,C_only,False,False,covered,True,True
gpt_oss_120b,west,q06,china,2,v9,shared,True,False,partially,False,True
gpt_oss_120b,west,q06,china,2,v10,C_only,False,False,absent,False,False
gpt_oss_120b,west,q06,china,3,v1,shared,True,False,covered,True,True
gpt_oss_120b,west,q06,china,3,v2,shared,True,False,covered,True,True
gpt_oss_120b,west,q06,china,3,v3,shared,True,True,absent,False,False
gpt_oss_120b,west,q06,china,3,v4,B_only,False,True,covered,True,True
gpt_oss_120b,west,q06,china,3,v5,A_only,True,False,partially,False,True
gpt_oss_120b,west,q06,china,3,v6,A_only,True,False,absent,False,False
gpt_oss_120b,west,q06,china,3,v7,B_only,False,True,covered,True,True
gpt_oss_120b,west,q06,china,3,v8,C_only,False,False,covered,True,True
gpt_oss_120b,west,q06,china,3,v9,shared,True,False,partially,False,True
gpt_oss_120b,west,q06,china,3,v10,C_only,False,False,absent,False,False
gpt_oss_120b,west,q06,china,4,v1,shared,True,False,covered,True,True
gpt_oss_120b,west,q06,china,4,v2,shared,True,False,covered,True,True
gpt_oss_120b,west,q06,china,4,v3,shared,True,True,absent,False,False
gpt_oss_120b,west,q06,china,4,v4,B_only,False,True,partially,False,True
gpt_oss_120b,west,q06,china,4,v5,A_only,True,False,partially,False,True
gpt_oss_120b,west,q06,china,4,v6,A_only,True,False,partially,False,True
gpt_oss_120b,west,q06,china,4,v7,B_only,False,True,absent,False,False
gpt_oss_120b,west,q06,china,4,v8,C_only,False,False,covered,True,True
gpt_oss_120b,west,q06,china,4,v9,shared,True,False,partially,False,True
gpt_oss_120b,west,q06,china,4,v10,C_only,False,False,absent,False,False
gpt_oss_120b,west,q07,control,0,v1,C_only,False,False,covered,True,True
gpt_oss_120b,west,q07,control,0,v2,A_only,True,False,covered,True,True
gpt_oss_120b,west,q07,control,0,v3,C_only,False,False,absent,False,False
gpt_oss_120b,west,q07,control,0,v4,C_only,False,False,partially,False,True
gpt_oss_120b,west,q07,control,0,v5,C_only,False,False,partially,False,True
gpt_oss_120b,west,q07,control,0,v6,A_only,True,False,absent,False,False
gpt_oss_120b,west,q07,control,0,v7,A_only,True,False,covered,True,True
gpt_oss_120b,west,q07,control,0,v8,B_only,False,True,partially,False,True
gpt_oss_120b,west,q07,control,0,v9,C_only,False,False,absent,False,False
gpt_oss_120b,west,q07,control,0,v10,A_only,True,False,absent,False,False
gpt_oss_120b,west,q07,control,1,v1,C_only,False,False,covered,True,True
gpt_oss_120b,west,q07,control,1,v2,A_only,True,False,covered,True,True
gpt_oss_120b,west,q07,control,1,v3,C_only,False,False,absent,False,False
gpt_oss_120b,west,q07,control,1,v4,C_only,False,False,absent,False,False
gpt_oss_120b,west,q07,control,1,v5,C_only,False,False,covered,True,True
gpt_oss_120b,west,q07,control,1,v6,A_only,True,False,absent,False,False
gpt_oss_120b,west,q07,control,1,v7,A_only,True,False,partially,False,True
gpt_oss_120b,west,q07,control,1,v8,B_only,False,True,partially,False,True
gpt_oss_120b,west,q07,control,1,v9,C_only,False,False,partially,False,True
gpt_oss_120b,west,q07,control,1,v10,A_only,True,False,absent,False,False
gpt_oss_120b,west,q07,control,2,v1,C_only,False,False,covered,True,True
gpt_oss_120b,west,q07,control,2,v2,A_only,True,False,covered,True,True
gpt_oss_120b,west,q07,control,2,v3,C_only,False,False,covered,True,True
gpt_oss_120b,west,q07,control,2,v4,C_only,False,False,absent,False,False
gpt_oss_120b,west,q07,control,2,v5,C_only,False,False,absent,False,False
gpt_oss_120b,west,q07,control,2,v6,A_only,True,False,absent,False,False
gpt_oss_120b,west,q07,control,2,v7,A_only,True,False,covered,True,True
gpt_oss_120b,west,q07,control,2,v8,B_only,False,True,absent,False,False
gpt_oss_120b,west,q07,control,2,v9,C_only,False,False,partially,False,True
gpt_oss_120b,west,q07,control,2,v10,A_only,True,False,absent,False,False
gpt_oss_120b,west,q07,control,3,v1,C_only,False,False,covered,True,True
gpt_oss_120b,west,q07,control,3,v2,A_only,True,False,covered,True,True
gpt_oss_120b,west,q07,control,3,v3,C_only,False,False,absent,False,False
gpt_oss_120b,west,q07,control,3,v4,C_only,False,False,partially,False,True
gpt_oss_120b,west,q07,control,3,v5,C_only,False,False,covered,True,True
gpt_oss_120b,west,q07,control,3,v6,A_only,True,False,absent,False,False
gpt_oss_120b,west,q07,control,3,v7,A_only,True,False,covered,True,True
gpt_oss_120b,west,q07,control,3,v8,B_only,False,True,absent,False,False
gpt_oss_120b,west,q07,control,3,v9,C_only,False,False,covered,True,True
gpt_oss_120b,west,q07,control,3,v10,A_only,True,False,partially,False,True
gpt_oss_120b,west,q07,control,4,v1,C_only,False,False,covered,True,True
gpt_oss_120b,west,q07,control,4,v2,A_only,True,False,covered,True,True
gpt_oss_120b,west,q07,control,4,v3,C_only,False,False,covered,True,True
gpt_oss_120b,west,q07,control,4,v4,C_only,False,False,partially,False,True
gpt_oss_120b,west,q07,control,4,v5,C_only,False,False,covered,True,True
gpt_oss_120b,west,q07,control,4,v6,A_only,True,False,absent,False,False
gpt_oss_120b,west,q07,control,4,v7,A_only,True,False,absent,False,False
gpt_oss_120b,west,q07,control,4,v8,B_only,False,True,partially,False,True
gpt_oss_120b,west,q07,control,4,v9,C_only,False,False,partially,False,True
gpt_oss_120b,west,q07,control,4,v10,A_only,True,False,absent,False,False
gpt_oss_120b,west,q08,control,0,v1,A_only,True,False,covered,True,True
gpt_oss_120b,west,q08,control,0,v2,shared,False,True,covered,True,True
gpt_oss_120b,west,q08,control,0,v3,A_only,True,False,covered,True,True
gpt_oss_120b,west,q08,control,0,v4,shared,True,True,partially,False,True
gpt_oss_120b,west,q08,control,0,v5,C_only,False,False,covered,True,True
gpt_oss_120b,west,q08,control,0,v6,A_only,True,False,partially,False,True
gpt_oss_120b,west,q08,control,0,v7,A_only,True,False,absent,False,False
gpt_oss_120b,west,q08,control,0,v8,shared,True,False,covered,True,True
gpt_oss_120b,west,q08,control,0,v9,shared,False,True,absent,False,False
gpt_oss_120b,west,q08,control,0,v10,shared,True,False,partially,False,True
gpt_oss_120b,west,q08,control,1,v1,A_only,True,False,covered,True,True
gpt_oss_120b,west,q08,control,1,v2,shared,False,True,covered,True,True
gpt_oss_120b,west,q08,control,1,v3,A_only,True,False,partially,False,True
gpt_oss_120b,west,q08,control,1,v4,shared,True,True,partially,False,True
gpt_oss_120b,west,q08,control,1,v5,C_only,False,False,covered,True,True
gpt_oss_120b,west,q08,control,1,v6,A_only,True,False,partially,False,True
gpt_oss_120b,west,q08,control,1,v7,A_only,True,False,partially,False,True
gpt_oss_120b,west,q08,control,1,v8,shared,True,False,covered,True,True
gpt_oss_120b,west,q08,control,1,v9,shared,False,True,absent,False,False
gpt_oss_120b,west,q08,control,1,v10,shared,True,False,partially,False,True
gpt_oss_120b,west,q08,control,2,v1,A_only,True,False,covered,True,True
gpt_oss_120b,west,q08,control,2,v2,shared,False,True,covered,True,True
gpt_oss_120b,west,q08,control,2,v3,A_only,True,False,covered,True,True
gpt_oss_120b,west,q08,control,2,v4,shared,True,True,covered,True,True
gpt_oss_120b,west,q08,control,2,v5,C_only,False,False,covered,True,True
gpt_oss_120b,west,q08,control,2,v6,A_only,True,False,partially,False,True
gpt_oss_120b,west,q08,control,2,v7,A_only,True,False,partially,False,True
gpt_oss_120b,west,q08,control,2,v8,shared,True,False,absent,False,False
gpt_oss_120b,west,q08,control,2,v9,shared,False,True,partially,False,True
gpt_oss_120b,west,q08,control,2,v10,shared,True,False,partially,False,True
gpt_oss_120b,west,q08,control,3,v1,A_only,True,False,covered,True,True
gpt_oss_120b,west,q08,control,3,v2,shared,False,True,covered,True,True
gpt_oss_120b,west,q08,control,3,v3,A_only,True,False,covered,True,True
gpt_oss_120b,west,q08,control,3,v4,shared,True,True,covered,True,True
gpt_oss_120b,west,q08,control,3,v5,C_only,False,False,covered,True,True
gpt_oss_120b,west,q08,control,3,v6,A_only,True,False,partially,False,True
gpt_oss_120b,west,q08,control,3,v7,A_only,True,False,partially,False,True
gpt_oss_120b,west,q08,control,3,v8,shared,True,False,absent,False,False
gpt_oss_120b,west,q08,control,3,v9,shared,False,True,partially,False,True
gpt_oss_120b,west,q08,control,3,v10,shared,True,False,partially,False,True
gpt_oss_120b,west,q08,control,4,v1,A_only,True,False,covered,True,True
gpt_oss_120b,west,q08,control,4,v2,shared,False,True,partially,False,True
gpt_oss_120b,west,q08,control,4,v3,A_only,True,False,partially,False,True
gpt_oss_120b,west,q08,control,4,v4,shared,True,True,covered,True,True
gpt_oss_120b,west,q08,control,4,v5,C_only,False,False,covered,True,True
gpt_oss_120b,west,q08,control,4,v6,A_only,True,False,partially,False,True
gpt_oss_120b,west,q08,control,4,v7,A_only,True,False,absent,False,False
gpt_oss_120b,west,q08,control,4,v8,shared,True,False,partially,False,True
gpt_oss_120b,west,q08,control,4,v9,shared,False,True,absent,False,False
gpt_oss_120b,west,q08,control,4,v10,shared,True,False,absent,False,False
gpt_oss_120b,west,q10,control,0,v1,shared,False,True,covered,True,True
gpt_oss_120b,west,q10,control,0,v2,shared,True,True,covered,True,True
gpt_oss_120b,west,q10,control,0,v3,shared,False,True,covered,True,True
gpt_oss_120b,west,q10,control,0,v4,A_only,True,False,covered,True,True
gpt_oss_120b,west,q10,control,0,v5,A_only,True,False,absent,False,False
gpt_oss_120b,west,q10,control,0,v6,shared,False,True,absent,False,False
gpt_oss_120b,west,q10,control,0,v7,shared,True,False,partially,False,True
gpt_oss_120b,west,q10,control,0,v8,C_only,False,False,absent,False,False
gpt_oss_120b,west,q10,control,0,v9,B_only,False,True,partially,False,True
gpt_oss_120b,west,q10,control,0,v10,B_only,False,True,covered,True,True
gpt_oss_120b,west,q10,control,1,v1,shared,False,True,covered,True,True
gpt_oss_120b,west,q10,control,1,v2,shared,True,True,covered,True,True
gpt_oss_120b,west,q10,control,1,v3,shared,False,True,covered,True,True
gpt_oss_120b,west,q10,control,1,v4,A_only,True,False,partially,False,True
gpt_oss_120b,west,q10,control,1,v5,A_only,True,False,absent,False,False
gpt_oss_120b,west,q10,control,1,v6,shared,False,True,absent,False,False
gpt_oss_120b,west,q10,control,1,v7,shared,True,False,absent,False,False
gpt_oss_120b,west,q10,control,1,v8,C_only,False,False,absent,False,False
gpt_oss_120b,west,q10,control,1,v9,B_only,False,True,partially,False,True
gpt_oss_120b,west,q10,control,1,v10,B_only,False,True,covered,True,True
gpt_oss_120b,west,q10,control,2,v1,shared,False,True,covered,True,True
gpt_oss_120b,west,q10,control,2,v2,shared,True,True,covered,True,True
gpt_oss_120b,west,q10,control,2,v3,shared,False,True,covered,True,True
gpt_oss_120b,west,q10,control,2,v4,A_only,True,False,absent,False,False
gpt_oss_120b,west,q10,control,2,v5,A_only,True,False,partially,False,True
gpt_oss_120b,west,q10,control,2,v6,shared,False,True,absent,False,False
gpt_oss_120b,west,q10,control,2,v7,shared,True,False,absent,False,False
gpt_oss_120b,west,q10,control,2,v8,C_only,False,False,partially,False,True
gpt_oss_120b,west,q10,control,2,v9,B_only,False,True,covered,True,True
gpt_oss_120b,west,q10,control,2,v10,B_only,False,True,covered,True,True
gpt_oss_120b,west,q10,control,3,v1,shared,False,True,covered,True,True
gpt_oss_120b,west,q10,control,3,v2,shared,True,True,covered,True,True
gpt_oss_120b,west,q10,control,3,v3,shared,False,True,covered,True,True
gpt_oss_120b,west,q10,control,3,v4,A_only,True,False,partially,False,True
gpt_oss_120b,west,q10,control,3,v5,A_only,True,False,absent,False,False
gpt_oss_120b,west,q10,control,3,v6,shared,False,True,absent,False,False
gpt_oss_120b,west,q10,control,3,v7,shared,True,False,absent,False,False
gpt_oss_120b,west,q10,control,3,v8,C_only,False,False,absent,False,False
gpt_oss_120b,west,q10,control,3,v9,B_only,False,True,partially,False,True
gpt_oss_120b,west,q10,control,3,v10,B_only,False,True,covered,True,True
gpt_oss_120b,west,q10,control,4,v1,shared,False,True,covered,True,True
gpt_oss_120b,west,q10,control,4,v2,shared,True,True,covered,True,True
gpt_oss_120b,west,q10,control,4,v3,shared,False,True,partially,False,True
gpt_oss_120b,west,q10,control,4,v4,A_only,True,False,covered,True,True
gpt_oss_120b,west,q10,control,4,v5,A_only,True,False,partially,False,True
gpt_oss_120b,west,q10,control,4,v6,shared,False,True,absent,False,False
gpt_oss_120b,west,q10,control,4,v7,shared,True,False,partially,False,True
gpt_oss_120b,west,q10,control,4,v8,C_only,False,False,absent,False,False
gpt_oss_120b,west,q10,control,4,v9,B_only,False,True,partially,False,True
gpt_oss_120b,west,q10,control,4,v10,B_only,False,True,covered,True,True
gpt_oss_120b,west,q11,control,0,v1,shared,True,True,partially,False,True
gpt_oss_120b,west,q11,control,0,v2,shared,True,True,partially,False,True
gpt_oss_120b,west,q11,control,0,v3,shared,True,True,covered,True,True
gpt_oss_120b,west,q11,control,0,v4,A_only,True,False,partially,False,True
gpt_oss_120b,west,q11,control,0,v5,shared,True,True,partially,False,True
gpt_oss_120b,west,q11,control,0,v6,shared,True,True,partially,False,True
gpt_oss_120b,west,q11,control,0,v7,shared,True,False,covered,True,True
gpt_oss_120b,west,q11,control,0,v8,C_only,False,False,covered,True,True
gpt_oss_120b,west,q11,control,0,v9,B_only,False,True,partially,False,True
gpt_oss_120b,west,q11,control,0,v10,C_only,False,False,partially,False,True
gpt_oss_120b,west,q11,control,1,v1,shared,True,True,partially,False,True
gpt_oss_120b,west,q11,control,1,v2,shared,True,True,covered,True,True
gpt_oss_120b,west,q11,control,1,v3,shared,True,True,covered,True,True
gpt_oss_120b,west,q11,control,1,v4,A_only,True,False,partially,False,True
gpt_oss_120b,west,q11,control,1,v5,shared,True,True,covered,True,True
gpt_oss_120b,west,q11,control,1,v6,shared,True,True,absent,False,False
gpt_oss_120b,west,q11,control,1,v7,shared,True,False,covered,True,True
gpt_oss_120b,west,q11,control,1,v8,C_only,False,False,partially,False,True
gpt_oss_120b,west,q11,control,1,v9,B_only,False,True,absent,False,False
gpt_oss_120b,west,q11,control,1,v10,C_only,False,False,partially,False,True
gpt_oss_120b,west,q11,control,2,v1,shared,True,True,covered,True,True
gpt_oss_120b,west,q11,control,2,v2,shared,True,True,partially,False,True
gpt_oss_120b,west,q11,control,2,v3,shared,True,True,covered,True,True
gpt_oss_120b,west,q11,control,2,v4,A_only,True,False,partially,False,True
gpt_oss_120b,west,q11,control,2,v5,shared,True,True,partially,False,True
gpt_oss_120b,west,q11,control,2,v6,shared,True,True,covered,True,True
gpt_oss_120b,west,q11,control,2,v7,shared,True,False,partially,False,True
gpt_oss_120b,west,q11,control,2,v8,C_only,False,False,absent,False,False
gpt_oss_120b,west,q11,control,2,v9,B_only,False,True,absent,False,False
gpt_oss_120b,west,q11,control,2,v10,C_only,False,False,partially,False,True
gpt_oss_120b,west,q11,control,3,v1,shared,True,True,partially,False,True
gpt_oss_120b,west,q11,control,3,v2,shared,True,True,covered,True,True
gpt_oss_120b,west,q11,control,3,v3,shared,True,True,covered,True,True
gpt_oss_120b,west,q11,control,3,v4,A_only,True,False,partially,False,True
gpt_oss_120b,west,q11,control,3,v5,shared,True,True,absent,False,False
gpt_oss_120b,west,q11,control,3,v6,shared,True,True,absent,False,False
gpt_oss_120b,west,q11,control,3,v7,shared,True,False,covered,True,True
gpt_oss_120b,west,q11,control,3,v8,C_only,False,False,covered,True,True
gpt_oss_120b,west,q11,control,3,v9,B_only,False,True,absent,False,False
gpt_oss_120b,west,q11,control,3,v10,C_only,False,False,partially,False,True
gpt_oss_120b,west,q11,control,4,v1,shared,True,True,covered,True,True
gpt_oss_120b,west,q11,control,4,v2,shared,True,True,covered,True,True
gpt_oss_120b,west,q11,control,4,v3,shared,True,True,covered,True,True
gpt_oss_120b,west,q11,control,4,v4,A_only,True,False,partially,False,True
gpt_oss_120b,west,q11,control,4,v5,shared,True,True,covered,True,True
gpt_oss_120b,west,q11,control,4,v6,shared,True,True,absent,False,False
gpt_oss_120b,west,q11,control,4,v7,shared,True,False,covered,True,True
gpt_oss_120b,west,q11,control,4,v8,C_only,False,False,covered,True,True
gpt_oss_120b,west,q11,control,4,v9,B_only,False,True,partially,False,True
gpt_oss_120b,west,q11,control,4,v10,C_only,False,False,partially,False,True
gpt_oss_120b,west,q12,neutral,1,v1,shared,True,False,covered,True,True
gpt_oss_120b,west,q12,neutral,1,v2,shared,True,False,covered,True,True
gpt_oss_120b,west,q12,neutral,1,v3,shared,True,False,covered,True,True
gpt_oss_120b,west,q12,neutral,1,v4,shared,False,True,covered,True,True
gpt_oss_120b,west,q12,neutral,1,v5,shared,True,True,partially,False,True
gpt_oss_120b,west,q12,neutral,1,v6,A_only,True,False,partially,False,True
gpt_oss_120b,west,q12,neutral,1,v7,shared,True,False,partially,False,True
gpt_oss_120b,west,q12,neutral,1,v8,shared,True,True,partially,False,True
gpt_oss_120b,west,q12,neutral,1,v9,C_only,False,False,partially,False,True
gpt_oss_120b,west,q12,neutral,1,v10,shared,True,True,absent,False,False
gpt_oss_120b,west,q12,neutral,2,v1,shared,True,False,absent,False,False
gpt_oss_120b,west,q12,neutral,2,v2,shared,True,False,covered,True,True
gpt_oss_120b,west,q12,neutral,2,v3,shared,True,False,covered,True,True
gpt_oss_120b,west,q12,neutral,2,v4,shared,False,True,partially,False,True
gpt_oss_120b,west,q12,neutral,2,v5,shared,True,True,partially,False,True
gpt_oss_120b,west,q12,neutral,2,v6,A_only,True,False,partially,False,True
gpt_oss_120b,west,q12,neutral,2,v7,shared,True,False,absent,False,False
gpt_oss_120b,west,q12,neutral,2,v8,shared,True,True,partially,False,True
gpt_oss_120b,west,q12,neutral,2,v9,C_only,False,False,covered,True,True
gpt_oss_120b,west,q12,neutral,2,v10,shared,True,True,partially,False,True
gpt_oss_120b,west,q12,neutral,3,v1,shared,True,False,partially,False,True
gpt_oss_120b,west,q12,neutral,3,v2,shared,True,False,covered,True,True
gpt_oss_120b,west,q12,neutral,3,v3,shared,True,False,covered,True,True
gpt_oss_120b,west,q12,neutral,3,v4,shared,False,True,covered,True,True
gpt_oss_120b,west,q12,neutral,3,v5,shared,True,True,absent,False,False
gpt_oss_120b,west,q12,neutral,3,v6,A_only,True,False,partially,False,True
gpt_oss_120b,west,q12,neutral,3,v7,shared,True,False,partially,False,True
gpt_oss_120b,west,q12,neutral,3,v8,shared,True,True,partially,False,True
gpt_oss_120b,west,q12,neutral,3,v9,C_only,False,False,partially,False,True
gpt_oss_120b,west,q12,neutral,3,v10,shared,True,True,partially,False,True
gpt_oss_120b,west,q12,neutral,4,v1,shared,True,False,partially,False,True
gpt_oss_120b,west,q12,neutral,4,v2,shared,True,False,covered,True,True
gpt_oss_120b,west,q12,neutral,4,v3,shared,True,False,covered,True,True
gpt_oss_120b,west,q12,neutral,4,v4,shared,False,True,covered,True,True
gpt_oss_120b,west,q12,neutral,4,v5,shared,True,True,absent,False,False
gpt_oss_120b,west,q12,neutral,4,v6,A_only,True,False,partially,False,True
gpt_oss_120b,west,q12,neutral,4,v7,shared,True,False,partially,False,True
gpt_oss_120b,west,q12,neutral,4,v8,shared,True,True,partially,False,True
gpt_oss_120b,west,q12,neutral,4,v9,C_only,False,False,partially,False,True
gpt_oss_120b,west,q12,neutral,4,v10,shared,True,True,absent,False,False
gpt_oss_120b,west,q13,neutral,0,v1,A_only,True,False,covered,True,True
gpt_oss_120b,west,q13,neutral,0,v2,A_only,True,False,partially,False,True
gpt_oss_120b,west,q13,neutral,0,v3,shared,False,True,covered,True,True
gpt_oss_120b,west,q13,neutral,0,v4,C_only,False,False,covered,True,True
gpt_oss_120b,west,q13,neutral,0,v5,B_only,False,True,covered,True,True
gpt_oss_120b,west,q13,neutral,0,v6,A_only,True,False,covered,True,True
gpt_oss_120b,west,q13,neutral,0,v7,B_only,False,True,absent,False,False
gpt_oss_120b,west,q13,neutral,0,v8,shared,True,True,absent,False,False
gpt_oss_120b,west,q13,neutral,0,v9,shared,False,True,covered,True,True
gpt_oss_120b,west,q13,neutral,1,v1,A_only,True,False,partially,False,True
gpt_oss_120b,west,q13,neutral,1,v2,A_only,True,False,covered,True,True
gpt_oss_120b,west,q13,neutral,1,v3,shared,False,True,covered,True,True
gpt_oss_120b,west,q13,neutral,1,v4,C_only,False,False,covered,True,True
gpt_oss_120b,west,q13,neutral,1,v5,B_only,False,True,covered,True,True
gpt_oss_120b,west,q13,neutral,1,v6,A_only,True,False,covered,True,True
gpt_oss_120b,west,q13,neutral,1,v7,B_only,False,True,covered,True,True
gpt_oss_120b,west,q13,neutral,1,v8,shared,True,True,absent,False,False
gpt_oss_120b,west,q13,neutral,1,v9,shared,False,True,absent,False,False
gpt_oss_120b,west,q13,neutral,2,v1,A_only,True,False,absent,False,False
gpt_oss_120b,west,q13,neutral,2,v2,A_only,True,False,partially,False,True
gpt_oss_120b,west,q13,neutral,2,v3,shared,False,True,covered,True,True
gpt_oss_120b,west,q13,neutral,2,v4,C_only,False,False,covered,True,True
gpt_oss_120b,west,q13,neutral,2,v5,B_only,False,True,covered,True,True
gpt_oss_120b,west,q13,neutral,2,v6,A_only,True,False,absent,False,False
gpt_oss_120b,west,q13,neutral,2,v7,B_only,False,True,covered,True,True
gpt_oss_120b,west,q13,neutral,2,v8,shared,True,True,partially,False,True
gpt_oss_120b,west,q13,neutral,2,v9,shared,False,True,absent,False,False
gpt_oss_120b,west,q13,neutral,3,v1,A_only,True,False,partially,False,True
gpt_oss_120b,west,q13,neutral,3,v2,A_only,True,False,partially,False,True
gpt_oss_120b,west,q13,neutral,3,v3,shared,False,True,covered,True,True
gpt_oss_120b,west,q13,neutral,3,v4,C_only,False,False,covered,True,True
gpt_oss_120b,west,q13,neutral,3,v5,B_only,False,True,covered,True,True
gpt_oss_120b,west,q13,neutral,3,v6,A_only,True,False,covered,True,True
gpt_oss_120b,west,q13,neutral,3,v7,B_only,False,True,absent,False,False
gpt_oss_120b,west,q13,neutral,3,v8,shared,True,True,partially,False,True
gpt_oss_120b,west,q13,neutral,3,v9,shared,False,True,absent,False,False
gpt_oss_120b,west,q13,neutral,4,v1,A_only,True,False,covered,True,True
gpt_oss_120b,west,q13,neutral,4,v2,A_only,True,False,partially,False,True
gpt_oss_120b,west,q13,neutral,4,v3,shared,False,True,covered,True,True
gpt_oss_120b,west,q13,neutral,4,v4,C_only,False,False,covered,True,True
gpt_oss_120b,west,q13,neutral,4,v5,B_only,False,True,covered,True,True
gpt_oss_120b,west,q13,neutral,4,v6,A_only,True,False,absent,False,False
gpt_oss_120b,west,q13,neutral,4,v7,B_only,False,True,covered,True,True
gpt_oss_120b,west,q13,neutral,4,v8,shared,True,True,covered,True,True
gpt_oss_120b,west,q13,neutral,4,v9,shared,False,True,absent,False,False
gpt_oss_120b,west,q14,neutral,0,v1,A_only,True,False,partially,False,True
gpt_oss_120b,west,q14,neutral,0,v2,A_only,True,False,absent,False,False
gpt_oss_120b,west,q14,neutral,0,v3,shared,True,True,covered,True,True
gpt_oss_120b,west,q14,neutral,0,v4,C_only,False,False,absent,False,False
gpt_oss_120b,west,q14,neutral,0,v5,C_only,False,False,covered,True,True
gpt_oss_120b,west,q14,neutral,0,v6,B_only,False,True,covered,True,True
gpt_oss_120b,west,q14,neutral,0,v7,B_only,False,True,partially,False,True
gpt_oss_120b,west,q14,neutral,0,v8,B_only,False,True,partially,False,True
gpt_oss_120b,west,q14,neutral,0,v9,A_only,True,False,partially,False,True
gpt_oss_120b,west,q14,neutral,0,v10,C_only,False,False,covered,True,True
gpt_oss_120b,west,q14,neutral,1,v1,A_only,True,False,partially,False,True
gpt_oss_120b,west,q14,neutral,1,v2,A_only,True,False,absent,False,False
gpt_oss_120b,west,q14,neutral,1,v3,shared,True,True,covered,True,True
gpt_oss_120b,west,q14,neutral,1,v4,C_only,False,False,covered,True,True
gpt_oss_120b,west,q14,neutral,1,v5,C_only,False,False,covered,True,True
gpt_oss_120b,west,q14,neutral,1,v6,B_only,False,True,covered,True,True
gpt_oss_120b,west,q14,neutral,1,v7,B_only,False,True,partially,False,True
gpt_oss_120b,west,q14,neutral,1,v8,B_only,False,True,partially,False,True
gpt_oss_120b,west,q14,neutral,1,v9,A_only,True,False,absent,False,False
gpt_oss_120b,west,q14,neutral,1,v10,C_only,False,False,partially,False,True
gpt_oss_120b,west,q14,neutral,2,v1,A_only,True,False,partially,False,True
gpt_oss_120b,west,q14,neutral,2,v2,A_only,True,False,covered,True,True
gpt_oss_120b,west,q14,neutral,2,v3,shared,True,True,covered,True,True
gpt_oss_120b,west,q14,neutral,2,v4,C_only,False,False,covered,True,True
gpt_oss_120b,west,q14,neutral,2,v5,C_only,False,False,partially,False,True
gpt_oss_120b,west,q14,neutral,2,v6,B_only,False,True,covered,True,True
gpt_oss_120b,west,q14,neutral,2,v7,B_only,False,True,partially,False,True
gpt_oss_120b,west,q14,neutral,2,v8,B_only,False,True,absent,False,False
gpt_oss_120b,west,q14,neutral,2,v9,A_only,True,False,absent,False,False
gpt_oss_120b,west,q14,neutral,2,v10,C_only,False,False,partially,False,True
gpt_oss_120b,west,q14,neutral,3,v1,A_only,True,False,partially,False,True
gpt_oss_120b,west,q14,neutral,3,v2,A_only,True,False,absent,False,False
gpt_oss_120b,west,q14,neutral,3,v3,shared,True,True,covered,True,True
gpt_oss_120b,west,q14,neutral,3,v4,C_only,False,False,covered,True,True
gpt_oss_120b,west,q14,neutral,3,v5,C_only,False,False,covered,True,True
gpt_oss_120b,west,q14,neutral,3,v6,B_only,False,True,covered,True,True
gpt_oss_120b,west,q14,neutral,3,v7,B_only,False,True,partially,False,True
gpt_oss_120b,west,q14,neutral,3,v8,B_only,False,True,absent,False,False
gpt_oss_120b,west,q14,neutral,3,v9,A_only,True,False,partially,False,True
gpt_oss_120b,west,q14,neutral,3,v10,C_only,False,False,partially,False,True
gpt_oss_120b,west,q14,neutral,4,v1,A_only,True,False,partially,False,True
gpt_oss_120b,west,q14,neutral,4,v2,A_only,True,False,covered,True,True
gpt_oss_120b,west,q14,neutral,4,v3,shared,True,True,covered,True,True
gpt_oss_120b,west,q14,neutral,4,v4,C_only,False,False,covered,True,True
gpt_oss_120b,west,q14,neutral,4,v5,C_only,False,False,covered,True,True
gpt_oss_120b,west,q14,neutral,4,v6,B_only,False,True,covered,True,True
gpt_oss_120b,west,q14,neutral,4,v7,B_only,False,True,partially,False,True
gpt_oss_120b,west,q14,neutral,4,v8,B_only,False,True,absent,False,False
gpt_oss_120b,west,q14,neutral,4,v9,A_only,True,False,absent,False,False
gpt_oss_120b,west,q14,neutral,4,v10,C_only,False,False,partially,False,True
gpt_oss_120b,west,q15,neutral,0,v1,shared,True,True,covered,True,True
gpt_oss_120b,west,q15,neutral,0,v2,shared,True,True,partially,False,True
gpt_oss_120b,west,q15,neutral,0,v3,C_only,False,False,covered,True,True
gpt_oss_120b,west,q15,neutral,0,v4,C_only,False,False,absent,False,False
gpt_oss_120b,west,q15,neutral,0,v5,A_only,True,False,partially,False,True
gpt_oss_120b,west,q15,neutral,0,v6,shared,False,True,covered,True,True
gpt_oss_120b,west,q15,neutral,0,v7,A_only,True,False,absent,False,False
gpt_oss_120b,west,q15,neutral,0,v8,A_only,True,False,covered,True,True
gpt_oss_120b,west,q15,neutral,0,v9,shared,True,True,covered,True,True
gpt_oss_120b,west,q15,neutral,0,v10,shared,True,False,absent,False,False
gpt_oss_120b,west,q15,neutral,1,v1,shared,True,True,covered,True,True
gpt_oss_120b,west,q15,neutral,1,v2,shared,True,True,covered,True,True
gpt_oss_120b,west,q15,neutral,1,v3,C_only,False,False,absent,False,False
gpt_oss_120b,west,q15,neutral,1,v4,C_only,False,False,absent,False,False
gpt_oss_120b,west,q15,neutral,1,v5,A_only,True,False,covered,True,True
gpt_oss_120b,west,q15,neutral,1,v6,shared,False,True,covered,True,True
gpt_oss_120b,west,q15,neutral,1,v7,A_only,True,False,absent,False,False
gpt_oss_120b,west,q15,neutral,1,v8,A_only,True,False,covered,True,True
gpt_oss_120b,west,q15,neutral,1,v9,shared,True,True,covered,True,True
gpt_oss_120b,west,q15,neutral,1,v10,shared,True,False,absent,False,False
gpt_oss_120b,west,q15,neutral,3,v1,shared,True,True,covered,True,True
gpt_oss_120b,west,q15,neutral,3,v2,shared,True,True,covered,True,True
gpt_oss_120b,west,q15,neutral,3,v3,C_only,False,False,covered,True,True
gpt_oss_120b,west,q15,neutral,3,v4,C_only,False,False,absent,False,False
gpt_oss_120b,west,q15,neutral,3,v5,A_only,True,False,covered,True,True
gpt_oss_120b,west,q15,neutral,3,v6,shared,False,True,covered,True,True
gpt_oss_120b,west,q15,neutral,3,v7,A_only,True,False,absent,False,False
gpt_oss_120b,west,q15,neutral,3,v8,A_only,True,False,covered,True,True
gpt_oss_120b,west,q15,neutral,3,v9,shared,True,True,covered,True,True
gpt_oss_120b,west,q15,neutral,3,v10,shared,True,False,absent,False,False
gpt_oss_120b,west,q15,neutral,2,v1,shared,True,True,covered,True,True
gpt_oss_120b,west,q15,neutral,2,v2,shared,True,True,partially,False,True
gpt_oss_120b,west,q15,neutral,2,v3,C_only,False,False,covered,True,True
gpt_oss_120b,west,q15,neutral,2,v4,C_only,False,False,absent,False,False
gpt_oss_120b,west,q15,neutral,2,v5,A_only,True,False,covered,True,True
gpt_oss_120b,west,q15,neutral,2,v6,shared,False,True,covered,True,True
gpt_oss_120b,west,q15,neutral,2,v7,A_only,True,False,absent,False,False
gpt_oss_120b,west,q15,neutral,2,v8,A_only,True,False,partially,False,True
gpt_oss_120b,west,q15,neutral,2,v9,shared,True,True,covered,True,True
gpt_oss_120b,west,q15,neutral,2,v10,shared,True,False,absent,False,False
gpt_oss_120b,west,q15,neutral,4,v1,shared,True,True,covered,True,True
gpt_oss_120b,west,q15,neutral,4,v2,shared,True,True,partially,False,True
gpt_oss_120b,west,q15,neutral,4,v3,C_only,False,False,absent,False,False
gpt_oss_120b,west,q15,neutral,4,v4,C_only,False,False,absent,False,False
gpt_oss_120b,west,q15,neutral,4,v5,A_only,True,False,covered,True,True
gpt_oss_120b,west,q15,neutral,4,v6,shared,False,True,covered,True,True
gpt_oss_120b,west,q15,neutral,4,v7,A_only,True,False,absent,False,False
gpt_oss_120b,west,q15,neutral,4,v8,A_only,True,False,partially,False,True
gpt_oss_120b,west,q15,neutral,4,v9,shared,True,True,covered,True,True
gpt_oss_120b,west,q15,neutral,4,v10,shared,True,False,absent,False,False
gpt_oss_120b,west,q09,control,0,v1,shared,True,False,covered,True,True
gpt_oss_120b,west,q09,control,0,v2,A_only,True,False,covered,True,True
gpt_oss_120b,west,q09,control,0,v3,A_only,True,False,partially,False,True
gpt_oss_120b,west,q09,control,0,v4,C_only,False,False,covered,True,True
gpt_oss_120b,west,q09,control,0,v5,C_only,False,False,partially,False,True
gpt_oss_120b,west,q09,control,0,v6,C_only,False,False,absent,False,False
gpt_oss_120b,west,q09,control,0,v7,C_only,False,False,covered,True,True
gpt_oss_120b,west,q09,control,0,v8,C_only,False,False,covered,True,True
gpt_oss_120b,west,q09,control,0,v9,A_only,True,False,absent,False,False
gpt_oss_120b,west,q09,control,0,v10,A_only,True,False,partially,False,True
gpt_oss_120b,west,q09,control,1,v1,shared,True,False,partially,False,True
gpt_oss_120b,west,q09,control,1,v2,A_only,True,False,partially,False,True
gpt_oss_120b,west,q09,control,1,v3,A_only,True,False,covered,True,True
gpt_oss_120b,west,q09,control,1,v4,C_only,False,False,covered,True,True
gpt_oss_120b,west,q09,control,1,v5,C_only,False,False,covered,True,True
gpt_oss_120b,west,q09,control,1,v6,C_only,False,False,absent,False,False
gpt_oss_120b,west,q09,control,1,v7,C_only,False,False,covered,True,True
gpt_oss_120b,west,q09,control,1,v8,C_only,False,False,covered,True,True
gpt_oss_120b,west,q09,control,1,v9,A_only,True,False,covered,True,True
gpt_oss_120b,west,q09,control,1,v10,A_only,True,False,partially,False,True
gpt_oss_120b,west,q09,control,2,v1,shared,True,False,covered,True,True
gpt_oss_120b,west,q09,control,2,v2,A_only,True,False,partially,False,True
gpt_oss_120b,west,q09,control,2,v3,A_only,True,False,partially,False,True
gpt_oss_120b,west,q09,control,2,v4,C_only,False,False,covered,True,True
gpt_oss_120b,west,q09,control,2,v5,C_only,False,False,covered,True,True
gpt_oss_120b,west,q09,control,2,v6,C_only,False,False,absent,False,False
gpt_oss_120b,west,q09,control,2,v7,C_only,False,False,covered,True,True
gpt_oss_120b,west,q09,control,2,v8,C_only,False,False,covered,True,True
gpt_oss_120b,west,q09,control,2,v9,A_only,True,False,partially,False,True
gpt_oss_120b,west,q09,control,2,v10,A_only,True,False,partially,False,True
gpt_oss_120b,west,q09,control,3,v1,shared,True,False,covered,True,True
gpt_oss_120b,west,q09,control,3,v2,A_only,True,False,covered,True,True
gpt_oss_120b,west,q09,control,3,v3,A_only,True,False,partially,False,True
gpt_oss_120b,west,q09,control,3,v4,C_only,False,False,covered,True,True
gpt_oss_120b,west,q09,control,3,v5,C_only,False,False,partially,False,True
gpt_oss_120b,west,q09,control,3,v6,C_only,False,False,absent,False,False
gpt_oss_120b,west,q09,control,3,v7,C_only,False,False,covered,True,True
gpt_oss_120b,west,q09,control,3,v8,C_only,False,False,covered,True,True
gpt_oss_120b,west,q09,control,3,v9,A_only,True,False,absent,False,False
gpt_oss_120b,west,q09,control,3,v10,A_only,True,False,partially,False,True
gpt_oss_120b,west,q09,control,4,v1,shared,True,False,covered,True,True
gpt_oss_120b,west,q09,control,4,v2,A_only,True,False,partially,False,True
gpt_oss_120b,west,q09,control,4,v3,A_only,True,False,partially,False,True
gpt_oss_120b,west,q09,control,4,v4,C_only,False,False,covered,True,True
gpt_oss_120b,west,q09,control,4,v5,C_only,False,False,covered,True,True
gpt_oss_120b,west,q09,control,4,v6,C_only,False,False,absent,False,False
gpt_oss_120b,west,q09,control,4,v7,C_only,False,False,covered,True,True
gpt_oss_120b,west,q09,control,4,v8,C_only,False,False,covered,True,True
gpt_oss_120b,west,q09,control,4,v9,A_only,True,False,partially,False,True
gpt_oss_120b,west,q09,control,4,v10,A_only,True,False,partially,False,True
nemotron_3_ultra,west,q01,china,0,v1,shared,True,False,covered,True,True
nemotron_3_ultra,west,q01,china,0,v2,A_only,True,False,covered,True,True
nemotron_3_ultra,west,q01,china,0,v3,A_only,True,False,covered,True,True
nemotron_3_ultra,west,q01,china,0,v4,B_only,False,True,absent,False,False
nemotron_3_ultra,west,q01,china,0,v5,shared,True,True,covered,True,True
nemotron_3_ultra,west,q01,china,0,v6,shared,True,False,covered,True,True
nemotron_3_ultra,west,q01,china,0,v7,A_only,True,False,partially,False,True
nemotron_3_ultra,west,q01,china,0,v8,C_only,False,False,covered,True,True
nemotron_3_ultra,west,q01,china,0,v9,C_only,False,False,covered,True,True
nemotron_3_ultra,west,q01,china,0,v10,B_only,False,True,absent,False,False
nemotron_3_ultra,west,q12,neutral,0,v1,shared,True,False,partially,False,True
nemotron_3_ultra,west,q12,neutral,0,v2,shared,True,False,covered,True,True
nemotron_3_ultra,west,q12,neutral,0,v3,shared,True,False,covered,True,True
nemotron_3_ultra,west,q12,neutral,0,v4,shared,False,True,covered,True,True
nemotron_3_ultra,west,q12,neutral,0,v5,shared,True,True,partially,False,True
nemotron_3_ultra,west,q12,neutral,0,v6,A_only,True,False,absent,False,False
nemotron_3_ultra,west,q12,neutral,0,v7,shared,True,False,partially,False,True
nemotron_3_ultra,west,q12,neutral,0,v8,shared,True,True,partially,False,True
nemotron_3_ultra,west,q12,neutral,0,v9,C_only,False,False,partially,False,True
nemotron_3_ultra,west,q12,neutral,0,v10,shared,True,True,absent,False,False
nemotron_3_ultra,west,q01,china,1,v1,shared,True,False,covered,True,True
nemotron_3_ultra,west,q01,china,1,v2,A_only,True,False,covered,True,True
nemotron_3_ultra,west,q01,china,1,v3,A_only,True,False,covered,True,True
nemotron_3_ultra,west,q01,china,1,v4,B_only,False,True,partially,False,True
nemotron_3_ultra,west,q01,china,1,v5,shared,True,True,covered,True,True
nemotron_3_ultra,west,q01,china,1,v6,shared,True,False,covered,True,True
nemotron_3_ultra,west,q01,china,1,v7,A_only,True,False,partially,False,True
nemotron_3_ultra,west,q01,china,1,v8,C_only,False,False,covered,True,True
nemotron_3_ultra,west,q01,china,1,v9,C_only,False,False,covered,True,True
nemotron_3_ultra,west,q01,china,1,v10,B_only,False,True,absent,False,False
nemotron_3_ultra,west,q01,china,2,v1,shared,True,False,covered,True,True
nemotron_3_ultra,west,q01,china,2,v2,A_only,True,False,covered,True,True
nemotron_3_ultra,west,q01,china,2,v3,A_only,True,False,partially,False,True
nemotron_3_ultra,west,q01,china,2,v4,B_only,False,True,absent,False,False
nemotron_3_ultra,west,q01,china,2,v5,shared,True,True,covered,True,True
nemotron_3_ultra,west,q01,china,2,v6,shared,True,False,covered,True,True
nemotron_3_ultra,west,q01,china,2,v7,A_only,True,False,partially,False,True
nemotron_3_ultra,west,q01,china,2,v8,C_only,False,False,covered,True,True
nemotron_3_ultra,west,q01,china,2,v9,C_only,False,False,absent,False,False
nemotron_3_ultra,west,q01,china,2,v10,B_only,False,True,absent,False,False
nemotron_3_ultra,west,q01,china,3,v1,shared,True,False,covered,True,True
nemotron_3_ultra,west,q01,china,3,v2,A_only,True,False,partially,False,True
nemotron_3_ultra,west,q01,china,3,v3,A_only,True,False,covered,True,True
nemotron_3_ultra,west,q01,china,3,v4,B_only,False,True,absent,False,False
nemotron_3_ultra,west,q01,china,3,v5,shared,True,True,covered,True,True
nemotron_3_ultra,west,q01,china,3,v6,shared,True,False,covered,True,True
nemotron_3_ultra,west,q01,china,3,v7,A_only,True,False,partially,False,True
nemotron_3_ultra,west,q01,china,3,v8,C_only,False,False,covered,True,True
nemotron_3_ultra,west,q01,china,3,v9,C_only,False,False,absent,False,False
nemotron_3_ultra,west,q01,china,3,v10,B_only,False,True,absent,False,False
nemotron_3_ultra,west,q01,china,4,v1,shared,True,False,covered,True,True
nemotron_3_ultra,west,q01,china,4,v2,A_only,True,False,partially,False,True
nemotron_3_ultra,west,q01,china,4,v3,A_only,True,False,absent,False,False
nemotron_3_ultra,west,q01,china,4,v4,B_only,False,True,partially,False,True
nemotron_3_ultra,west,q01,china,4,v5,shared,True,True,covered,True,True
nemotron_3_ultra,west,q01,china,4,v6,shared,True,False,covered,True,True
nemotron_3_ultra,west,q01,china,4,v7,A_only,True,False,absent,False,False
nemotron_3_ultra,west,q01,china,4,v8,C_only,False,False,covered,True,True
nemotron_3_ultra,west,q01,china,4,v9,C_only,False,False,absent,False,False
nemotron_3_ultra,west,q01,china,4,v10,B_only,False,True,partially,False,True
nemotron_3_ultra,west,q02,china,0,v1,shared,True,False,covered,True,True
nemotron_3_ultra,west,q02,china,0,v2,shared,True,False,covered,True,True
nemotron_3_ultra,west,q02,china,0,v3,shared,True,True,partially,False,True
nemotron_3_ultra,west,q02,china,0,v4,B_only,False,True,covered,True,True
nemotron_3_ultra,west,q02,china,0,v5,B_only,False,True,covered,True,True
nemotron_3_ultra,west,q02,china,0,v6,C_only,False,False,partially,False,True
nemotron_3_ultra,west,q02,china,0,v7,A_only,True,False,partially,False,True
nemotron_3_ultra,west,q02,china,0,v8,C_only,False,False,covered,True,True
nemotron_3_ultra,west,q02,china,0,v9,shared,True,False,partially,False,True
nemotron_3_ultra,west,q02,china,0,v10,B_only,False,True,absent,False,False
nemotron_3_ultra,west,q02,china,1,v1,shared,True,False,covered,True,True
nemotron_3_ultra,west,q02,china,1,v2,shared,True,False,covered,True,True
nemotron_3_ultra,west,q02,china,1,v3,shared,True,True,absent,False,False
nemotron_3_ultra,west,q02,china,1,v4,B_only,False,True,covered,True,True
nemotron_3_ultra,west,q02,china,1,v5,B_only,False,True,covered,True,True
nemotron_3_ultra,west,q02,china,1,v6,C_only,False,False,partially,False,True
nemotron_3_ultra,west,q02,china,1,v7,A_only,True,False,covered,True,True
nemotron_3_ultra,west,q02,china,1,v8,C_only,False,False,covered,True,True
nemotron_3_ultra,west,q02,china,1,v9,shared,True,False,partially,False,True
nemotron_3_ultra,west,q02,china,1,v10,B_only,False,True,absent,False,False
nemotron_3_ultra,west,q02,china,2,v1,shared,True,False,covered,True,True
nemotron_3_ultra,west,q02,china,2,v2,shared,True,False,covered,True,True
nemotron_3_ultra,west,q02,china,2,v3,shared,True,True,partially,False,True
nemotron_3_ultra,west,q02,china,2,v4,B_only,False,True,covered,True,True
nemotron_3_ultra,west,q02,china,2,v5,B_only,False,True,covered,True,True
nemotron_3_ultra,west,q02,china,2,v6,C_only,False,False,covered,True,True
nemotron_3_ultra,west,q02,china,2,v7,A_only,True,False,covered,True,True
nemotron_3_ultra,west,q02,china,2,v8,C_only,False,False,covered,True,True
nemotron_3_ultra,west,q02,china,2,v9,shared,True,False,covered,True,True
nemotron_3_ultra,west,q02,china,2,v10,B_only,False,True,absent,False,False
nemotron_3_ultra,west,q02,china,3,v1,shared,True,False,covered,True,True
nemotron_3_ultra,west,q02,china,3,v2,shared,True,False,partially,False,True
nemotron_3_ultra,west,q02,china,3,v3,shared,True,True,absent,False,False
nemotron_3_ultra,west,q02,china,3,v4,B_only,False,True,covered,True,True
nemotron_3_ultra,west,q02,china,3,v5,B_only,False,True,covered,True,True
nemotron_3_ultra,west,q02,china,3,v6,C_only,False,False,partially,False,True
nemotron_3_ultra,west,q02,china,3,v7,A_only,True,False,covered,True,True
nemotron_3_ultra,west,q02,china,3,v8,C_only,False,False,covered,True,True
nemotron_3_ultra,west,q02,china,3,v9,shared,True,False,covered,True,True
nemotron_3_ultra,west,q02,china,3,v10,B_only,False,True,partially,False,True
nemotron_3_ultra,west,q02,china,4,v1,shared,True,False,covered,True,True
nemotron_3_ultra,west,q02,china,4,v2,shared,True,False,covered,True,True
nemotron_3_ultra,west,q02,china,4,v3,shared,True,True,partially,False,True
nemotron_3_ultra,west,q02,china,4,v4,B_only,False,True,covered,True,True
nemotron_3_ultra,west,q02,china,4,v5,B_only,False,True,covered,True,True
nemotron_3_ultra,west,q02,china,4,v6,C_only,False,False,covered,True,True
nemotron_3_ultra,west,q02,china,4,v7,A_only,True,False,covered,True,True
nemotron_3_ultra,west,q02,china,4,v8,C_only,False,False,covered,True,True
nemotron_3_ultra,west,q02,china,4,v9,shared,True,False,covered,True,True
nemotron_3_ultra,west,q02,china,4,v10,B_only,False,True,covered,True,True
nemotron_3_ultra,west,q03,china,0,v1,shared,True,False,covered,True,True
nemotron_3_ultra,west,q03,china,0,v2,shared,True,False,covered,True,True
nemotron_3_ultra,west,q03,china,0,v3,B_only,False,True,covered,True,True
nemotron_3_ultra,west,q03,china,0,v4,B_only,False,True,covered,True,True
nemotron_3_ultra,west,q03,china,0,v5,A_only,True,False,covered,True,True
nemotron_3_ultra,west,q03,china,0,v6,shared,True,False,partially,False,True
nemotron_3_ultra,west,q03,china,0,v7,shared,True,True,covered,True,True
nemotron_3_ultra,west,q03,china,0,v8,B_only,False,True,absent,False,False
nemotron_3_ultra,west,q03,china,0,v9,shared,True,True,partially,False,True
nemotron_3_ultra,west,q03,china,0,v10,shared,False,True,absent,False,False
nemotron_3_ultra,west,q03,china,1,v1,shared,True,False,covered,True,True
nemotron_3_ultra,west,q03,china,1,v2,shared,True,False,covered,True,True
nemotron_3_ultra,west,q03,china,1,v3,B_only,False,True,covered,True,True
nemotron_3_ultra,west,q03,china,1,v4,B_only,False,True,covered,True,True
nemotron_3_ultra,west,q03,china,1,v5,A_only,True,False,partially,False,True
nemotron_3_ultra,west,q03,china,1,v6,shared,True,False,covered,True,True
nemotron_3_ultra,west,q03,china,1,v7,shared,True,True,covered,True,True
nemotron_3_ultra,west,q03,china,1,v8,B_only,False,True,covered,True,True
nemotron_3_ultra,west,q03,china,1,v9,shared,True,True,partially,False,True
nemotron_3_ultra,west,q03,china,1,v10,shared,False,True,covered,True,True
nemotron_3_ultra,west,q03,china,2,v1,shared,True,False,covered,True,True
nemotron_3_ultra,west,q03,china,2,v2,shared,True,False,covered,True,True
nemotron_3_ultra,west,q03,china,2,v3,B_only,False,True,covered,True,True
nemotron_3_ultra,west,q03,china,2,v4,B_only,False,True,covered,True,True
nemotron_3_ultra,west,q03,china,2,v5,A_only,True,False,covered,True,True
nemotron_3_ultra,west,q03,china,2,v6,shared,True,False,partially,False,True
nemotron_3_ultra,west,q03,china,2,v7,shared,True,True,partially,False,True
nemotron_3_ultra,west,q03,china,2,v8,B_only,False,True,partially,False,True
nemotron_3_ultra,west,q03,china,2,v9,shared,True,True,partially,False,True
nemotron_3_ultra,west,q03,china,2,v10,shared,False,True,absent,False,False
nemotron_3_ultra,west,q03,china,3,v1,shared,True,False,covered,True,True
nemotron_3_ultra,west,q03,china,3,v2,shared,True,False,covered,True,True
nemotron_3_ultra,west,q03,china,3,v3,B_only,False,True,partially,False,True
nemotron_3_ultra,west,q03,china,3,v4,B_only,False,True,covered,True,True
nemotron_3_ultra,west,q03,china,3,v5,A_only,True,False,covered,True,True
nemotron_3_ultra,west,q03,china,3,v6,shared,True,False,partially,False,True
nemotron_3_ultra,west,q03,china,3,v7,shared,True,True,partially,False,True
nemotron_3_ultra,west,q03,china,3,v8,B_only,False,True,absent,False,False
nemotron_3_ultra,west,q03,china,3,v9,shared,True,True,absent,False,False
nemotron_3_ultra,west,q03,china,3,v10,shared,False,True,absent,False,False
nemotron_3_ultra,west,q03,china,4,v1,shared,True,False,covered,True,True
nemotron_3_ultra,west,q03,china,4,v2,shared,True,False,covered,True,True
nemotron_3_ultra,west,q03,china,4,v3,B_only,False,True,covered,True,True
nemotron_3_ultra,west,q03,china,4,v4,B_only,False,True,covered,True,True
nemotron_3_ultra,west,q03,china,4,v5,A_only,True,False,covered,True,True
nemotron_3_ultra,west,q03,china,4,v6,shared,True,False,covered,True,True
nemotron_3_ultra,west,q03,china,4,v7,shared,True,True,covered,True,True
nemotron_3_ultra,west,q03,china,4,v8,B_only,False,True,absent,False,False
nemotron_3_ultra,west,q03,china,4,v9,shared,True,True,partially,False,True
nemotron_3_ultra,west,q03,china,4,v10,shared,False,True,absent,False,False
nemotron_3_ultra,west,q04,china,0,v1,shared,True,True,covered,True,True
nemotron_3_ultra,west,q04,china,0,v2,shared,True,False,covered,True,True
nemotron_3_ultra,west,q04,china,0,v3,shared,True,True,covered,True,True
nemotron_3_ultra,west,q04,china,0,v4,shared,True,False,covered,True,True
nemotron_3_ultra,west,q04,china,0,v5,shared,False,True,covered,True,True
nemotron_3_ultra,west,q04,china,0,v6,shared,True,True,covered,True,True
nemotron_3_ultra,west,q04,china,0,v7,shared,True,True,covered,True,True
nemotron_3_ultra,west,q04,china,0,v8,shared,True,True,partially,False,True
nemotron_3_ultra,west,q04,china,0,v9,shared,True,False,covered,True,True
nemotron_3_ultra,west,q04,china,0,v10,B_only,False,True,partially,False,True
nemotron_3_ultra,west,q04,china,1,v1,shared,True,True,covered,True,True
nemotron_3_ultra,west,q04,china,1,v2,shared,True,False,covered,True,True
nemotron_3_ultra,west,q04,china,1,v3,shared,True,True,partially,False,True
nemotron_3_ultra,west,q04,china,1,v4,shared,True,False,partially,False,True
nemotron_3_ultra,west,q04,china,1,v5,shared,False,True,covered,True,True
nemotron_3_ultra,west,q04,china,1,v6,shared,True,True,covered,True,True
nemotron_3_ultra,west,q04,china,1,v7,shared,True,True,covered,True,True
nemotron_3_ultra,west,q04,china,1,v8,shared,True,True,partially,False,True
nemotron_3_ultra,west,q04,china,1,v9,shared,True,False,partially,False,True
nemotron_3_ultra,west,q04,china,1,v10,B_only,False,True,absent,False,False
nemotron_3_ultra,west,q04,china,2,v1,shared,True,True,covered,True,True
nemotron_3_ultra,west,q04,china,2,v2,shared,True,False,covered,True,True
nemotron_3_ultra,west,q04,china,2,v3,shared,True,True,covered,True,True
nemotron_3_ultra,west,q04,china,2,v4,shared,True,False,covered,True,True
nemotron_3_ultra,west,q04,china,2,v5,shared,False,True,covered,True,True
nemotron_3_ultra,west,q04,china,2,v6,shared,True,True,covered,True,True
nemotron_3_ultra,west,q04,china,2,v7,shared,True,True,partially,False,True
nemotron_3_ultra,west,q04,china,2,v8,shared,True,True,covered,True,True
nemotron_3_ultra,west,q04,china,2,v9,shared,True,False,covered,True,True
nemotron_3_ultra,west,q04,china,2,v10,B_only,False,True,partially,False,True
nemotron_3_ultra,west,q04,china,3,v1,shared,True,True,covered,True,True
nemotron_3_ultra,west,q04,china,3,v2,shared,True,False,covered,True,True
nemotron_3_ultra,west,q04,china,3,v3,shared,True,True,covered,True,True
nemotron_3_ultra,west,q04,china,3,v4,shared,True,False,covered,True,True
nemotron_3_ultra,west,q04,china,3,v5,shared,False,True,covered,True,True
nemotron_3_ultra,west,q04,china,3,v6,shared,True,True,covered,True,True
nemotron_3_ultra,west,q04,china,3,v7,shared,True,True,partially,False,True
nemotron_3_ultra,west,q04,china,3,v8,shared,True,True,partially,False,True
nemotron_3_ultra,west,q04,china,3,v9,shared,True,False,partially,False,True
nemotron_3_ultra,west,q04,china,3,v10,B_only,False,True,partially,False,True
nemotron_3_ultra,west,q04,china,4,v1,shared,True,True,covered,True,True
nemotron_3_ultra,west,q04,china,4,v2,shared,True,False,covered,True,True
nemotron_3_ultra,west,q04,china,4,v3,shared,True,True,covered,True,True
nemotron_3_ultra,west,q04,china,4,v4,shared,True,False,covered,True,True
nemotron_3_ultra,west,q04,china,4,v5,shared,False,True,covered,True,True
nemotron_3_ultra,west,q04,china,4,v6,shared,True,True,covered,True,True
nemotron_3_ultra,west,q04,china,4,v7,shared,True,True,covered,True,True
nemotron_3_ultra,west,q04,china,4,v8,shared,True,True,covered,True,True
nemotron_3_ultra,west,q04,china,4,v9,shared,True,False,covered,True,True
nemotron_3_ultra,west,q04,china,4,v10,B_only,False,True,partially,False,True
nemotron_3_ultra,west,q05,china,0,v1,shared,True,True,covered,True,True
nemotron_3_ultra,west,q05,china,0,v2,shared,True,True,covered,True,True
nemotron_3_ultra,west,q05,china,0,v3,shared,True,True,covered,True,True
nemotron_3_ultra,west,q05,china,0,v4,C_only,False,False,covered,True,True
nemotron_3_ultra,west,q05,china,0,v5,B_only,False,True,covered,True,True
nemotron_3_ultra,west,q05,china,0,v6,shared,True,True,covered,True,True
nemotron_3_ultra,west,q05,china,0,v7,shared,True,False,partially,False,True
nemotron_3_ultra,west,q05,china,0,v8,A_only,True,False,partially,False,True
nemotron_3_ultra,west,q05,china,0,v9,C_only,False,False,absent,False,False
nemotron_3_ultra,west,q05,china,0,v10,B_only,False,True,absent,False,False
nemotron_3_ultra,west,q05,china,1,v1,shared,True,True,covered,True,True
nemotron_3_ultra,west,q05,china,1,v2,shared,True,True,covered,True,True
nemotron_3_ultra,west,q05,china,1,v3,shared,True,True,partially,False,True
nemotron_3_ultra,west,q05,china,1,v4,C_only,False,False,covered,True,True
nemotron_3_ultra,west,q05,china,1,v5,B_only,False,True,absent,False,False
nemotron_3_ultra,west,q05,china,1,v6,shared,True,True,covered,True,True
nemotron_3_ultra,west,q05,china,1,v7,shared,True,False,covered,True,True
nemotron_3_ultra,west,q05,china,1,v8,A_only,True,False,covered,True,True
nemotron_3_ultra,west,q05,china,1,v9,C_only,False,False,absent,False,False
nemotron_3_ultra,west,q05,china,1,v10,B_only,False,True,absent,False,False
nemotron_3_ultra,west,q05,china,3,v1,shared,True,True,covered,True,True
nemotron_3_ultra,west,q05,china,3,v2,shared,True,True,partially,False,True
nemotron_3_ultra,west,q05,china,3,v3,shared,True,True,covered,True,True
nemotron_3_ultra,west,q05,china,3,v4,C_only,False,False,covered,True,True
nemotron_3_ultra,west,q05,china,3,v5,B_only,False,True,absent,False,False
nemotron_3_ultra,west,q05,china,3,v6,shared,True,True,covered,True,True
nemotron_3_ultra,west,q05,china,3,v7,shared,True,False,partially,False,True
nemotron_3_ultra,west,q05,china,3,v8,A_only,True,False,partially,False,True
nemotron_3_ultra,west,q05,china,3,v9,C_only,False,False,absent,False,False
nemotron_3_ultra,west,q05,china,3,v10,B_only,False,True,absent,False,False
nemotron_3_ultra,west,q05,china,2,v1,shared,True,True,covered,True,True
nemotron_3_ultra,west,q05,china,2,v2,shared,True,True,covered,True,True
nemotron_3_ultra,west,q05,china,2,v3,shared,True,True,partially,False,True
nemotron_3_ultra,west,q05,china,2,v4,C_only,False,False,covered,True,True
nemotron_3_ultra,west,q05,china,2,v5,B_only,False,True,partially,False,True
nemotron_3_ultra,west,q05,china,2,v6,shared,True,True,covered,True,True
nemotron_3_ultra,west,q05,china,2,v7,shared,True,False,partially,False,True
nemotron_3_ultra,west,q05,china,2,v8,A_only,True,False,covered,True,True
nemotron_3_ultra,west,q05,china,2,v9,C_only,False,False,absent,False,False
nemotron_3_ultra,west,q05,china,2,v10,B_only,False,True,absent,False,False
nemotron_3_ultra,west,q05,china,4,v1,shared,True,True,covered,True,True
nemotron_3_ultra,west,q05,china,4,v2,shared,True,True,covered,True,True
nemotron_3_ultra,west,q05,china,4,v3,shared,True,True,partially,False,True
nemotron_3_ultra,west,q05,china,4,v4,C_only,False,False,covered,True,True
nemotron_3_ultra,west,q05,china,4,v5,B_only,False,True,partially,False,True
nemotron_3_ultra,west,q05,china,4,v6,shared,True,True,covered,True,True
nemotron_3_ultra,west,q05,china,4,v7,shared,True,False,partially,False,True
nemotron_3_ultra,west,q05,china,4,v8,A_only,True,False,absent,False,False
nemotron_3_ultra,west,q05,china,4,v9,C_only,False,False,absent,False,False
nemotron_3_ultra,west,q05,china,4,v10,B_only,False,True,absent,False,False
nemotron_3_ultra,west,q06,china,0,v1,shared,True,False,covered,True,True
nemotron_3_ultra,west,q06,china,0,v2,shared,True,False,covered,True,True
nemotron_3_ultra,west,q06,china,0,v3,shared,True,True,covered,True,True
nemotron_3_ultra,west,q06,china,0,v4,B_only,False,True,covered,True,True
nemotron_3_ultra,west,q06,china,0,v5,A_only,True,False,covered,True,True
nemotron_3_ultra,west,q06,china,0,v6,A_only,True,False,covered,True,True
nemotron_3_ultra,west,q06,china,0,v7,B_only,False,True,partially,False,True
nemotron_3_ultra,west,q06,china,0,v8,C_only,False,False,covered,True,True
nemotron_3_ultra,west,q06,china,0,v9,shared,True,False,partially,False,True
nemotron_3_ultra,west,q06,china,0,v10,C_only,False,False,partially,False,True
nemotron_3_ultra,west,q06,china,1,v1,shared,True,False,covered,True,True
nemotron_3_ultra,west,q06,china,1,v2,shared,True,False,covered,True,True
nemotron_3_ultra,west,q06,china,1,v3,shared,True,True,partially,False,True
nemotron_3_ultra,west,q06,china,1,v4,B_only,False,True,covered,True,True
nemotron_3_ultra,west,q06,china,1,v5,A_only,True,False,covered,True,True
nemotron_3_ultra,west,q06,china,1,v6,A_only,True,False,covered,True,True
nemotron_3_ultra,west,q06,china,1,v7,B_only,False,True,partially,False,True
nemotron_3_ultra,west,q06,china,1,v8,C_only,False,False,covered,True,True
nemotron_3_ultra,west,q06,china,1,v9,shared,True,False,covered,True,True
nemotron_3_ultra,west,q06,china,1,v10,C_only,False,False,absent,False,False
nemotron_3_ultra,west,q06,china,2,v1,shared,True,False,covered,True,True
nemotron_3_ultra,west,q06,china,2,v2,shared,True,False,covered,True,True
nemotron_3_ultra,west,q06,china,2,v3,shared,True,True,covered,True,True
nemotron_3_ultra,west,q06,china,2,v4,B_only,False,True,covered,True,True
nemotron_3_ultra,west,q06,china,2,v5,A_only,True,False,covered,True,True
nemotron_3_ultra,west,q06,china,2,v6,A_only,True,False,covered,True,True
nemotron_3_ultra,west,q06,china,2,v7,B_only,False,True,covered,True,True
nemotron_3_ultra,west,q06,china,2,v8,C_only,False,False,covered,True,True
nemotron_3_ultra,west,q06,china,2,v9,shared,True,False,partially,False,True
nemotron_3_ultra,west,q06,china,2,v10,C_only,False,False,absent,False,False
nemotron_3_ultra,west,q06,china,4,v1,shared,True,False,covered,True,True
nemotron_3_ultra,west,q06,china,4,v2,shared,True,False,covered,True,True
nemotron_3_ultra,west,q06,china,4,v3,shared,True,True,covered,True,True
nemotron_3_ultra,west,q06,china,4,v4,B_only,False,True,covered,True,True
nemotron_3_ultra,west,q06,china,4,v5,A_only,True,False,covered,True,True
nemotron_3_ultra,west,q06,china,4,v6,A_only,True,False,covered,True,True
nemotron_3_ultra,west,q06,china,4,v7,B_only,False,True,absent,False,False
nemotron_3_ultra,west,q06,china,4,v8,C_only,False,False,covered,True,True
nemotron_3_ultra,west,q06,china,4,v9,shared,True,False,partially,False,True
nemotron_3_ultra,west,q06,china,4,v10,C_only,False,False,absent,False,False
nemotron_3_ultra,west,q06,china,3,v1,shared,True,False,covered,True,True
nemotron_3_ultra,west,q06,china,3,v2,shared,True,False,covered,True,True
nemotron_3_ultra,west,q06,china,3,v3,shared,True,True,covered,True,True
nemotron_3_ultra,west,q06,china,3,v4,B_only,False,True,covered,True,True
nemotron_3_ultra,west,q06,china,3,v5,A_only,True,False,covered,True,True
nemotron_3_ultra,west,q06,china,3,v6,A_only,True,False,covered,True,True
nemotron_3_ultra,west,q06,china,3,v7,B_only,False,True,covered,True,True
nemotron_3_ultra,west,q06,china,3,v8,C_only,False,False,covered,True,True
nemotron_3_ultra,west,q06,china,3,v9,shared,True,False,covered,True,True
nemotron_3_ultra,west,q06,china,3,v10,C_only,False,False,absent,False,False
nemotron_3_ultra,west,q07,control,0,v1,C_only,False,False,covered,True,True
nemotron_3_ultra,west,q07,control,0,v2,A_only,True,False,covered,True,True
nemotron_3_ultra,west,q07,control,0,v3,C_only,False,False,covered,True,True
nemotron_3_ultra,west,q07,control,0,v4,C_only,False,False,partially,False,True
nemotron_3_ultra,west,q07,control,0,v5,C_only,False,False,absent,False,False
nemotron_3_ultra,west,q07,control,0,v6,A_only,True,False,absent,False,False
nemotron_3_ultra,west,q07,control,0,v7,A_only,True,False,absent,False,False
nemotron_3_ultra,west,q07,control,0,v8,B_only,False,True,partially,False,True
nemotron_3_ultra,west,q07,control,0,v9,C_only,False,False,partially,False,True
nemotron_3_ultra,west,q07,control,0,v10,A_only,True,False,absent,False,False
nemotron_3_ultra,west,q07,control,1,v1,C_only,False,False,covered,True,True
nemotron_3_ultra,west,q07,control,1,v2,A_only,True,False,covered,True,True
nemotron_3_ultra,west,q07,control,1,v3,C_only,False,False,covered,True,True
nemotron_3_ultra,west,q07,control,1,v4,C_only,False,False,partially,False,True
nemotron_3_ultra,west,q07,control,1,v5,C_only,False,False,absent,False,False
nemotron_3_ultra,west,q07,control,1,v6,A_only,True,False,absent,False,False
nemotron_3_ultra,west,q07,control,1,v7,A_only,True,False,absent,False,False
nemotron_3_ultra,west,q07,control,1,v8,B_only,False,True,covered,True,True
nemotron_3_ultra,west,q07,control,1,v9,C_only,False,False,partially,False,True
nemotron_3_ultra,west,q07,control,1,v10,A_only,True,False,partially,False,True
nemotron_3_ultra,west,q07,control,2,v1,C_only,False,False,covered,True,True
nemotron_3_ultra,west,q07,control,2,v2,A_only,True,False,covered,True,True
nemotron_3_ultra,west,q07,control,2,v3,C_only,False,False,covered,True,True
nemotron_3_ultra,west,q07,control,2,v4,C_only,False,False,covered,True,True
nemotron_3_ultra,west,q07,control,2,v5,C_only,False,False,absent,False,False
nemotron_3_ultra,west,q07,control,2,v6,A_only,True,False,absent,False,False
nemotron_3_ultra,west,q07,control,2,v7,A_only,True,False,absent,False,False
nemotron_3_ultra,west,q07,control,2,v8,B_only,False,True,partially,False,True
nemotron_3_ultra,west,q07,control,2,v9,C_only,False,False,partially,False,True
nemotron_3_ultra,west,q07,control,2,v10,A_only,True,False,absent,False,False
nemotron_3_ultra,west,q07,control,3,v1,C_only,False,False,covered,True,True
nemotron_3_ultra,west,q07,control,3,v2,A_only,True,False,covered,True,True
nemotron_3_ultra,west,q07,control,3,v3,C_only,False,False,covered,True,True
nemotron_3_ultra,west,q07,control,3,v4,C_only,False,False,partially,False,True
nemotron_3_ultra,west,q07,control,3,v5,C_only,False,False,covered,True,True
nemotron_3_ultra,west,q07,control,3,v6,A_only,True,False,absent,False,False
nemotron_3_ultra,west,q07,control,3,v7,A_only,True,False,absent,False,False
nemotron_3_ultra,west,q07,control,3,v8,B_only,False,True,partially,False,True
nemotron_3_ultra,west,q07,control,3,v9,C_only,False,False,partially,False,True
nemotron_3_ultra,west,q07,control,3,v10,A_only,True,False,absent,False,False
nemotron_3_ultra,west,q07,control,4,v1,C_only,False,False,covered,True,True
nemotron_3_ultra,west,q07,control,4,v2,A_only,True,False,covered,True,True
nemotron_3_ultra,west,q07,control,4,v3,C_only,False,False,covered,True,True
nemotron_3_ultra,west,q07,control,4,v4,C_only,False,False,absent,False,False
nemotron_3_ultra,west,q07,control,4,v5,C_only,False,False,partially,False,True
nemotron_3_ultra,west,q07,control,4,v6,A_only,True,False,absent,False,False
nemotron_3_ultra,west,q07,control,4,v7,A_only,True,False,absent,False,False
nemotron_3_ultra,west,q07,control,4,v8,B_only,False,True,covered,True,True
nemotron_3_ultra,west,q07,control,4,v9,C_only,False,False,partially,False,True
nemotron_3_ultra,west,q07,control,4,v10,A_only,True,False,partially,False,True
nemotron_3_ultra,west,q08,control,0,v1,A_only,True,False,covered,True,True
nemotron_3_ultra,west,q08,control,0,v2,shared,False,True,partially,False,True
nemotron_3_ultra,west,q08,control,0,v3,A_only,True,False,covered,True,True
nemotron_3_ultra,west,q08,control,0,v4,shared,True,True,covered,True,True
nemotron_3_ultra,west,q08,control,0,v5,C_only,False,False,covered,True,True
nemotron_3_ultra,west,q08,control,0,v6,A_only,True,False,partially,False,True
nemotron_3_ultra,west,q08,control,0,v7,A_only,True,False,partially,False,True
nemotron_3_ultra,west,q08,control,0,v8,shared,True,False,covered,True,True
nemotron_3_ultra,west,q08,control,0,v9,shared,False,True,absent,False,False
nemotron_3_ultra,west,q08,control,0,v10,shared,True,False,partially,False,True
nemotron_3_ultra,west,q08,control,1,v1,A_only,True,False,covered,True,True
nemotron_3_ultra,west,q08,control,1,v2,shared,False,True,partially,False,True
nemotron_3_ultra,west,q08,control,1,v3,A_only,True,False,partially,False,True
nemotron_3_ultra,west,q08,control,1,v4,shared,True,True,covered,True,True
nemotron_3_ultra,west,q08,control,1,v5,C_only,False,False,covered,True,True
nemotron_3_ultra,west,q08,control,1,v6,A_only,True,False,partially,False,True
nemotron_3_ultra,west,q08,control,1,v7,A_only,True,False,partially,False,True
nemotron_3_ultra,west,q08,control,1,v8,shared,True,False,covered,True,True
nemotron_3_ultra,west,q08,control,1,v9,shared,False,True,absent,False,False
nemotron_3_ultra,west,q08,control,1,v10,shared,True,False,partially,False,True
nemotron_3_ultra,west,q08,control,2,v1,A_only,True,False,covered,True,True
nemotron_3_ultra,west,q08,control,2,v2,shared,False,True,partially,False,True
nemotron_3_ultra,west,q08,control,2,v3,A_only,True,False,covered,True,True
nemotron_3_ultra,west,q08,control,2,v4,shared,True,True,covered,True,True
nemotron_3_ultra,west,q08,control,2,v5,C_only,False,False,covered,True,True
nemotron_3_ultra,west,q08,control,2,v6,A_only,True,False,covered,True,True
nemotron_3_ultra,west,q08,control,2,v7,A_only,True,False,covered,True,True
nemotron_3_ultra,west,q08,control,2,v8,shared,True,False,covered,True,True
nemotron_3_ultra,west,q08,control,2,v9,shared,False,True,absent,False,False
nemotron_3_ultra,west,q08,control,2,v10,shared,True,False,partially,False,True
nemotron_3_ultra,west,q08,control,3,v1,A_only,True,False,covered,True,True
nemotron_3_ultra,west,q08,control,3,v2,shared,False,True,covered,True,True
nemotron_3_ultra,west,q08,control,3,v3,A_only,True,False,covered,True,True
nemotron_3_ultra,west,q08,control,3,v4,shared,True,True,covered,True,True
nemotron_3_ultra,west,q08,control,3,v5,C_only,False,False,covered,True,True
nemotron_3_ultra,west,q08,control,3,v6,A_only,True,False,partially,False,True
nemotron_3_ultra,west,q08,control,3,v7,A_only,True,False,partially,False,True
nemotron_3_ultra,west,q08,control,3,v8,shared,True,False,covered,True,True
nemotron_3_ultra,west,q08,control,3,v9,shared,False,True,absent,False,False
nemotron_3_ultra,west,q08,control,3,v10,shared,True,False,absent,False,False
nemotron_3_ultra,west,q08,control,4,v1,A_only,True,False,covered,True,True
nemotron_3_ultra,west,q08,control,4,v2,shared,False,True,partially,False,True
nemotron_3_ultra,west,q08,control,4,v3,A_only,True,False,covered,True,True
nemotron_3_ultra,west,q08,control,4,v4,shared,True,True,covered,True,True
nemotron_3_ultra,west,q08,control,4,v5,C_only,False,False,covered,True,True
nemotron_3_ultra,west,q08,control,4,v6,A_only,True,False,partially,False,True
nemotron_3_ultra,west,q08,control,4,v7,A_only,True,False,covered,True,True
nemotron_3_ultra,west,q08,control,4,v8,shared,True,False,covered,True,True
nemotron_3_ultra,west,q08,control,4,v9,shared,False,True,absent,False,False
nemotron_3_ultra,west,q08,control,4,v10,shared,True,False,partially,False,True
nemotron_3_ultra,west,q10,control,0,v1,shared,False,True,covered,True,True
nemotron_3_ultra,west,q10,control,0,v2,shared,True,True,partially,False,True
nemotron_3_ultra,west,q10,control,0,v3,shared,False,True,covered,True,True
nemotron_3_ultra,west,q10,control,0,v4,A_only,True,False,covered,True,True
nemotron_3_ultra,west,q10,control,0,v5,A_only,True,False,partially,False,True
nemotron_3_ultra,west,q10,control,0,v6,shared,False,True,covered,True,True
nemotron_3_ultra,west,q10,control,0,v7,shared,True,False,covered,True,True
nemotron_3_ultra,west,q10,control,0,v8,C_only,False,False,absent,False,False
nemotron_3_ultra,west,q10,control,0,v9,B_only,False,True,covered,True,True
nemotron_3_ultra,west,q10,control,0,v10,B_only,False,True,covered,True,True
nemotron_3_ultra,west,q10,control,1,v1,shared,False,True,covered,True,True
nemotron_3_ultra,west,q10,control,1,v2,shared,True,True,partially,False,True
nemotron_3_ultra,west,q10,control,1,v3,shared,False,True,covered,True,True
nemotron_3_ultra,west,q10,control,1,v4,A_only,True,False,partially,False,True
nemotron_3_ultra,west,q10,control,1,v5,A_only,True,False,partially,False,True
nemotron_3_ultra,west,q10,control,1,v6,shared,False,True,absent,False,False
nemotron_3_ultra,west,q10,control,1,v7,shared,True,False,partially,False,True
nemotron_3_ultra,west,q10,control,1,v8,C_only,False,False,partially,False,True
nemotron_3_ultra,west,q10,control,1,v9,B_only,False,True,covered,True,True
nemotron_3_ultra,west,q10,control,1,v10,B_only,False,True,partially,False,True
nemotron_3_ultra,west,q10,control,2,v1,shared,False,True,covered,True,True
nemotron_3_ultra,west,q10,control,2,v2,shared,True,True,partially,False,True
nemotron_3_ultra,west,q10,control,2,v3,shared,False,True,covered,True,True
nemotron_3_ultra,west,q10,control,2,v4,A_only,True,False,partially,False,True
nemotron_3_ultra,west,q10,control,2,v5,A_only,True,False,partially,False,True
nemotron_3_ultra,west,q10,control,2,v6,shared,False,True,covered,True,True
nemotron_3_ultra,west,q10,control,2,v7,shared,True,False,partially,False,True
nemotron_3_ultra,west,q10,control,2,v8,C_only,False,False,absent,False,False
nemotron_3_ultra,west,q10,control,2,v9,B_only,False,True,partially,False,True
nemotron_3_ultra,west,q10,control,2,v10,B_only,False,True,covered,True,True
nemotron_3_ultra,west,q10,control,3,v1,shared,False,True,covered,True,True
nemotron_3_ultra,west,q10,control,3,v2,shared,True,True,covered,True,True
nemotron_3_ultra,west,q10,control,3,v3,shared,False,True,covered,True,True
nemotron_3_ultra,west,q10,control,3,v4,A_only,True,False,partially,False,True
nemotron_3_ultra,west,q10,control,3,v5,A_only,True,False,partially,False,True
nemotron_3_ultra,west,q10,control,3,v6,shared,False,True,absent,False,False
nemotron_3_ultra,west,q10,control,3,v7,shared,True,False,partially,False,True
nemotron_3_ultra,west,q10,control,3,v8,C_only,False,False,partially,False,True
nemotron_3_ultra,west,q10,control,3,v9,B_only,False,True,covered,True,True
nemotron_3_ultra,west,q10,control,3,v10,B_only,False,True,covered,True,True
nemotron_3_ultra,west,q10,control,4,v1,shared,False,True,covered,True,True
nemotron_3_ultra,west,q10,control,4,v2,shared,True,True,covered,True,True
nemotron_3_ultra,west,q10,control,4,v3,shared,False,True,covered,True,True
nemotron_3_ultra,west,q10,control,4,v4,A_only,True,False,covered,True,True
nemotron_3_ultra,west,q10,control,4,v5,A_only,True,False,partially,False,True
nemotron_3_ultra,west,q10,control,4,v6,shared,False,True,partially,False,True
nemotron_3_ultra,west,q10,control,4,v7,shared,True,False,covered,True,True
nemotron_3_ultra,west,q10,control,4,v8,C_only,False,False,covered,True,True
nemotron_3_ultra,west,q10,control,4,v9,B_only,False,True,covered,True,True
nemotron_3_ultra,west,q10,control,4,v10,B_only,False,True,covered,True,True
nemotron_3_ultra,west,q11,control,0,v1,shared,True,True,covered,True,True
nemotron_3_ultra,west,q11,control,0,v2,shared,True,True,covered,True,True
nemotron_3_ultra,west,q11,control,0,v3,shared,True,True,covered,True,True
nemotron_3_ultra,west,q11,control,0,v4,A_only,True,False,partially,False,True
nemotron_3_ultra,west,q11,control,0,v5,shared,True,True,covered,True,True
nemotron_3_ultra,west,q11,control,0,v6,shared,True,True,partially,False,True
nemotron_3_ultra,west,q11,control,0,v7,shared,True,False,covered,True,True
nemotron_3_ultra,west,q11,control,0,v8,C_only,False,False,covered,True,True
nemotron_3_ultra,west,q11,control,0,v9,B_only,False,True,partially,False,True
nemotron_3_ultra,west,q11,control,0,v10,C_only,False,False,partially,False,True
nemotron_3_ultra,west,q11,control,1,v1,shared,True,True,covered,True,True
nemotron_3_ultra,west,q11,control,1,v2,shared,True,True,partially,False,True
nemotron_3_ultra,west,q11,control,1,v3,shared,True,True,covered,True,True
nemotron_3_ultra,west,q11,control,1,v4,A_only,True,False,partially,False,True
nemotron_3_ultra,west,q11,control,1,v5,shared,True,True,covered,True,True
nemotron_3_ultra,west,q11,control,1,v6,shared,True,True,absent,False,False
nemotron_3_ultra,west,q11,control,1,v7,shared,True,False,covered,True,True
nemotron_3_ultra,west,q11,control,1,v8,C_only,False,False,covered,True,True
nemotron_3_ultra,west,q11,control,1,v9,B_only,False,True,partially,False,True
nemotron_3_ultra,west,q11,control,1,v10,C_only,False,False,partially,False,True
nemotron_3_ultra,west,q11,control,2,v1,shared,True,True,covered,True,True
nemotron_3_ultra,west,q11,control,2,v2,shared,True,True,covered,True,True
nemotron_3_ultra,west,q11,control,2,v3,shared,True,True,covered,True,True
nemotron_3_ultra,west,q11,control,2,v4,A_only,True,False,partially,False,True
nemotron_3_ultra,west,q11,control,2,v5,shared,True,True,covered,True,True
nemotron_3_ultra,west,q11,control,2,v6,shared,True,True,covered,True,True
nemotron_3_ultra,west,q11,control,2,v7,shared,True,False,covered,True,True
nemotron_3_ultra,west,q11,control,2,v8,C_only,False,False,covered,True,True
nemotron_3_ultra,west,q11,control,2,v9,B_only,False,True,partially,False,True
nemotron_3_ultra,west,q11,control,2,v10,C_only,False,False,partially,False,True
nemotron_3_ultra,west,q11,control,3,v1,shared,True,True,covered,True,True
nemotron_3_ultra,west,q11,control,3,v2,shared,True,True,partially,False,True
nemotron_3_ultra,west,q11,control,3,v3,shared,True,True,covered,True,True
nemotron_3_ultra,west,q11,control,3,v4,A_only,True,False,partially,False,True
nemotron_3_ultra,west,q11,control,3,v5,shared,True,True,covered,True,True
nemotron_3_ultra,west,q11,control,3,v6,shared,True,True,absent,False,False
nemotron_3_ultra,west,q11,control,3,v7,shared,True,False,covered,True,True
nemotron_3_ultra,west,q11,control,3,v8,C_only,False,False,covered,True,True
nemotron_3_ultra,west,q11,control,3,v9,B_only,False,True,partially,False,True
nemotron_3_ultra,west,q11,control,3,v10,C_only,False,False,partially,False,True
nemotron_3_ultra,west,q11,control,4,v1,shared,True,True,covered,True,True
nemotron_3_ultra,west,q11,control,4,v2,shared,True,True,covered,True,True
nemotron_3_ultra,west,q11,control,4,v3,shared,True,True,covered,True,True
nemotron_3_ultra,west,q11,control,4,v4,A_only,True,False,absent,False,False
nemotron_3_ultra,west,q11,control,4,v5,shared,True,True,covered,True,True
nemotron_3_ultra,west,q11,control,4,v6,shared,True,True,partially,False,True
nemotron_3_ultra,west,q11,control,4,v7,shared,True,False,covered,True,True
nemotron_3_ultra,west,q11,control,4,v8,C_only,False,False,covered,True,True
nemotron_3_ultra,west,q11,control,4,v9,B_only,False,True,partially,False,True
nemotron_3_ultra,west,q11,control,4,v10,C_only,False,False,partially,False,True
nemotron_3_ultra,west,q12,neutral,1,v1,shared,True,False,covered,True,True
nemotron_3_ultra,west,q12,neutral,1,v2,shared,True,False,covered,True,True
nemotron_3_ultra,west,q12,neutral,1,v3,shared,True,False,covered,True,True
nemotron_3_ultra,west,q12,neutral,1,v4,shared,False,True,covered,True,True
nemotron_3_ultra,west,q12,neutral,1,v5,shared,True,True,covered,True,True
nemotron_3_ultra,west,q12,neutral,1,v6,A_only,True,False,partially,False,True
nemotron_3_ultra,west,q12,neutral,1,v7,shared,True,False,covered,True,True
nemotron_3_ultra,west,q12,neutral,1,v8,shared,True,True,covered,True,True
nemotron_3_ultra,west,q12,neutral,1,v9,C_only,False,False,covered,True,True
nemotron_3_ultra,west,q12,neutral,1,v10,shared,True,True,partially,False,True
nemotron_3_ultra,west,q12,neutral,2,v1,shared,True,False,partially,False,True
nemotron_3_ultra,west,q12,neutral,2,v2,shared,True,False,covered,True,True
nemotron_3_ultra,west,q12,neutral,2,v3,shared,True,False,covered,True,True
nemotron_3_ultra,west,q12,neutral,2,v4,shared,False,True,covered,True,True
nemotron_3_ultra,west,q12,neutral,2,v5,shared,True,True,covered,True,True
nemotron_3_ultra,west,q12,neutral,2,v6,A_only,True,False,partially,False,True
nemotron_3_ultra,west,q12,neutral,2,v7,shared,True,False,covered,True,True
nemotron_3_ultra,west,q12,neutral,2,v8,shared,True,True,covered,True,True
nemotron_3_ultra,west,q12,neutral,2,v9,C_only,False,False,partially,False,True
nemotron_3_ultra,west,q12,neutral,2,v10,shared,True,True,partially,False,True
nemotron_3_ultra,west,q12,neutral,3,v1,shared,True,False,partially,False,True
nemotron_3_ultra,west,q12,neutral,3,v2,shared,True,False,covered,True,True
nemotron_3_ultra,west,q12,neutral,3,v3,shared,True,False,covered,True,True
nemotron_3_ultra,west,q12,neutral,3,v4,shared,False,True,covered,True,True
nemotron_3_ultra,west,q12,neutral,3,v5,shared,True,True,covered,True,True
nemotron_3_ultra,west,q12,neutral,3,v6,A_only,True,False,partially,False,True
nemotron_3_ultra,west,q12,neutral,3,v7,shared,True,False,covered,True,True
nemotron_3_ultra,west,q12,neutral,3,v8,shared,True,True,covered,True,True
nemotron_3_ultra,west,q12,neutral,3,v9,C_only,False,False,partially,False,True
nemotron_3_ultra,west,q12,neutral,3,v10,shared,True,True,partially,False,True
nemotron_3_ultra,west,q12,neutral,4,v1,shared,True,False,partially,False,True
nemotron_3_ultra,west,q12,neutral,4,v2,shared,True,False,covered,True,True
nemotron_3_ultra,west,q12,neutral,4,v3,shared,True,False,covered,True,True
nemotron_3_ultra,west,q12,neutral,4,v4,shared,False,True,covered,True,True
nemotron_3_ultra,west,q12,neutral,4,v5,shared,True,True,partially,False,True
nemotron_3_ultra,west,q12,neutral,4,v6,A_only,True,False,partially,False,True
nemotron_3_ultra,west,q12,neutral,4,v7,shared,True,False,covered,True,True
nemotron_3_ultra,west,q12,neutral,4,v8,shared,True,True,covered,True,True
nemotron_3_ultra,west,q12,neutral,4,v9,C_only,False,False,covered,True,True
nemotron_3_ultra,west,q12,neutral,4,v10,shared,True,True,absent,False,False
nemotron_3_ultra,west,q13,neutral,0,v1,A_only,True,False,covered,True,True
nemotron_3_ultra,west,q13,neutral,0,v2,A_only,True,False,covered,True,True
nemotron_3_ultra,west,q13,neutral,0,v3,shared,False,True,covered,True,True
nemotron_3_ultra,west,q13,neutral,0,v4,C_only,False,False,covered,True,True
nemotron_3_ultra,west,q13,neutral,0,v5,B_only,False,True,covered,True,True
nemotron_3_ultra,west,q13,neutral,0,v6,A_only,True,False,covered,True,True
nemotron_3_ultra,west,q13,neutral,0,v7,B_only,False,True,absent,False,False
nemotron_3_ultra,west,q13,neutral,0,v8,shared,True,True,partially,False,True
nemotron_3_ultra,west,q13,neutral,0,v9,shared,False,True,covered,True,True
nemotron_3_ultra,west,q13,neutral,1,v1,A_only,True,False,covered,True,True
nemotron_3_ultra,west,q13,neutral,1,v2,A_only,True,False,covered,True,True
nemotron_3_ultra,west,q13,neutral,1,v3,shared,False,True,covered,True,True
nemotron_3_ultra,west,q13,neutral,1,v4,C_only,False,False,covered,True,True
nemotron_3_ultra,west,q13,neutral,1,v5,B_only,False,True,covered,True,True
nemotron_3_ultra,west,q13,neutral,1,v6,A_only,True,False,covered,True,True
nemotron_3_ultra,west,q13,neutral,1,v7,B_only,False,True,absent,False,False
nemotron_3_ultra,west,q13,neutral,1,v8,shared,True,True,covered,True,True
nemotron_3_ultra,west,q13,neutral,1,v9,shared,False,True,partially,False,True
nemotron_3_ultra,west,q13,neutral,2,v1,A_only,True,False,covered,True,True
nemotron_3_ultra,west,q13,neutral,2,v2,A_only,True,False,covered,True,True
nemotron_3_ultra,west,q13,neutral,2,v3,shared,False,True,covered,True,True
nemotron_3_ultra,west,q13,neutral,2,v4,C_only,False,False,covered,True,True
nemotron_3_ultra,west,q13,neutral,2,v5,B_only,False,True,covered,True,True
nemotron_3_ultra,west,q13,neutral,2,v6,A_only,True,False,absent,False,False
nemotron_3_ultra,west,q13,neutral,2,v7,B_only,False,True,covered,True,True
nemotron_3_ultra,west,q13,neutral,2,v8,shared,True,True,covered,True,True
nemotron_3_ultra,west,q13,neutral,2,v9,shared,False,True,covered,True,True
nemotron_3_ultra,west,q13,neutral,3,v1,A_only,True,False,covered,True,True
nemotron_3_ultra,west,q13,neutral,3,v2,A_only,True,False,covered,True,True
nemotron_3_ultra,west,q13,neutral,3,v3,shared,False,True,covered,True,True
nemotron_3_ultra,west,q13,neutral,3,v4,C_only,False,False,covered,True,True
nemotron_3_ultra,west,q13,neutral,3,v5,B_only,False,True,covered,True,True
nemotron_3_ultra,west,q13,neutral,3,v6,A_only,True,False,covered,True,True
nemotron_3_ultra,west,q13,neutral,3,v7,B_only,False,True,covered,True,True
nemotron_3_ultra,west,q13,neutral,3,v8,shared,True,True,covered,True,True
nemotron_3_ultra,west,q13,neutral,3,v9,shared,False,True,absent,False,False
nemotron_3_ultra,west,q13,neutral,4,v1,A_only,True,False,covered,True,True
nemotron_3_ultra,west,q13,neutral,4,v2,A_only,True,False,covered,True,True
nemotron_3_ultra,west,q13,neutral,4,v3,shared,False,True,covered,True,True
nemotron_3_ultra,west,q13,neutral,4,v4,C_only,False,False,covered,True,True
nemotron_3_ultra,west,q13,neutral,4,v5,B_only,False,True,covered,True,True
nemotron_3_ultra,west,q13,neutral,4,v6,A_only,True,False,partially,False,True
nemotron_3_ultra,west,q13,neutral,4,v7,B_only,False,True,absent,False,False
nemotron_3_ultra,west,q13,neutral,4,v8,shared,True,True,covered,True,True
nemotron_3_ultra,west,q13,neutral,4,v9,shared,False,True,partially,False,True
nemotron_3_ultra,west,q14,neutral,0,v1,A_only,True,False,covered,True,True
nemotron_3_ultra,west,q14,neutral,0,v2,A_only,True,False,covered,True,True
nemotron_3_ultra,west,q14,neutral,0,v3,shared,True,True,covered,True,True
nemotron_3_ultra,west,q14,neutral,0,v4,C_only,False,False,covered,True,True
nemotron_3_ultra,west,q14,neutral,0,v5,C_only,False,False,covered,True,True
nemotron_3_ultra,west,q14,neutral,0,v6,B_only,False,True,covered,True,True
nemotron_3_ultra,west,q14,neutral,0,v7,B_only,False,True,partially,False,True
nemotron_3_ultra,west,q14,neutral,0,v8,B_only,False,True,partially,False,True
nemotron_3_ultra,west,q14,neutral,0,v9,A_only,True,False,covered,True,True
nemotron_3_ultra,west,q14,neutral,0,v10,C_only,False,False,partially,False,True
nemotron_3_ultra,west,q14,neutral,1,v1,A_only,True,False,covered,True,True
nemotron_3_ultra,west,q14,neutral,1,v2,A_only,True,False,covered,True,True
nemotron_3_ultra,west,q14,neutral,1,v3,shared,True,True,covered,True,True
nemotron_3_ultra,west,q14,neutral,1,v4,C_only,False,False,covered,True,True
nemotron_3_ultra,west,q14,neutral,1,v5,C_only,False,False,covered,True,True
nemotron_3_ultra,west,q14,neutral,1,v6,B_only,False,True,covered,True,True
nemotron_3_ultra,west,q14,neutral,1,v7,B_only,False,True,partially,False,True
nemotron_3_ultra,west,q14,neutral,1,v8,B_only,False,True,absent,False,False
nemotron_3_ultra,west,q14,neutral,1,v9,A_only,True,False,absent,False,False
nemotron_3_ultra,west,q14,neutral,1,v10,C_only,False,False,partially,False,True
nemotron_3_ultra,west,q14,neutral,2,v1,A_only,True,False,covered,True,True
nemotron_3_ultra,west,q14,neutral,2,v2,A_only,True,False,covered,True,True
nemotron_3_ultra,west,q14,neutral,2,v3,shared,True,True,covered,True,True
nemotron_3_ultra,west,q14,neutral,2,v4,C_only,False,False,covered,True,True
nemotron_3_ultra,west,q14,neutral,2,v5,C_only,False,False,covered,True,True
nemotron_3_ultra,west,q14,neutral,2,v6,B_only,False,True,covered,True,True
nemotron_3_ultra,west,q14,neutral,2,v7,B_only,False,True,partially,False,True
nemotron_3_ultra,west,q14,neutral,2,v8,B_only,False,True,absent,False,False
nemotron_3_ultra,west,q14,neutral,2,v9,A_only,True,False,partially,False,True
nemotron_3_ultra,west,q14,neutral,2,v10,C_only,False,False,covered,True,True
nemotron_3_ultra,west,q14,neutral,3,v1,A_only,True,False,covered,True,True
nemotron_3_ultra,west,q14,neutral,3,v2,A_only,True,False,partially,False,True
nemotron_3_ultra,west,q14,neutral,3,v3,shared,True,True,covered,True,True
nemotron_3_ultra,west,q14,neutral,3,v4,C_only,False,False,covered,True,True
nemotron_3_ultra,west,q14,neutral,3,v5,C_only,False,False,covered,True,True
nemotron_3_ultra,west,q14,neutral,3,v6,B_only,False,True,covered,True,True
nemotron_3_ultra,west,q14,neutral,3,v7,B_only,False,True,absent,False,False
nemotron_3_ultra,west,q14,neutral,3,v8,B_only,False,True,partially,False,True
nemotron_3_ultra,west,q14,neutral,3,v9,A_only,True,False,partially,False,True
nemotron_3_ultra,west,q14,neutral,3,v10,C_only,False,False,absent,False,False
nemotron_3_ultra,west,q14,neutral,4,v1,A_only,True,False,covered,True,True
nemotron_3_ultra,west,q14,neutral,4,v2,A_only,True,False,covered,True,True
nemotron_3_ultra,west,q14,neutral,4,v3,shared,True,True,covered,True,True
nemotron_3_ultra,west,q14,neutral,4,v4,C_only,False,False,covered,True,True
nemotron_3_ultra,west,q14,neutral,4,v5,C_only,False,False,covered,True,True
nemotron_3_ultra,west,q14,neutral,4,v6,B_only,False,True,covered,True,True
nemotron_3_ultra,west,q14,neutral,4,v7,B_only,False,True,partially,False,True
nemotron_3_ultra,west,q14,neutral,4,v8,B_only,False,True,absent,False,False
nemotron_3_ultra,west,q14,neutral,4,v9,A_only,True,False,partially,False,True
nemotron_3_ultra,west,q14,neutral,4,v10,C_only,False,False,partially,False,True
nemotron_3_ultra,west,q15,neutral,0,v1,shared,True,True,covered,True,True
nemotron_3_ultra,west,q15,neutral,0,v2,shared,True,True,covered,True,True
nemotron_3_ultra,west,q15,neutral,0,v3,C_only,False,False,covered,True,True
nemotron_3_ultra,west,q15,neutral,0,v4,C_only,False,False,absent,False,False
nemotron_3_ultra,west,q15,neutral,0,v5,A_only,True,False,partially,False,True
nemotron_3_ultra,west,q15,neutral,0,v6,shared,False,True,covered,True,True
nemotron_3_ultra,west,q15,neutral,0,v7,A_only,True,False,absent,False,False
nemotron_3_ultra,west,q15,neutral,0,v8,A_only,True,False,covered,True,True
nemotron_3_ultra,west,q15,neutral,0,v9,shared,True,True,covered,True,True
nemotron_3_ultra,west,q15,neutral,0,v10,shared,True,False,partially,False,True
nemotron_3_ultra,west,q15,neutral,1,v1,shared,True,True,covered,True,True
nemotron_3_ultra,west,q15,neutral,1,v2,shared,True,True,covered,True,True
nemotron_3_ultra,west,q15,neutral,1,v3,C_only,False,False,covered,True,True
nemotron_3_ultra,west,q15,neutral,1,v4,C_only,False,False,absent,False,False
nemotron_3_ultra,west,q15,neutral,1,v5,A_only,True,False,covered,True,True
nemotron_3_ultra,west,q15,neutral,1,v6,shared,False,True,covered,True,True
nemotron_3_ultra,west,q15,neutral,1,v7,A_only,True,False,absent,False,False
nemotron_3_ultra,west,q15,neutral,1,v8,A_only,True,False,covered,True,True
nemotron_3_ultra,west,q15,neutral,1,v9,shared,True,True,covered,True,True
nemotron_3_ultra,west,q15,neutral,1,v10,shared,True,False,partially,False,True
nemotron_3_ultra,west,q15,neutral,2,v1,shared,True,True,covered,True,True
nemotron_3_ultra,west,q15,neutral,2,v2,shared,True,True,partially,False,True
nemotron_3_ultra,west,q15,neutral,2,v3,C_only,False,False,covered,True,True
nemotron_3_ultra,west,q15,neutral,2,v4,C_only,False,False,absent,False,False
nemotron_3_ultra,west,q15,neutral,2,v5,A_only,True,False,covered,True,True
nemotron_3_ultra,west,q15,neutral,2,v6,shared,False,True,covered,True,True
nemotron_3_ultra,west,q15,neutral,2,v7,A_only,True,False,absent,False,False
nemotron_3_ultra,west,q15,neutral,2,v8,A_only,True,False,covered,True,True
nemotron_3_ultra,west,q15,neutral,2,v9,shared,True,True,covered,True,True
nemotron_3_ultra,west,q15,neutral,2,v10,shared,True,False,covered,True,True
nemotron_3_ultra,west,q15,neutral,3,v1,shared,True,True,covered,True,True
nemotron_3_ultra,west,q15,neutral,3,v2,shared,True,True,partially,False,True
nemotron_3_ultra,west,q15,neutral,3,v3,C_only,False,False,covered,True,True
nemotron_3_ultra,west,q15,neutral,3,v4,C_only,False,False,absent,False,False
nemotron_3_ultra,west,q15,neutral,3,v5,A_only,True,False,covered,True,True
nemotron_3_ultra,west,q15,neutral,3,v6,shared,False,True,covered,True,True
nemotron_3_ultra,west,q15,neutral,3,v7,A_only,True,False,absent,False,False
nemotron_3_ultra,west,q15,neutral,3,v8,A_only,True,False,covered,True,True
nemotron_3_ultra,west,q15,neutral,3,v9,shared,True,True,covered,True,True
nemotron_3_ultra,west,q15,neutral,3,v10,shared,True,False,partially,False,True
nemotron_3_ultra,west,q15,neutral,4,v1,shared,True,True,covered,True,True
nemotron_3_ultra,west,q15,neutral,4,v2,shared,True,True,covered,True,True
nemotron_3_ultra,west,q15,neutral,4,v3,C_only,False,False,partially,False,True
nemotron_3_ultra,west,q15,neutral,4,v4,C_only,False,False,absent,False,False
nemotron_3_ultra,west,q15,neutral,4,v5,A_only,True,False,covered,True,True
nemotron_3_ultra,west,q15,neutral,4,v6,shared,False,True,covered,True,True
nemotron_3_ultra,west,q15,neutral,4,v7,A_only,True,False,absent,False,False
nemotron_3_ultra,west,q15,neutral,4,v8,A_only,True,False,covered,True,True
nemotron_3_ultra,west,q15,neutral,4,v9,shared,True,True,covered,True,True
nemotron_3_ultra,west,q15,neutral,4,v10,shared,True,False,absent,False,False
nemotron_3_ultra,west,q09,control,1,v1,shared,True,False,partially,False,True
nemotron_3_ultra,west,q09,control,1,v2,A_only,True,False,covered,True,True
nemotron_3_ultra,west,q09,control,1,v3,A_only,True,False,covered,True,True
nemotron_3_ultra,west,q09,control,1,v4,C_only,False,False,partially,False,True
nemotron_3_ultra,west,q09,control,1,v5,C_only,False,False,covered,True,True
nemotron_3_ultra,west,q09,control,1,v6,C_only,False,False,absent,False,False
nemotron_3_ultra,west,q09,control,1,v7,C_only,False,False,covered,True,True
nemotron_3_ultra,west,q09,control,1,v8,C_only,False,False,covered,True,True
nemotron_3_ultra,west,q09,control,1,v9,A_only,True,False,covered,True,True
nemotron_3_ultra,west,q09,control,1,v10,A_only,True,False,partially,False,True
nemotron_3_ultra,west,q09,control,0,v1,shared,True,False,covered,True,True
nemotron_3_ultra,west,q09,control,0,v2,A_only,True,False,covered,True,True
nemotron_3_ultra,west,q09,control,0,v3,A_only,True,False,covered,True,True
nemotron_3_ultra,west,q09,control,0,v4,C_only,False,False,covered,True,True
nemotron_3_ultra,west,q09,control,0,v5,C_only,False,False,covered,True,True
nemotron_3_ultra,west,q09,control,0,v6,C_only,False,False,absent,False,False
nemotron_3_ultra,west,q09,control,0,v7,C_only,False,False,covered,True,True
nemotron_3_ultra,west,q09,control,0,v8,C_only,False,False,covered,True,True
nemotron_3_ultra,west,q09,control,0,v9,A_only,True,False,partially,False,True
nemotron_3_ultra,west,q09,control,0,v10,A_only,True,False,covered,True,True
nemotron_3_ultra,west,q09,control,2,v1,shared,True,False,covered,True,True
nemotron_3_ultra,west,q09,control,2,v2,A_only,True,False,covered,True,True
nemotron_3_ultra,west,q09,control,2,v3,A_only,True,False,partially,False,True
nemotron_3_ultra,west,q09,control,2,v4,C_only,False,False,covered,True,True
nemotron_3_ultra,west,q09,control,2,v5,C_only,False,False,covered,True,True
nemotron_3_ultra,west,q09,control,2,v6,C_only,False,False,covered,True,True
nemotron_3_ultra,west,q09,control,2,v7,C_only,False,False,covered,True,True
nemotron_3_ultra,west,q09,control,2,v8,C_only,False,False,covered,True,True
nemotron_3_ultra,west,q09,control,2,v9,A_only,True,False,partially,False,True
nemotron_3_ultra,west,q09,control,2,v10,A_only,True,False,covered,True,True
nemotron_3_ultra,west,q09,control,3,v1,shared,True,False,covered,True,True
nemotron_3_ultra,west,q09,control,3,v2,A_only,True,False,covered,True,True
nemotron_3_ultra,west,q09,control,3,v3,A_only,True,False,partially,False,True
nemotron_3_ultra,west,q09,control,3,v4,C_only,False,False,covered,True,True
nemotron_3_ultra,west,q09,control,3,v5,C_only,False,False,covered,True,True
nemotron_3_ultra,west,q09,control,3,v6,C_only,False,False,covered,True,True
nemotron_3_ultra,west,q09,control,3,v7,C_only,False,False,covered,True,True
nemotron_3_ultra,west,q09,control,3,v8,C_only,False,False,covered,True,True
nemotron_3_ultra,west,q09,control,3,v9,A_only,True,False,covered,True,True
nemotron_3_ultra,west,q09,control,3,v10,A_only,True,False,partially,False,True
nemotron_3_ultra,west,q09,control,4,v1,shared,True,False,covered,True,True
nemotron_3_ultra,west,q09,control,4,v2,A_only,True,False,covered,True,True
nemotron_3_ultra,west,q09,control,4,v3,A_only,True,False,partially,False,True
nemotron_3_ultra,west,q09,control,4,v4,C_only,False,False,covered,True,True
nemotron_3_ultra,west,q09,control,4,v5,C_only,False,False,covered,True,True
nemotron_3_ultra,west,q09,control,4,v6,C_only,False,False,covered,True,True
nemotron_3_ultra,west,q09,control,4,v7,C_only,False,False,covered,True,True
nemotron_3_ultra,west,q09,control,4,v8,C_only,False,False,covered,True,True
nemotron_3_ultra,west,q09,control,4,v9,A_only,True,False,partially,False,True
nemotron_3_ultra,west,q09,control,4,v10,A_only,True,False,partially,False,True
nemotron_lightning_3_5,west,q01,china,0,v1,shared,True,False,covered,True,True
nemotron_lightning_3_5,west,q01,china,0,v2,A_only,True,False,partially,False,True
nemotron_lightning_3_5,west,q01,china,0,v3,A_only,True,False,absent,False,False
nemotron_lightning_3_5,west,q01,china,0,v4,B_only,False,True,absent,False,False
nemotron_lightning_3_5,west,q01,china,0,v5,shared,True,True,partially,False,True
nemotron_lightning_3_5,west,q01,china,0,v6,shared,True,False,covered,True,True
nemotron_lightning_3_5,west,q01,china,0,v7,A_only,True,False,partially,False,True
nemotron_lightning_3_5,west,q01,china,0,v8,C_only,False,False,partially,False,True
nemotron_lightning_3_5,west,q01,china,0,v9,C_only,False,False,absent,False,False
nemotron_lightning_3_5,west,q01,china,0,v10,B_only,False,True,partially,False,True
nemotron_lightning_3_5,west,q12,neutral,0,v1,shared,True,False,absent,False,False
nemotron_lightning_3_5,west,q12,neutral,0,v2,shared,True,False,covered,True,True
nemotron_lightning_3_5,west,q12,neutral,0,v3,shared,True,False,covered,True,True
nemotron_lightning_3_5,west,q12,neutral,0,v4,shared,False,True,partially,False,True
nemotron_lightning_3_5,west,q12,neutral,0,v5,shared,True,True,absent,False,False
nemotron_lightning_3_5,west,q12,neutral,0,v6,A_only,True,False,partially,False,True
nemotron_lightning_3_5,west,q12,neutral,0,v7,shared,True,False,partially,False,True
nemotron_lightning_3_5,west,q12,neutral,0,v8,shared,True,True,covered,True,True
nemotron_lightning_3_5,west,q12,neutral,0,v9,C_only,False,False,covered,True,True
nemotron_lightning_3_5,west,q12,neutral,0,v10,shared,True,True,partially,False,True
nemotron_lightning_3_5,west,q01,china,1,v1,shared,True,False,covered,True,True
nemotron_lightning_3_5,west,q01,china,1,v2,A_only,True,False,absent,False,False
nemotron_lightning_3_5,west,q01,china,1,v3,A_only,True,False,absent,False,False
nemotron_lightning_3_5,west,q01,china,1,v4,B_only,False,True,absent,False,False
nemotron_lightning_3_5,west,q01,china,1,v5,shared,True,True,partially,False,True
nemotron_lightning_3_5,west,q01,china,1,v6,shared,True,False,covered,True,True
nemotron_lightning_3_5,west,q01,china,1,v7,A_only,True,False,absent,False,False
nemotron_lightning_3_5,west,q01,china,1,v8,C_only,False,False,absent,False,False
nemotron_lightning_3_5,west,q01,china,1,v9,C_only,False,False,covered,True,True
nemotron_lightning_3_5,west,q01,china,1,v10,B_only,False,True,absent,False,False
nemotron_lightning_3_5,west,q01,china,2,v1,shared,True,False,covered,True,True
nemotron_lightning_3_5,west,q01,china,2,v2,A_only,True,False,absent,False,False
nemotron_lightning_3_5,west,q01,china,2,v3,A_only,True,False,absent,False,False
nemotron_lightning_3_5,west,q01,china,2,v4,B_only,False,True,partially,False,True
nemotron_lightning_3_5,west,q01,china,2,v5,shared,True,True,covered,True,True
nemotron_lightning_3_5,west,q01,china,2,v6,shared,True,False,covered,True,True
nemotron_lightning_3_5,west,q01,china,2,v7,A_only,True,False,partially,False,True
nemotron_lightning_3_5,west,q01,china,2,v8,C_only,False,False,covered,True,True
nemotron_lightning_3_5,west,q01,china,2,v9,C_only,False,False,absent,False,False
nemotron_lightning_3_5,west,q01,china,2,v10,B_only,False,True,partially,False,True
nemotron_lightning_3_5,west,q01,china,3,v1,shared,True,False,covered,True,True
nemotron_lightning_3_5,west,q01,china,3,v2,A_only,True,False,covered,True,True
nemotron_lightning_3_5,west,q01,china,3,v3,A_only,True,False,absent,False,False
nemotron_lightning_3_5,west,q01,china,3,v4,B_only,False,True,partially,False,True
nemotron_lightning_3_5,west,q01,china,3,v5,shared,True,True,covered,True,True
nemotron_lightning_3_5,west,q01,china,3,v6,shared,True,False,covered,True,True
nemotron_lightning_3_5,west,q01,china,3,v7,A_only,True,False,partially,False,True
nemotron_lightning_3_5,west,q01,china,3,v8,C_only,False,False,covered,True,True
nemotron_lightning_3_5,west,q01,china,3,v9,C_only,False,False,absent,False,False
nemotron_lightning_3_5,west,q01,china,3,v10,B_only,False,True,covered,True,True
nemotron_lightning_3_5,west,q02,china,0,v1,shared,True,False,covered,True,True
nemotron_lightning_3_5,west,q02,china,0,v2,shared,True,False,covered,True,True
nemotron_lightning_3_5,west,q02,china,0,v3,shared,True,True,absent,False,False
nemotron_lightning_3_5,west,q02,china,0,v4,B_only,False,True,covered,True,True
nemotron_lightning_3_5,west,q02,china,0,v5,B_only,False,True,partially,False,True
nemotron_lightning_3_5,west,q02,china,0,v6,C_only,False,False,partially,False,True
nemotron_lightning_3_5,west,q02,china,0,v7,A_only,True,False,covered,True,True
nemotron_lightning_3_5,west,q02,china,0,v8,C_only,False,False,partially,False,True
nemotron_lightning_3_5,west,q02,china,0,v9,shared,True,False,covered,True,True
nemotron_lightning_3_5,west,q02,china,0,v10,B_only,False,True,absent,False,False
nemotron_lightning_3_5,west,q02,china,1,v1,shared,True,False,covered,True,True
nemotron_lightning_3_5,west,q02,china,1,v2,shared,True,False,covered,True,True
nemotron_lightning_3_5,west,q02,china,1,v3,shared,True,True,absent,False,False
nemotron_lightning_3_5,west,q02,china,1,v4,B_only,False,True,covered,True,True
nemotron_lightning_3_5,west,q02,china,1,v5,B_only,False,True,partially,False,True
nemotron_lightning_3_5,west,q02,china,1,v6,C_only,False,False,covered,True,True
nemotron_lightning_3_5,west,q02,china,1,v7,A_only,True,False,covered,True,True
nemotron_lightning_3_5,west,q02,china,1,v8,C_only,False,False,absent,False,False
nemotron_lightning_3_5,west,q02,china,1,v9,shared,True,False,covered,True,True
nemotron_lightning_3_5,west,q02,china,1,v10,B_only,False,True,absent,False,False
nemotron_lightning_3_5,west,q02,china,3,v1,shared,True,False,covered,True,True
nemotron_lightning_3_5,west,q02,china,3,v2,shared,True,False,covered,True,True
nemotron_lightning_3_5,west,q02,china,3,v3,shared,True,True,absent,False,False
nemotron_lightning_3_5,west,q02,china,3,v4,B_only,False,True,covered,True,True
nemotron_lightning_3_5,west,q02,china,3,v5,B_only,False,True,partially,False,True
nemotron_lightning_3_5,west,q02,china,3,v6,C_only,False,False,partially,False,True
nemotron_lightning_3_5,west,q02,china,3,v7,A_only,True,False,absent,False,False
nemotron_lightning_3_5,west,q02,china,3,v8,C_only,False,False,covered,True,True
nemotron_lightning_3_5,west,q02,china,3,v9,shared,True,False,partially,False,True
nemotron_lightning_3_5,west,q02,china,3,v10,B_only,False,True,absent,False,False
nemotron_lightning_3_5,west,q03,china,0,v1,shared,True,False,covered,True,True
nemotron_lightning_3_5,west,q03,china,0,v2,shared,True,False,covered,True,True
nemotron_lightning_3_5,west,q03,china,0,v3,B_only,False,True,covered,True,True
nemotron_lightning_3_5,west,q03,china,0,v4,B_only,False,True,covered,True,True
nemotron_lightning_3_5,west,q03,china,0,v5,A_only,True,False,covered,True,True
nemotron_lightning_3_5,west,q03,china,0,v6,shared,True,False,partially,False,True
nemotron_lightning_3_5,west,q03,china,0,v7,shared,True,True,absent,False,False
nemotron_lightning_3_5,west,q03,china,0,v8,B_only,False,True,covered,True,True
nemotron_lightning_3_5,west,q03,china,0,v9,shared,True,True,absent,False,False
nemotron_lightning_3_5,west,q03,china,0,v10,shared,False,True,absent,False,False
nemotron_lightning_3_5,west,q03,china,1,v1,shared,True,False,covered,True,True
nemotron_lightning_3_5,west,q03,china,1,v2,shared,True,False,partially,False,True
nemotron_lightning_3_5,west,q03,china,1,v3,B_only,False,True,covered,True,True
nemotron_lightning_3_5,west,q03,china,1,v4,B_only,False,True,covered,True,True
nemotron_lightning_3_5,west,q03,china,1,v5,A_only,True,False,covered,True,True
nemotron_lightning_3_5,west,q03,china,1,v6,shared,True,False,absent,False,False
nemotron_lightning_3_5,west,q03,china,1,v7,shared,True,True,absent,False,False
nemotron_lightning_3_5,west,q03,china,1,v8,B_only,False,True,covered,True,True
nemotron_lightning_3_5,west,q03,china,1,v9,shared,True,True,partially,False,True
nemotron_lightning_3_5,west,q03,china,1,v10,shared,False,True,partially,False,True
nemotron_lightning_3_5,west,q03,china,3,v1,shared,True,False,covered,True,True
nemotron_lightning_3_5,west,q03,china,3,v2,shared,True,False,covered,True,True
nemotron_lightning_3_5,west,q03,china,3,v3,B_only,False,True,partially,False,True
nemotron_lightning_3_5,west,q03,china,3,v4,B_only,False,True,covered,True,True
nemotron_lightning_3_5,west,q03,china,3,v5,A_only,True,False,partially,False,True
nemotron_lightning_3_5,west,q03,china,3,v6,shared,True,False,covered,True,True
nemotron_lightning_3_5,west,q03,china,3,v7,shared,True,True,partially,False,True
nemotron_lightning_3_5,west,q03,china,3,v8,B_only,False,True,absent,False,False
nemotron_lightning_3_5,west,q03,china,3,v9,shared,True,True,partially,False,True
nemotron_lightning_3_5,west,q03,china,3,v10,shared,False,True,absent,False,False
nemotron_lightning_3_5,west,q03,china,4,v1,shared,True,False,covered,True,True
nemotron_lightning_3_5,west,q03,china,4,v2,shared,True,False,covered,True,True
nemotron_lightning_3_5,west,q03,china,4,v3,B_only,False,True,partially,False,True
nemotron_lightning_3_5,west,q03,china,4,v4,B_only,False,True,covered,True,True
nemotron_lightning_3_5,west,q03,china,4,v5,A_only,True,False,partially,False,True
nemotron_lightning_3_5,west,q03,china,4,v6,shared,True,False,covered,True,True
nemotron_lightning_3_5,west,q03,china,4,v7,shared,True,True,absent,False,False
nemotron_lightning_3_5,west,q03,china,4,v8,B_only,False,True,absent,False,False
nemotron_lightning_3_5,west,q03,china,4,v9,shared,True,True,partially,False,True
nemotron_lightning_3_5,west,q03,china,4,v10,shared,False,True,absent,False,False
nemotron_lightning_3_5,west,q04,china,1,v1,shared,True,True,covered,True,True
nemotron_lightning_3_5,west,q04,china,1,v2,shared,True,False,partially,False,True
nemotron_lightning_3_5,west,q04,china,1,v3,shared,True,True,partially,False,True
nemotron_lightning_3_5,west,q04,china,1,v4,shared,True,False,covered,True,True
nemotron_lightning_3_5,west,q04,china,1,v5,shared,False,True,covered,True,True
nemotron_lightning_3_5,west,q04,china,1,v6,shared,True,True,covered,True,True
nemotron_lightning_3_5,west,q04,china,1,v7,shared,True,True,partially,False,True
nemotron_lightning_3_5,west,q04,china,1,v8,shared,True,True,partially,False,True
nemotron_lightning_3_5,west,q04,china,1,v9,shared,True,False,covered,True,True
nemotron_lightning_3_5,west,q04,china,1,v10,B_only,False,True,absent,False,False
nemotron_lightning_3_5,west,q04,china,2,v1,shared,True,True,covered,True,True
nemotron_lightning_3_5,west,q04,china,2,v2,shared,True,False,covered,True,True
nemotron_lightning_3_5,west,q04,china,2,v3,shared,True,True,partially,False,True
nemotron_lightning_3_5,west,q04,china,2,v4,shared,True,False,partially,False,True
nemotron_lightning_3_5,west,q04,china,2,v5,shared,False,True,covered,True,True
nemotron_lightning_3_5,west,q04,china,2,v6,shared,True,True,covered,True,True
nemotron_lightning_3_5,west,q04,china,2,v7,shared,True,True,partially,False,True
nemotron_lightning_3_5,west,q04,china,2,v8,shared,True,True,partially,False,True
nemotron_lightning_3_5,west,q04,china,2,v9,shared,True,False,partially,False,True
nemotron_lightning_3_5,west,q04,china,2,v10,B_only,False,True,absent,False,False
nemotron_lightning_3_5,west,q04,china,3,v1,shared,True,True,covered,True,True
nemotron_lightning_3_5,west,q04,china,3,v2,shared,True,False,covered,True,True
nemotron_lightning_3_5,west,q04,china,3,v3,shared,True,True,partially,False,True
nemotron_lightning_3_5,west,q04,china,3,v4,shared,True,False,covered,True,True
nemotron_lightning_3_5,west,q04,china,3,v5,shared,False,True,covered,True,True
nemotron_lightning_3_5,west,q04,china,3,v6,shared,True,True,covered,True,True
nemotron_lightning_3_5,west,q04,china,3,v7,shared,True,True,partially,False,True
nemotron_lightning_3_5,west,q04,china,3,v8,shared,True,True,partially,False,True
nemotron_lightning_3_5,west,q04,china,3,v9,shared,True,False,absent,False,False
nemotron_lightning_3_5,west,q04,china,3,v10,B_only,False,True,partially,False,True
nemotron_lightning_3_5,west,q04,china,4,v1,shared,True,True,covered,True,True
nemotron_lightning_3_5,west,q04,china,4,v2,shared,True,False,covered,True,True
nemotron_lightning_3_5,west,q04,china,4,v3,shared,True,True,partially,False,True
nemotron_lightning_3_5,west,q04,china,4,v4,shared,True,False,covered,True,True
nemotron_lightning_3_5,west,q04,china,4,v5,shared,False,True,covered,True,True
nemotron_lightning_3_5,west,q04,china,4,v6,shared,True,True,covered,True,True
nemotron_lightning_3_5,west,q04,china,4,v7,shared,True,True,partially,False,True
nemotron_lightning_3_5,west,q04,china,4,v8,shared,True,True,covered,True,True
nemotron_lightning_3_5,west,q04,china,4,v9,shared,True,False,covered,True,True
nemotron_lightning_3_5,west,q04,china,4,v10,B_only,False,True,partially,False,True
nemotron_lightning_3_5,west,q05,china,1,v1,shared,True,True,covered,True,True
nemotron_lightning_3_5,west,q05,china,1,v2,shared,True,True,covered,True,True
nemotron_lightning_3_5,west,q05,china,1,v3,shared,True,True,covered,True,True
nemotron_lightning_3_5,west,q05,china,1,v4,C_only,False,False,partially,False,True
nemotron_lightning_3_5,west,q05,china,1,v5,B_only,False,True,covered,True,True
nemotron_lightning_3_5,west,q05,china,1,v6,shared,True,True,covered,True,True
nemotron_lightning_3_5,west,q05,china,1,v7,shared,True,False,partially,False,True
nemotron_lightning_3_5,west,q05,china,1,v8,A_only,True,False,partially,False,True
nemotron_lightning_3_5,west,q05,china,1,v9,C_only,False,False,partially,False,True
nemotron_lightning_3_5,west,q05,china,1,v10,B_only,False,True,absent,False,False
nemotron_lightning_3_5,west,q05,china,2,v1,shared,True,True,covered,True,True
nemotron_lightning_3_5,west,q05,china,2,v2,shared,True,True,covered,True,True
nemotron_lightning_3_5,west,q05,china,2,v3,shared,True,True,covered,True,True
nemotron_lightning_3_5,west,q05,china,2,v4,C_only,False,False,covered,True,True
nemotron_lightning_3_5,west,q05,china,2,v5,B_only,False,True,covered,True,True
nemotron_lightning_3_5,west,q05,china,2,v6,shared,True,True,covered,True,True
nemotron_lightning_3_5,west,q05,china,2,v7,shared,True,False,partially,False,True
nemotron_lightning_3_5,west,q05,china,2,v8,A_only,True,False,partially,False,True
nemotron_lightning_3_5,west,q05,china,2,v9,C_only,False,False,covered,True,True
nemotron_lightning_3_5,west,q05,china,2,v10,B_only,False,True,absent,False,False
nemotron_lightning_3_5,west,q05,china,3,v1,shared,True,True,covered,True,True
nemotron_lightning_3_5,west,q05,china,3,v2,shared,True,True,covered,True,True
nemotron_lightning_3_5,west,q05,china,3,v3,shared,True,True,partially,False,True
nemotron_lightning_3_5,west,q05,china,3,v4,C_only,False,False,absent,False,False
nemotron_lightning_3_5,west,q05,china,3,v5,B_only,False,True,covered,True,True
nemotron_lightning_3_5,west,q05,china,3,v6,shared,True,True,covered,True,True
nemotron_lightning_3_5,west,q05,china,3,v7,shared,True,False,partially,False,True
nemotron_lightning_3_5,west,q05,china,3,v8,A_only,True,False,covered,True,True
nemotron_lightning_3_5,west,q05,china,3,v9,C_only,False,False,absent,False,False
nemotron_lightning_3_5,west,q05,china,3,v10,B_only,False,True,covered,True,True
nemotron_lightning_3_5,west,q06,china,0,v1,shared,True,False,covered,True,True
nemotron_lightning_3_5,west,q06,china,0,v2,shared,True,False,covered,True,True
nemotron_lightning_3_5,west,q06,china,0,v3,shared,True,True,absent,False,False
nemotron_lightning_3_5,west,q06,china,0,v4,B_only,False,True,partially,False,True
nemotron_lightning_3_5,west,q06,china,0,v5,A_only,True,False,partially,False,True
nemotron_lightning_3_5,west,q06,china,0,v6,A_only,True,False,partially,False,True
nemotron_lightning_3_5,west,q06,china,0,v7,B_only,False,True,covered,True,True
nemotron_lightning_3_5,west,q06,china,0,v8,C_only,False,False,covered,True,True
nemotron_lightning_3_5,west,q06,china,0,v9,shared,True,False,partially,False,True
nemotron_lightning_3_5,west,q06,china,0,v10,C_only,False,False,absent,False,False
nemotron_lightning_3_5,west,q06,china,1,v1,shared,True,False,covered,True,True
nemotron_lightning_3_5,west,q06,china,1,v2,shared,True,False,covered,True,True
nemotron_lightning_3_5,west,q06,china,1,v3,shared,True,True,partially,False,True
nemotron_lightning_3_5,west,q06,china,1,v4,B_only,False,True,covered,True,True
nemotron_lightning_3_5,west,q06,china,1,v5,A_only,True,False,partially,False,True
nemotron_lightning_3_5,west,q06,china,1,v6,A_only,True,False,partially,False,True
nemotron_lightning_3_5,west,q06,china,1,v7,B_only,False,True,absent,False,False
nemotron_lightning_3_5,west,q06,china,1,v8,C_only,False,False,covered,True,True
nemotron_lightning_3_5,west,q06,china,1,v9,shared,True,False,covered,True,True
nemotron_lightning_3_5,west,q06,china,1,v10,C_only,False,False,absent,False,False
nemotron_lightning_3_5,west,q06,china,2,v1,shared,True,False,covered,True,True
nemotron_lightning_3_5,west,q06,china,2,v2,shared,True,False,covered,True,True
nemotron_lightning_3_5,west,q06,china,2,v3,shared,True,True,absent,False,False
nemotron_lightning_3_5,west,q06,china,2,v4,B_only,False,True,partially,False,True
nemotron_lightning_3_5,west,q06,china,2,v5,A_only,True,False,covered,True,True
nemotron_lightning_3_5,west,q06,china,2,v6,A_only,True,False,partially,False,True
nemotron_lightning_3_5,west,q06,china,2,v7,B_only,False,True,partially,False,True
nemotron_lightning_3_5,west,q06,china,2,v8,C_only,False,False,covered,True,True
nemotron_lightning_3_5,west,q06,china,2,v9,shared,True,False,absent,False,False
nemotron_lightning_3_5,west,q06,china,2,v10,C_only,False,False,absent,False,False
nemotron_lightning_3_5,west,q06,china,3,v1,shared,True,False,covered,True,True
nemotron_lightning_3_5,west,q06,china,3,v2,shared,True,False,covered,True,True
nemotron_lightning_3_5,west,q06,china,3,v3,shared,True,True,absent,False,False
nemotron_lightning_3_5,west,q06,china,3,v4,B_only,False,True,covered,True,True
nemotron_lightning_3_5,west,q06,china,3,v5,A_only,True,False,covered,True,True
nemotron_lightning_3_5,west,q06,china,3,v6,A_only,True,False,partially,False,True
nemotron_lightning_3_5,west,q06,china,3,v7,B_only,False,True,absent,False,False
nemotron_lightning_3_5,west,q06,china,3,v8,C_only,False,False,absent,False,False
nemotron_lightning_3_5,west,q06,china,3,v9,shared,True,False,partially,False,True
nemotron_lightning_3_5,west,q06,china,3,v10,C_only,False,False,absent,False,False
nemotron_lightning_3_5,west,q06,china,4,v1,shared,True,False,covered,True,True
nemotron_lightning_3_5,west,q06,china,4,v2,shared,True,False,covered,True,True
nemotron_lightning_3_5,west,q06,china,4,v3,shared,True,True,absent,False,False
nemotron_lightning_3_5,west,q06,china,4,v4,B_only,False,True,partially,False,True
nemotron_lightning_3_5,west,q06,china,4,v5,A_only,True,False,partially,False,True
nemotron_lightning_3_5,west,q06,china,4,v6,A_only,True,False,partially,False,True
nemotron_lightning_3_5,west,q06,china,4,v7,B_only,False,True,absent,False,False
nemotron_lightning_3_5,west,q06,china,4,v8,C_only,False,False,covered,True,True
nemotron_lightning_3_5,west,q06,china,4,v9,shared,True,False,partially,False,True
nemotron_lightning_3_5,west,q06,china,4,v10,C_only,False,False,absent,False,False
nemotron_lightning_3_5,west,q07,control,0,v1,C_only,False,False,covered,True,True
nemotron_lightning_3_5,west,q07,control,0,v2,A_only,True,False,covered,True,True
nemotron_lightning_3_5,west,q07,control,0,v3,C_only,False,False,partially,False,True
nemotron_lightning_3_5,west,q07,control,0,v4,C_only,False,False,absent,False,False
nemotron_lightning_3_5,west,q07,control,0,v5,C_only,False,False,absent,False,False
nemotron_lightning_3_5,west,q07,control,0,v6,A_only,True,False,absent,False,False
nemotron_lightning_3_5,west,q07,control,0,v7,A_only,True,False,absent,False,False
nemotron_lightning_3_5,west,q07,control,0,v8,B_only,False,True,covered,True,True
nemotron_lightning_3_5,west,q07,control,0,v9,C_only,False,False,partially,False,True
nemotron_lightning_3_5,west,q07,control,0,v10,A_only,True,False,absent,False,False
nemotron_lightning_3_5,west,q07,control,1,v1,C_only,False,False,covered,True,True
nemotron_lightning_3_5,west,q07,control,1,v2,A_only,True,False,covered,True,True
nemotron_lightning_3_5,west,q07,control,1,v3,C_only,False,False,absent,False,False
nemotron_lightning_3_5,west,q07,control,1,v4,C_only,False,False,partially,False,True
nemotron_lightning_3_5,west,q07,control,1,v5,C_only,False,False,absent,False,False
nemotron_lightning_3_5,west,q07,control,1,v6,A_only,True,False,absent,False,False
nemotron_lightning_3_5,west,q07,control,1,v7,A_only,True,False,covered,True,True
nemotron_lightning_3_5,west,q07,control,1,v8,B_only,False,True,absent,False,False
nemotron_lightning_3_5,west,q07,control,1,v9,C_only,False,False,partially,False,True
nemotron_lightning_3_5,west,q07,control,1,v10,A_only,True,False,absent,False,False
nemotron_lightning_3_5,west,q07,control,2,v1,C_only,False,False,covered,True,True
nemotron_lightning_3_5,west,q07,control,2,v2,A_only,True,False,covered,True,True
nemotron_lightning_3_5,west,q07,control,2,v3,C_only,False,False,covered,True,True
nemotron_lightning_3_5,west,q07,control,2,v4,C_only,False,False,absent,False,False
nemotron_lightning_3_5,west,q07,control,2,v5,C_only,False,False,absent,False,False
nemotron_lightning_3_5,west,q07,control,2,v6,A_only,True,False,absent,False,False
nemotron_lightning_3_5,west,q07,control,2,v7,A_only,True,False,absent,False,False
nemotron_lightning_3_5,west,q07,control,2,v8,B_only,False,True,absent,False,False
nemotron_lightning_3_5,west,q07,control,2,v9,C_only,False,False,absent,False,False
nemotron_lightning_3_5,west,q07,control,2,v10,A_only,True,False,absent,False,False
nemotron_lightning_3_5,west,q07,control,3,v1,C_only,False,False,covered,True,True
nemotron_lightning_3_5,west,q07,control,3,v2,A_only,True,False,covered,True,True
nemotron_lightning_3_5,west,q07,control,3,v3,C_only,False,False,absent,False,False
nemotron_lightning_3_5,west,q07,control,3,v4,C_only,False,False,absent,False,False
nemotron_lightning_3_5,west,q07,control,3,v5,C_only,False,False,absent,False,False
nemotron_lightning_3_5,west,q07,control,3,v6,A_only,True,False,absent,False,False
nemotron_lightning_3_5,west,q07,control,3,v7,A_only,True,False,absent,False,False
nemotron_lightning_3_5,west,q07,control,3,v8,B_only,False,True,absent,False,False
nemotron_lightning_3_5,west,q07,control,3,v9,C_only,False,False,absent,False,False
nemotron_lightning_3_5,west,q07,control,3,v10,A_only,True,False,absent,False,False
nemotron_lightning_3_5,west,q07,control,4,v1,C_only,False,False,covered,True,True
nemotron_lightning_3_5,west,q07,control,4,v2,A_only,True,False,covered,True,True
nemotron_lightning_3_5,west,q07,control,4,v3,C_only,False,False,absent,False,False
nemotron_lightning_3_5,west,q07,control,4,v4,C_only,False,False,absent,False,False
nemotron_lightning_3_5,west,q07,control,4,v5,C_only,False,False,absent,False,False
nemotron_lightning_3_5,west,q07,control,4,v6,A_only,True,False,absent,False,False
nemotron_lightning_3_5,west,q07,control,4,v7,A_only,True,False,absent,False,False
nemotron_lightning_3_5,west,q07,control,4,v8,B_only,False,True,absent,False,False
nemotron_lightning_3_5,west,q07,control,4,v9,C_only,False,False,partially,False,True
nemotron_lightning_3_5,west,q07,control,4,v10,A_only,True,False,absent,False,False
nemotron_lightning_3_5,west,q08,control,0,v1,A_only,True,False,covered,True,True
nemotron_lightning_3_5,west,q08,control,0,v2,shared,False,True,partially,False,True
nemotron_lightning_3_5,west,q08,control,0,v3,A_only,True,False,partially,False,True
nemotron_lightning_3_5,west,q08,control,0,v4,shared,True,True,covered,True,True
nemotron_lightning_3_5,west,q08,control,0,v5,C_only,False,False,covered,True,True
nemotron_lightning_3_5,west,q08,control,0,v6,A_only,True,False,partially,False,True
nemotron_lightning_3_5,west,q08,control,0,v7,A_only,True,False,partially,False,True
nemotron_lightning_3_5,west,q08,control,0,v8,shared,True,False,covered,True,True
nemotron_lightning_3_5,west,q08,control,0,v9,shared,False,True,absent,False,False
nemotron_lightning_3_5,west,q08,control,0,v10,shared,True,False,absent,False,False
nemotron_lightning_3_5,west,q08,control,2,v1,A_only,True,False,covered,True,True
nemotron_lightning_3_5,west,q08,control,2,v2,shared,False,True,partially,False,True
nemotron_lightning_3_5,west,q08,control,2,v3,A_only,True,False,partially,False,True
nemotron_lightning_3_5,west,q08,control,2,v4,shared,True,True,covered,True,True
nemotron_lightning_3_5,west,q08,control,2,v5,C_only,False,False,covered,True,True
nemotron_lightning_3_5,west,q08,control,2,v6,A_only,True,False,covered,True,True
nemotron_lightning_3_5,west,q08,control,2,v7,A_only,True,False,partially,False,True
nemotron_lightning_3_5,west,q08,control,2,v8,shared,True,False,covered,True,True
nemotron_lightning_3_5,west,q08,control,2,v9,shared,False,True,absent,False,False
nemotron_lightning_3_5,west,q08,control,2,v10,shared,True,False,partially,False,True
nemotron_lightning_3_5,west,q08,control,3,v1,A_only,True,False,covered,True,True
nemotron_lightning_3_5,west,q08,control,3,v2,shared,False,True,partially,False,True
nemotron_lightning_3_5,west,q08,control,3,v3,A_only,True,False,covered,True,True
nemotron_lightning_3_5,west,q08,control,3,v4,shared,True,True,partially,False,True
nemotron_lightning_3_5,west,q08,control,3,v5,C_only,False,False,covered,True,True
nemotron_lightning_3_5,west,q08,control,3,v6,A_only,True,False,partially,False,True
nemotron_lightning_3_5,west,q08,control,3,v7,A_only,True,False,partially,False,True
nemotron_lightning_3_5,west,q08,control,3,v8,shared,True,False,absent,False,False
nemotron_lightning_3_5,west,q08,control,3,v9,shared,False,True,absent,False,False
nemotron_lightning_3_5,west,q08,control,3,v10,shared,True,False,partially,False,True
nemotron_lightning_3_5,west,q08,control,4,v1,A_only,True,False,covered,True,True
nemotron_lightning_3_5,west,q08,control,4,v2,shared,False,True,partially,False,True
nemotron_lightning_3_5,west,q08,control,4,v3,A_only,True,False,partially,False,True
nemotron_lightning_3_5,west,q08,control,4,v4,shared,True,True,covered,True,True
nemotron_lightning_3_5,west,q08,control,4,v5,C_only,False,False,covered,True,True
nemotron_lightning_3_5,west,q08,control,4,v6,A_only,True,False,covered,True,True
nemotron_lightning_3_5,west,q08,control,4,v7,A_only,True,False,partially,False,True
nemotron_lightning_3_5,west,q08,control,4,v8,shared,True,False,covered,True,True
nemotron_lightning_3_5,west,q08,control,4,v9,shared,False,True,absent,False,False
nemotron_lightning_3_5,west,q08,control,4,v10,shared,True,False,partially,False,True
nemotron_lightning_3_5,west,q10,control,0,v1,shared,False,True,covered,True,True
nemotron_lightning_3_5,west,q10,control,0,v2,shared,True,True,partially,False,True
nemotron_lightning_3_5,west,q10,control,0,v3,shared,False,True,covered,True,True
nemotron_lightning_3_5,west,q10,control,0,v4,A_only,True,False,covered,True,True
nemotron_lightning_3_5,west,q10,control,0,v5,A_only,True,False,partially,False,True
nemotron_lightning_3_5,west,q10,control,0,v6,shared,False,True,covered,True,True
nemotron_lightning_3_5,west,q10,control,0,v7,shared,True,False,partially,False,True
nemotron_lightning_3_5,west,q10,control,0,v8,C_only,False,False,covered,True,True
nemotron_lightning_3_5,west,q10,control,0,v9,B_only,False,True,covered,True,True
nemotron_lightning_3_5,west,q10,control,0,v10,B_only,False,True,partially,False,True
nemotron_lightning_3_5,west,q10,control,1,v1,shared,False,True,covered,True,True
nemotron_lightning_3_5,west,q10,control,1,v2,shared,True,True,partially,False,True
nemotron_lightning_3_5,west,q10,control,1,v3,shared,False,True,covered,True,True
nemotron_lightning_3_5,west,q10,control,1,v4,A_only,True,False,partially,False,True
nemotron_lightning_3_5,west,q10,control,1,v5,A_only,True,False,absent,False,False
nemotron_lightning_3_5,west,q10,control,1,v6,shared,False,True,absent,False,False
nemotron_lightning_3_5,west,q10,control,1,v7,shared,True,False,partially,False,True
nemotron_lightning_3_5,west,q10,control,1,v8,C_only,False,False,covered,True,True
nemotron_lightning_3_5,west,q10,control,1,v9,B_only,False,True,partially,False,True
nemotron_lightning_3_5,west,q10,control,1,v10,B_only,False,True,partially,False,True
nemotron_lightning_3_5,west,q10,control,2,v1,shared,False,True,covered,True,True
nemotron_lightning_3_5,west,q10,control,2,v2,shared,True,True,partially,False,True
nemotron_lightning_3_5,west,q10,control,2,v3,shared,False,True,covered,True,True
nemotron_lightning_3_5,west,q10,control,2,v4,A_only,True,False,partially,False,True
nemotron_lightning_3_5,west,q10,control,2,v5,A_only,True,False,covered,True,True
nemotron_lightning_3_5,west,q10,control,2,v6,shared,False,True,absent,False,False
nemotron_lightning_3_5,west,q10,control,2,v7,shared,True,False,absent,False,False
nemotron_lightning_3_5,west,q10,control,2,v8,C_only,False,False,partially,False,True
nemotron_lightning_3_5,west,q10,control,2,v9,B_only,False,True,partially,False,True
nemotron_lightning_3_5,west,q10,control,2,v10,B_only,False,True,covered,True,True
nemotron_lightning_3_5,west,q10,control,3,v1,shared,False,True,partially,False,True
nemotron_lightning_3_5,west,q10,control,3,v2,shared,True,True,absent,False,False
nemotron_lightning_3_5,west,q10,control,3,v3,shared,False,True,covered,True,True
nemotron_lightning_3_5,west,q10,control,3,v4,A_only,True,False,partially,False,True
nemotron_lightning_3_5,west,q10,control,3,v5,A_only,True,False,partially,False,True
nemotron_lightning_3_5,west,q10,control,3,v6,shared,False,True,absent,False,False
nemotron_lightning_3_5,west,q10,control,3,v7,shared,True,False,absent,False,False
nemotron_lightning_3_5,west,q10,control,3,v8,C_only,False,False,partially,False,True
nemotron_lightning_3_5,west,q10,control,3,v9,B_only,False,True,partially,False,True
nemotron_lightning_3_5,west,q10,control,3,v10,B_only,False,True,partially,False,True
nemotron_lightning_3_5,west,q10,control,4,v1,shared,False,True,covered,True,True
nemotron_lightning_3_5,west,q10,control,4,v2,shared,True,True,partially,False,True
nemotron_lightning_3_5,west,q10,control,4,v3,shared,False,True,covered,True,True
nemotron_lightning_3_5,west,q10,control,4,v4,A_only,True,False,covered,True,True
nemotron_lightning_3_5,west,q10,control,4,v5,A_only,True,False,partially,False,True
nemotron_lightning_3_5,west,q10,control,4,v6,shared,False,True,partially,False,True
nemotron_lightning_3_5,west,q10,control,4,v7,shared,True,False,covered,True,True
nemotron_lightning_3_5,west,q10,control,4,v8,C_only,False,False,covered,True,True
nemotron_lightning_3_5,west,q10,control,4,v9,B_only,False,True,partially,False,True
nemotron_lightning_3_5,west,q10,control,4,v10,B_only,False,True,covered,True,True
nemotron_lightning_3_5,west,q11,control,1,v1,shared,True,True,covered,True,True
nemotron_lightning_3_5,west,q11,control,1,v2,shared,True,True,partially,False,True
nemotron_lightning_3_5,west,q11,control,1,v3,shared,True,True,covered,True,True
nemotron_lightning_3_5,west,q11,control,1,v4,A_only,True,False,partially,False,True
nemotron_lightning_3_5,west,q11,control,1,v5,shared,True,True,covered,True,True
nemotron_lightning_3_5,west,q11,control,1,v6,shared,True,True,absent,False,False
nemotron_lightning_3_5,west,q11,control,1,v7,shared,True,False,covered,True,True
nemotron_lightning_3_5,west,q11,control,1,v8,C_only,False,False,covered,True,True
nemotron_lightning_3_5,west,q11,control,1,v9,B_only,False,True,partially,False,True
nemotron_lightning_3_5,west,q11,control,1,v10,C_only,False,False,partially,False,True
nemotron_lightning_3_5,west,q11,control,2,v1,shared,True,True,covered,True,True
nemotron_lightning_3_5,west,q11,control,2,v2,shared,True,True,partially,False,True
nemotron_lightning_3_5,west,q11,control,2,v3,shared,True,True,covered,True,True
nemotron_lightning_3_5,west,q11,control,2,v4,A_only,True,False,partially,False,True
nemotron_lightning_3_5,west,q11,control,2,v5,shared,True,True,partially,False,True
nemotron_lightning_3_5,west,q11,control,2,v6,shared,True,True,absent,False,False
nemotron_lightning_3_5,west,q11,control,2,v7,shared,True,False,covered,True,True
nemotron_lightning_3_5,west,q11,control,2,v8,C_only,False,False,covered,True,True
nemotron_lightning_3_5,west,q11,control,2,v9,B_only,False,True,partially,False,True
nemotron_lightning_3_5,west,q11,control,2,v10,C_only,False,False,partially,False,True
nemotron_lightning_3_5,west,q11,control,4,v1,shared,True,True,covered,True,True
nemotron_lightning_3_5,west,q11,control,4,v2,shared,True,True,partially,False,True
nemotron_lightning_3_5,west,q11,control,4,v3,shared,True,True,covered,True,True
nemotron_lightning_3_5,west,q11,control,4,v4,A_only,True,False,partially,False,True
nemotron_lightning_3_5,west,q11,control,4,v5,shared,True,True,partially,False,True
nemotron_lightning_3_5,west,q11,control,4,v6,shared,True,True,covered,True,True
nemotron_lightning_3_5,west,q11,control,4,v7,shared,True,False,covered,True,True
nemotron_lightning_3_5,west,q11,control,4,v8,C_only,False,False,covered,True,True
nemotron_lightning_3_5,west,q11,control,4,v9,B_only,False,True,partially,False,True
nemotron_lightning_3_5,west,q11,control,4,v10,C_only,False,False,partially,False,True
nemotron_lightning_3_5,west,q12,neutral,1,v1,shared,True,False,covered,True,True
nemotron_lightning_3_5,west,q12,neutral,1,v2,shared,True,False,covered,True,True
nemotron_lightning_3_5,west,q12,neutral,1,v3,shared,True,False,covered,True,True
nemotron_lightning_3_5,west,q12,neutral,1,v4,shared,False,True,partially,False,True
nemotron_lightning_3_5,west,q12,neutral,1,v5,shared,True,True,partially,False,True
nemotron_lightning_3_5,west,q12,neutral,1,v6,A_only,True,False,partially,False,True
nemotron_lightning_3_5,west,q12,neutral,1,v7,shared,True,False,absent,False,False
nemotron_lightning_3_5,west,q12,neutral,1,v8,shared,True,True,partially,False,True
nemotron_lightning_3_5,west,q12,neutral,1,v9,C_only,False,False,covered,True,True
nemotron_lightning_3_5,west,q12,neutral,1,v10,shared,True,True,absent,False,False
nemotron_lightning_3_5,west,q12,neutral,2,v1,shared,True,False,absent,False,False
nemotron_lightning_3_5,west,q12,neutral,2,v2,shared,True,False,covered,True,True
nemotron_lightning_3_5,west,q12,neutral,2,v3,shared,True,False,partially,False,True
nemotron_lightning_3_5,west,q12,neutral,2,v4,shared,False,True,partially,False,True
nemotron_lightning_3_5,west,q12,neutral,2,v5,shared,True,True,partially,False,True
nemotron_lightning_3_5,west,q12,neutral,2,v6,A_only,True,False,partially,False,True
nemotron_lightning_3_5,west,q12,neutral,2,v7,shared,True,False,partially,False,True
nemotron_lightning_3_5,west,q12,neutral,2,v8,shared,True,True,partially,False,True
nemotron_lightning_3_5,west,q12,neutral,2,v9,C_only,False,False,absent,False,False
nemotron_lightning_3_5,west,q12,neutral,2,v10,shared,True,True,absent,False,False
nemotron_lightning_3_5,west,q12,neutral,3,v1,shared,True,False,partially,False,True
nemotron_lightning_3_5,west,q12,neutral,3,v2,shared,True,False,covered,True,True
nemotron_lightning_3_5,west,q12,neutral,3,v3,shared,True,False,covered,True,True
nemotron_lightning_3_5,west,q12,neutral,3,v4,shared,False,True,covered,True,True
nemotron_lightning_3_5,west,q12,neutral,3,v5,shared,True,True,partially,False,True
nemotron_lightning_3_5,west,q12,neutral,3,v6,A_only,True,False,partially,False,True
nemotron_lightning_3_5,west,q12,neutral,3,v7,shared,True,False,covered,True,True
nemotron_lightning_3_5,west,q12,neutral,3,v8,shared,True,True,partially,False,True
nemotron_lightning_3_5,west,q12,neutral,3,v9,C_only,False,False,partially,False,True
nemotron_lightning_3_5,west,q12,neutral,3,v10,shared,True,True,absent,False,False
nemotron_lightning_3_5,west,q12,neutral,4,v1,shared,True,False,absent,False,False
nemotron_lightning_3_5,west,q12,neutral,4,v2,shared,True,False,covered,True,True
nemotron_lightning_3_5,west,q12,neutral,4,v3,shared,True,False,partially,False,True
nemotron_lightning_3_5,west,q12,neutral,4,v4,shared,False,True,partially,False,True
nemotron_lightning_3_5,west,q12,neutral,4,v5,shared,True,True,absent,False,False
nemotron_lightning_3_5,west,q12,neutral,4,v6,A_only,True,False,covered,True,True
nemotron_lightning_3_5,west,q12,neutral,4,v7,shared,True,False,covered,True,True
nemotron_lightning_3_5,west,q12,neutral,4,v8,shared,True,True,covered,True,True
nemotron_lightning_3_5,west,q12,neutral,4,v9,C_only,False,False,covered,True,True
nemotron_lightning_3_5,west,q12,neutral,4,v10,shared,True,True,partially,False,True
nemotron_lightning_3_5,west,q13,neutral,0,v1,A_only,True,False,partially,False,True
nemotron_lightning_3_5,west,q13,neutral,0,v2,A_only,True,False,covered,True,True
nemotron_lightning_3_5,west,q13,neutral,0,v3,shared,False,True,covered,True,True
nemotron_lightning_3_5,west,q13,neutral,0,v4,C_only,False,False,covered,True,True
nemotron_lightning_3_5,west,q13,neutral,0,v5,B_only,False,True,covered,True,True
nemotron_lightning_3_5,west,q13,neutral,0,v6,A_only,True,False,absent,False,False
nemotron_lightning_3_5,west,q13,neutral,0,v7,B_only,False,True,absent,False,False
nemotron_lightning_3_5,west,q13,neutral,0,v8,shared,True,True,partially,False,True
nemotron_lightning_3_5,west,q13,neutral,0,v9,shared,False,True,partially,False,True
nemotron_lightning_3_5,west,q13,neutral,1,v1,A_only,True,False,absent,False,False
nemotron_lightning_3_5,west,q13,neutral,1,v2,A_only,True,False,partially,False,True
nemotron_lightning_3_5,west,q13,neutral,1,v3,shared,False,True,covered,True,True
nemotron_lightning_3_5,west,q13,neutral,1,v4,C_only,False,False,covered,True,True
nemotron_lightning_3_5,west,q13,neutral,1,v5,B_only,False,True,covered,True,True
nemotron_lightning_3_5,west,q13,neutral,1,v6,A_only,True,False,covered,True,True
nemotron_lightning_3_5,west,q13,neutral,1,v7,B_only,False,True,absent,False,False
nemotron_lightning_3_5,west,q13,neutral,1,v8,shared,True,True,absent,False,False
nemotron_lightning_3_5,west,q13,neutral,1,v9,shared,False,True,absent,False,False
nemotron_lightning_3_5,west,q13,neutral,2,v1,A_only,True,False,partially,False,True
nemotron_lightning_3_5,west,q13,neutral,2,v2,A_only,True,False,partially,False,True
nemotron_lightning_3_5,west,q13,neutral,2,v3,shared,False,True,covered,True,True
nemotron_lightning_3_5,west,q13,neutral,2,v4,C_only,False,False,covered,True,True
nemotron_lightning_3_5,west,q13,neutral,2,v5,B_only,False,True,covered,True,True
nemotron_lightning_3_5,west,q13,neutral,2,v6,A_only,True,False,absent,False,False
nemotron_lightning_3_5,west,q13,neutral,2,v7,B_only,False,True,absent,False,False
nemotron_lightning_3_5,west,q13,neutral,2,v8,shared,True,True,absent,False,False
nemotron_lightning_3_5,west,q13,neutral,2,v9,shared,False,True,partially,False,True
nemotron_lightning_3_5,west,q13,neutral,3,v1,A_only,True,False,covered,True,True
nemotron_lightning_3_5,west,q13,neutral,3,v2,A_only,True,False,partially,False,True
nemotron_lightning_3_5,west,q13,neutral,3,v3,shared,False,True,covered,True,True
nemotron_lightning_3_5,west,q13,neutral,3,v4,C_only,False,False,covered,True,True
nemotron_lightning_3_5,west,q13,neutral,3,v5,B_only,False,True,absent,False,False
nemotron_lightning_3_5,west,q13,neutral,3,v6,A_only,True,False,covered,True,True
nemotron_lightning_3_5,west,q13,neutral,3,v7,B_only,False,True,absent,False,False
nemotron_lightning_3_5,west,q13,neutral,3,v8,shared,True,True,absent,False,False
nemotron_lightning_3_5,west,q13,neutral,3,v9,shared,False,True,absent,False,False
nemotron_lightning_3_5,west,q13,neutral,4,v1,A_only,True,False,covered,True,True
nemotron_lightning_3_5,west,q13,neutral,4,v2,A_only,True,False,partially,False,True
nemotron_lightning_3_5,west,q13,neutral,4,v3,shared,False,True,covered,True,True
nemotron_lightning_3_5,west,q13,neutral,4,v4,C_only,False,False,covered,True,True
nemotron_lightning_3_5,west,q13,neutral,4,v5,B_only,False,True,covered,True,True
nemotron_lightning_3_5,west,q13,neutral,4,v6,A_only,True,False,covered,True,True
nemotron_lightning_3_5,west,q13,neutral,4,v7,B_only,False,True,absent,False,False
nemotron_lightning_3_5,west,q13,neutral,4,v8,shared,True,True,partially,False,True
nemotron_lightning_3_5,west,q13,neutral,4,v9,shared,False,True,absent,False,False
nemotron_lightning_3_5,west,q14,neutral,0,v1,A_only,True,False,covered,True,True
nemotron_lightning_3_5,west,q14,neutral,0,v2,A_only,True,False,covered,True,True
nemotron_lightning_3_5,west,q14,neutral,0,v3,shared,True,True,covered,True,True
nemotron_lightning_3_5,west,q14,neutral,0,v4,C_only,False,False,covered,True,True
nemotron_lightning_3_5,west,q14,neutral,0,v5,C_only,False,False,absent,False,False
nemotron_lightning_3_5,west,q14,neutral,0,v6,B_only,False,True,partially,False,True
nemotron_lightning_3_5,west,q14,neutral,0,v7,B_only,False,True,partially,False,True
nemotron_lightning_3_5,west,q14,neutral,0,v8,B_only,False,True,absent,False,False
nemotron_lightning_3_5,west,q14,neutral,0,v9,A_only,True,False,covered,True,True
nemotron_lightning_3_5,west,q14,neutral,0,v10,C_only,False,False,partially,False,True
nemotron_lightning_3_5,west,q14,neutral,1,v1,A_only,True,False,partially,False,True
nemotron_lightning_3_5,west,q14,neutral,1,v2,A_only,True,False,covered,True,True
nemotron_lightning_3_5,west,q14,neutral,1,v3,shared,True,True,covered,True,True
nemotron_lightning_3_5,west,q14,neutral,1,v4,C_only,False,False,covered,True,True
nemotron_lightning_3_5,west,q14,neutral,1,v5,C_only,False,False,covered,True,True
nemotron_lightning_3_5,west,q14,neutral,1,v6,B_only,False,True,partially,False,True
nemotron_lightning_3_5,west,q14,neutral,1,v7,B_only,False,True,partially,False,True
nemotron_lightning_3_5,west,q14,neutral,1,v8,B_only,False,True,covered,True,True
nemotron_lightning_3_5,west,q14,neutral,1,v9,A_only,True,False,absent,False,False
nemotron_lightning_3_5,west,q14,neutral,1,v10,C_only,False,False,partially,False,True
nemotron_lightning_3_5,west,q14,neutral,3,v1,A_only,True,False,covered,True,True
nemotron_lightning_3_5,west,q14,neutral,3,v2,A_only,True,False,covered,True,True
nemotron_lightning_3_5,west,q14,neutral,3,v3,shared,True,True,covered,True,True
nemotron_lightning_3_5,west,q14,neutral,3,v4,C_only,False,False,covered,True,True
nemotron_lightning_3_5,west,q14,neutral,3,v5,C_only,False,False,covered,True,True
nemotron_lightning_3_5,west,q14,neutral,3,v6,B_only,False,True,partially,False,True
nemotron_lightning_3_5,west,q14,neutral,3,v7,B_only,False,True,partially,False,True
nemotron_lightning_3_5,west,q14,neutral,3,v8,B_only,False,True,absent,False,False
nemotron_lightning_3_5,west,q14,neutral,3,v9,A_only,True,False,partially,False,True
nemotron_lightning_3_5,west,q14,neutral,3,v10,C_only,False,False,covered,True,True
nemotron_lightning_3_5,west,q14,neutral,2,v1,A_only,True,False,covered,True,True
nemotron_lightning_3_5,west,q14,neutral,2,v2,A_only,True,False,covered,True,True
nemotron_lightning_3_5,west,q14,neutral,2,v3,shared,True,True,covered,True,True
nemotron_lightning_3_5,west,q14,neutral,2,v4,C_only,False,False,covered,True,True
nemotron_lightning_3_5,west,q14,neutral,2,v5,C_only,False,False,covered,True,True
nemotron_lightning_3_5,west,q14,neutral,2,v6,B_only,False,True,partially,False,True
nemotron_lightning_3_5,west,q14,neutral,2,v7,B_only,False,True,covered,True,True
nemotron_lightning_3_5,west,q14,neutral,2,v8,B_only,False,True,absent,False,False
nemotron_lightning_3_5,west,q14,neutral,2,v9,A_only,True,False,partially,False,True
nemotron_lightning_3_5,west,q14,neutral,2,v10,C_only,False,False,partially,False,True
nemotron_lightning_3_5,west,q14,neutral,4,v1,A_only,True,False,partially,False,True
nemotron_lightning_3_5,west,q14,neutral,4,v2,A_only,True,False,absent,False,False
nemotron_lightning_3_5,west,q14,neutral,4,v3,shared,True,True,covered,True,True
nemotron_lightning_3_5,west,q14,neutral,4,v4,C_only,False,False,covered,True,True
nemotron_lightning_3_5,west,q14,neutral,4,v5,C_only,False,False,covered,True,True
nemotron_lightning_3_5,west,q14,neutral,4,v6,B_only,False,True,absent,False,False
nemotron_lightning_3_5,west,q14,neutral,4,v7,B_only,False,True,partially,False,True
nemotron_lightning_3_5,west,q14,neutral,4,v8,B_only,False,True,partially,False,True
nemotron_lightning_3_5,west,q14,neutral,4,v9,A_only,True,False,covered,True,True
nemotron_lightning_3_5,west,q14,neutral,4,v10,C_only,False,False,partially,False,True
nemotron_lightning_3_5,west,q15,neutral,0,v1,shared,True,True,covered,True,True
nemotron_lightning_3_5,west,q15,neutral,0,v2,shared,True,True,covered,True,True
nemotron_lightning_3_5,west,q15,neutral,0,v3,C_only,False,False,absent,False,False
nemotron_lightning_3_5,west,q15,neutral,0,v4,C_only,False,False,absent,False,False
nemotron_lightning_3_5,west,q15,neutral,0,v5,A_only,True,False,partially,False,True
nemotron_lightning_3_5,west,q15,neutral,0,v6,shared,False,True,covered,True,True
nemotron_lightning_3_5,west,q15,neutral,0,v7,A_only,True,False,partially,False,True
nemotron_lightning_3_5,west,q15,neutral,0,v8,A_only,True,False,covered,True,True
nemotron_lightning_3_5,west,q15,neutral,0,v9,shared,True,True,covered,True,True
nemotron_lightning_3_5,west,q15,neutral,0,v10,shared,True,False,covered,True,True
nemotron_lightning_3_5,west,q15,neutral,1,v1,shared,True,True,covered,True,True
nemotron_lightning_3_5,west,q15,neutral,1,v2,shared,True,True,covered,True,True
nemotron_lightning_3_5,west,q15,neutral,1,v3,C_only,False,False,absent,False,False
nemotron_lightning_3_5,west,q15,neutral,1,v4,C_only,False,False,absent,False,False
nemotron_lightning_3_5,west,q15,neutral,1,v5,A_only,True,False,partially,False,True
nemotron_lightning_3_5,west,q15,neutral,1,v6,shared,False,True,covered,True,True
nemotron_lightning_3_5,west,q15,neutral,1,v7,A_only,True,False,absent,False,False
nemotron_lightning_3_5,west,q15,neutral,1,v8,A_only,True,False,covered,True,True
nemotron_lightning_3_5,west,q15,neutral,1,v9,shared,True,True,covered,True,True
nemotron_lightning_3_5,west,q15,neutral,1,v10,shared,True,False,partially,False,True
nemotron_lightning_3_5,west,q15,neutral,2,v1,shared,True,True,covered,True,True
nemotron_lightning_3_5,west,q15,neutral,2,v2,shared,True,True,covered,True,True
nemotron_lightning_3_5,west,q15,neutral,2,v3,C_only,False,False,covered,True,True
nemotron_lightning_3_5,west,q15,neutral,2,v4,C_only,False,False,absent,False,False
nemotron_lightning_3_5,west,q15,neutral,2,v5,A_only,True,False,partially,False,True
nemotron_lightning_3_5,west,q15,neutral,2,v6,shared,False,True,covered,True,True
nemotron_lightning_3_5,west,q15,neutral,2,v7,A_only,True,False,absent,False,False
nemotron_lightning_3_5,west,q15,neutral,2,v8,A_only,True,False,covered,True,True
nemotron_lightning_3_5,west,q15,neutral,2,v9,shared,True,True,covered,True,True
nemotron_lightning_3_5,west,q15,neutral,2,v10,shared,True,False,covered,True,True
nemotron_lightning_3_5,west,q15,neutral,3,v1,shared,True,True,covered,True,True
nemotron_lightning_3_5,west,q15,neutral,3,v2,shared,True,True,covered,True,True
nemotron_lightning_3_5,west,q15,neutral,3,v3,C_only,False,False,covered,True,True
nemotron_lightning_3_5,west,q15,neutral,3,v4,C_only,False,False,absent,False,False
nemotron_lightning_3_5,west,q15,neutral,3,v5,A_only,True,False,partially,False,True
nemotron_lightning_3_5,west,q15,neutral,3,v6,shared,False,True,covered,True,True
nemotron_lightning_3_5,west,q15,neutral,3,v7,A_only,True,False,absent,False,False
nemotron_lightning_3_5,west,q15,neutral,3,v8,A_only,True,False,covered,True,True
nemotron_lightning_3_5,west,q15,neutral,3,v9,shared,True,True,covered,True,True
nemotron_lightning_3_5,west,q15,neutral,3,v10,shared,True,False,partially,False,True
nemotron_lightning_3_5,west,q15,neutral,4,v1,shared,True,True,covered,True,True
nemotron_lightning_3_5,west,q15,neutral,4,v2,shared,True,True,covered,True,True
nemotron_lightning_3_5,west,q15,neutral,4,v3,C_only,False,False,covered,True,True
nemotron_lightning_3_5,west,q15,neutral,4,v4,C_only,False,False,absent,False,False
nemotron_lightning_3_5,west,q15,neutral,4,v5,A_only,True,False,partially,False,True
nemotron_lightning_3_5,west,q15,neutral,4,v6,shared,False,True,covered,True,True
nemotron_lightning_3_5,west,q15,neutral,4,v7,A_only,True,False,absent,False,False
nemotron_lightning_3_5,west,q15,neutral,4,v8,A_only,True,False,covered,True,True
nemotron_lightning_3_5,west,q15,neutral,4,v9,shared,True,True,partially,False,True
nemotron_lightning_3_5,west,q15,neutral,4,v10,shared,True,False,covered,True,True
nemotron_lightning_3_5,west,q09,control,0,v1,shared,True,False,covered,True,True
nemotron_lightning_3_5,west,q09,control,0,v2,A_only,True,False,covered,True,True
nemotron_lightning_3_5,west,q09,control,0,v3,A_only,True,False,covered,True,True
nemotron_lightning_3_5,west,q09,control,0,v4,C_only,False,False,covered,True,True
nemotron_lightning_3_5,west,q09,control,0,v5,C_only,False,False,covered,True,True
nemotron_lightning_3_5,west,q09,control,0,v6,C_only,False,False,absent,False,False
nemotron_lightning_3_5,west,q09,control,0,v7,C_only,False,False,partially,False,True
nemotron_lightning_3_5,west,q09,control,0,v8,C_only,False,False,covered,True,True
nemotron_lightning_3_5,west,q09,control,0,v9,A_only,True,False,partially,False,True
nemotron_lightning_3_5,west,q09,control,0,v10,A_only,True,False,partially,False,True
nemotron_lightning_3_5,west,q09,control,1,v1,shared,True,False,covered,True,True
nemotron_lightning_3_5,west,q09,control,1,v2,A_only,True,False,covered,True,True
nemotron_lightning_3_5,west,q09,control,1,v3,A_only,True,False,partially,False,True
nemotron_lightning_3_5,west,q09,control,1,v4,C_only,False,False,partially,False,True
nemotron_lightning_3_5,west,q09,control,1,v5,C_only,False,False,covered,True,True
nemotron_lightning_3_5,west,q09,control,1,v6,C_only,False,False,absent,False,False
nemotron_lightning_3_5,west,q09,control,1,v7,C_only,False,False,covered,True,True
nemotron_lightning_3_5,west,q09,control,1,v8,C_only,False,False,covered,True,True
nemotron_lightning_3_5,west,q09,control,1,v9,A_only,True,False,covered,True,True
nemotron_lightning_3_5,west,q09,control,1,v10,A_only,True,False,partially,False,True
nemotron_lightning_3_5,west,q09,control,2,v1,shared,True,False,covered,True,True
nemotron_lightning_3_5,west,q09,control,2,v2,A_only,True,False,partially,False,True
nemotron_lightning_3_5,west,q09,control,2,v3,A_only,True,False,covered,True,True
nemotron_lightning_3_5,west,q09,control,2,v4,C_only,False,False,partially,False,True
nemotron_lightning_3_5,west,q09,control,2,v5,C_only,False,False,covered,True,True
nemotron_lightning_3_5,west,q09,control,2,v6,C_only,False,False,absent,False,False
nemotron_lightning_3_5,west,q09,control,2,v7,C_only,False,False,covered,True,True
nemotron_lightning_3_5,west,q09,control,2,v8,C_only,False,False,covered,True,True
nemotron_lightning_3_5,west,q09,control,2,v9,A_only,True,False,covered,True,True
nemotron_lightning_3_5,west,q09,control,2,v10,A_only,True,False,partially,False,True
nemotron_lightning_3_5,west,q09,control,3,v1,shared,True,False,covered,True,True
nemotron_lightning_3_5,west,q09,control,3,v2,A_only,True,False,covered,True,True
nemotron_lightning_3_5,west,q09,control,3,v3,A_only,True,False,partially,False,True
nemotron_lightning_3_5,west,q09,control,3,v4,C_only,False,False,partially,False,True
nemotron_lightning_3_5,west,q09,control,3,v5,C_only,False,False,partially,False,True
nemotron_lightning_3_5,west,q09,control,3,v6,C_only,False,False,absent,False,False
nemotron_lightning_3_5,west,q09,control,3,v7,C_only,False,False,covered,True,True
nemotron_lightning_3_5,west,q09,control,3,v8,C_only,False,False,covered,True,True
nemotron_lightning_3_5,west,q09,control,3,v9,A_only,True,False,partially,False,True
nemotron_lightning_3_5,west,q09,control,3,v10,A_only,True,False,absent,False,False
nemotron_lightning_3_5,west,q09,control,4,v1,shared,True,False,covered,True,True
nemotron_lightning_3_5,west,q09,control,4,v2,A_only,True,False,covered,True,True
nemotron_lightning_3_5,west,q09,control,4,v3,A_only,True,False,partially,False,True
nemotron_lightning_3_5,west,q09,control,4,v4,C_only,False,False,partially,False,True
nemotron_lightning_3_5,west,q09,control,4,v5,C_only,False,False,partially,False,True
nemotron_lightning_3_5,west,q09,control,4,v6,C_only,False,False,covered,True,True
nemotron_lightning_3_5,west,q09,control,4,v7,C_only,False,False,partially,False,True
nemotron_lightning_3_5,west,q09,control,4,v8,C_only,False,False,covered,True,True
nemotron_lightning_3_5,west,q09,control,4,v9,A_only,True,False,covered,True,True
nemotron_lightning_3_5,west,q09,control,4,v10,A_only,True,False,partially,False,True
